{"type":"FeatureCollection","xSupplyMesh":{"generated":true,"fixtureSchemaVersion":1,"provider":"openrouteservice","profile":"driving-hgv","generatedAt":"2026-08-29T00:42:35.649Z","manifestRevision":"8285a93bbdddacb5dd47452348a1f1c56d2b649f913248a81caaa33e05616cd3","sourceRevision":"16e9952c577cfcc7de3e1cd8bfbc1ea068557c049d5674052b3b1e74fcacc439","routeCount":15},"features":[{"type":"Feature","properties":{"routeId":"route-001","originId":"madrid","destinationId":"bilbao","logicalEndpoints":[[-3.7038,40.4168],[-2.9349,43.263]],"returnedEndpoints":[[-3.705065,40.416454],[-2.934582,43.263268]],"snapDistancesMeters":[113.79408158125304,39.38403512985325],"summary":{"distanceMeters":404051.4,"durationSeconds":22842},"riskSnaps":[{"riskId":"rest-deadline-vehicle-001","kind":"segment","startIndex":3051,"endIndex":3052,"startCoordinate":[-3.015221,42.677932],"endCoordinate":[-3.013194,42.679192]},{"riskId":"restriction-height-3.9","kind":"point","startIndex":2034,"endIndex":2034,"startCoordinate":[-3.742727,42.05633],"endCoordinate":[-3.742727,42.05633]}]},"geometry":{"type":"LineString","coordinates":[[-3.705065,40.416454],[-3.705191,40.415814],[-3.705513,40.415284],[-3.705643,40.414877],[-3.70567,40.414853],[-3.705777,40.414828],[-3.706331,40.414773],[-3.706441,40.414749],[-3.706813,40.414685],[-3.706996,40.414638],[-3.707163,40.414415],[-3.707235,40.41436],[-3.707424,40.414326],[-3.707522,40.414284],[-3.707563,40.414238],[-3.70758,40.414161],[-3.707526,40.413804],[-3.707485,40.413688],[-3.707437,40.413611],[-3.707541,40.413583],[-3.707668,40.413579],[-3.707964,40.41363],[-3.708133,40.413683],[-3.708244,40.413722],[-3.708484,40.413783],[-3.708679,40.41377],[-3.708924,40.413745],[-3.709161,40.413725],[-3.709779,40.413644],[-3.710088,40.413544],[-3.710277,40.413492],[-3.710451,40.413518],[-3.711662,40.413825],[-3.711946,40.413901],[-3.712451,40.413901],[-3.713859,40.413903],[-3.715303,40.413904],[-3.716882,40.413906],[-3.718767,40.413939],[-3.719409,40.413948],[-3.719791,40.413955],[-3.720465,40.413962],[-3.720966,40.413977],[-3.721291,40.413987],[-3.721955,40.414006],[-3.723754,40.414043],[-3.723784,40.414043],[-3.723926,40.414045],[-3.7242,40.414047],[-3.724914,40.414044],[-3.724924,40.413899],[-3.724473,40.413892],[-3.724271,40.41382],[-3.724239,40.41379],[-3.724208,40.4137],[-3.724211,40.413255],[-3.724051,40.412775],[-3.7236,40.411984],[-3.723325,40.411619],[-3.723222,40.411428],[-3.722957,40.410964],[-3.722912,40.410836],[-3.72286,40.410768],[-3.722582,40.410011],[-3.722258,40.40948],[-3.722185,40.408983],[-3.722218,40.408528],[-3.722293,40.408072],[-3.722894,40.406425],[-3.723057,40.40568],[-3.723114,40.404812],[-3.722998,40.403385],[-3.722854,40.402817],[-3.722616,40.401773],[-3.722435,40.401311],[-3.722214,40.40092],[-3.721608,40.400407],[-3.721211,40.400143],[-3.720691,40.399891],[-3.719836,40.399632],[-3.719448,40.399541],[-3.719054,40.399495],[-3.71846,40.399488],[-3.717414,40.399559],[-3.717075,40.399572],[-3.716429,40.399621],[-3.715842,40.399591],[-3.714772,40.399357],[-3.714353,40.399197],[-3.71403,40.399026],[-3.712967,40.39816],[-3.711714,40.397304],[-3.710932,40.396886],[-3.710715,40.396763],[-3.709975,40.396405],[-3.708943,40.396023],[-3.70477,40.394865],[-3.702848,40.394521],[-3.701927,40.394382],[-3.700751,40.394094],[-3.700016,40.393859],[-3.699391,40.393602],[-3.698855,40.393347],[-3.697801,40.392761],[-3.695834,40.391396],[-3.695306,40.391107],[-3.694467,40.390564],[-3.693698,40.390202],[-3.691981,40.389458],[-3.69073,40.389153],[-3.689442,40.38891],[-3.687721,40.388769],[-3.686059,40.388742],[-3.684663,40.388863],[-3.683264,40.389113],[-3.681488,40.389582],[-3.679963,40.3902],[-3.676749,40.391751],[-3.673731,40.393501],[-3.672397,40.394534],[-3.671184,40.395857],[-3.670431,40.396639],[-3.669967,40.397188],[-3.668592,40.399141],[-3.667975,40.400071],[-3.667468,40.401052],[-3.666972,40.402343],[-3.666662,40.403161],[-3.666313,40.403981],[-3.665874,40.404901],[-3.66544,40.405725],[-3.664715,40.407083],[-3.664494,40.407392],[-3.663823,40.408882],[-3.663431,40.409716],[-3.663013,40.410528],[-3.662213,40.41189],[-3.661772,40.412576],[-3.660717,40.41422],[-3.660448,40.414665],[-3.659713,40.415861],[-3.659235,40.416684],[-3.658968,40.417258],[-3.658827,40.417665],[-3.658752,40.41794],[-3.658672,40.418387],[-3.658619,40.418659],[-3.658624,40.418859],[-3.658636,40.419366],[-3.658676,40.419722],[-3.658693,40.419861],[-3.658945,40.421315],[-3.658991,40.421618],[-3.659211,40.423108],[-3.659353,40.423969],[-3.659661,40.425224],[-3.659926,40.426234],[-3.660086,40.426899],[-3.660099,40.426973],[-3.660144,40.427243],[-3.66031,40.428522],[-3.660497,40.429862],[-3.660626,40.430975],[-3.660634,40.431376],[-3.66061,40.431787],[-3.660588,40.432024],[-3.660474,40.432575],[-3.660288,40.433316],[-3.659256,40.438073],[-3.659076,40.439294],[-3.659033,40.439804],[-3.659038,40.440472],[-3.659068,40.440928],[-3.659128,40.441468],[-3.659243,40.441992],[-3.659506,40.442835],[-3.659731,40.443396],[-3.660558,40.444967],[-3.660924,40.445671],[-3.661161,40.446173],[-3.661608,40.447257],[-3.662168,40.448823],[-3.662512,40.45027],[-3.662758,40.451282],[-3.662957,40.452497],[-3.663261,40.455146],[-3.663416,40.456039],[-3.663651,40.456946],[-3.663765,40.457628],[-3.663974,40.458321],[-3.664371,40.459398],[-3.664794,40.460336],[-3.66498,40.460692],[-3.665453,40.461508],[-3.666155,40.462681],[-3.667821,40.465773],[-3.668715,40.467274],[-3.669667,40.46868],[-3.67066,40.46991],[-3.672125,40.471627],[-3.672559,40.472199],[-3.673303,40.473427],[-3.673644,40.47414],[-3.673935,40.474929],[-3.674099,40.475689],[-3.674266,40.476759],[-3.674295,40.477429],[-3.674287,40.477872],[-3.674212,40.478716],[-3.674114,40.479324],[-3.673831,40.480681],[-3.673715,40.481326],[-3.67358,40.482204],[-3.673474,40.482928],[-3.673191,40.485994],[-3.67308,40.48692],[-3.672977,40.48772],[-3.672821,40.488601],[-3.672602,40.489442],[-3.672496,40.489788],[-3.672198,40.490454],[-3.67194,40.490911],[-3.67161,40.491365],[-3.671231,40.491814],[-3.670632,40.492409],[-3.669798,40.49309],[-3.666424,40.495733],[-3.665147,40.496752],[-3.663079,40.498473],[-3.662386,40.499069],[-3.661877,40.499585],[-3.660588,40.501118],[-3.659206,40.50281],[-3.65888,40.503246],[-3.658569,40.503777],[-3.658323,40.504283],[-3.65823,40.504569],[-3.658165,40.504846],[-3.658061,40.505429],[-3.658059,40.506228],[-3.658194,40.508589],[-3.6582,40.50901],[-3.658166,40.509678],[-3.658112,40.510098],[-3.658049,40.510416],[-3.657955,40.510719],[-3.657809,40.511108],[-3.657622,40.511505],[-3.65741,40.511865],[-3.657188,40.512175],[-3.656826,40.512566],[-3.656274,40.513102],[-3.655321,40.513966],[-3.654495,40.514768],[-3.653986,40.515314],[-3.653554,40.515884],[-3.6532,40.516519],[-3.652921,40.517191],[-3.652444,40.519235],[-3.652279,40.51997],[-3.652152,40.52039],[-3.651953,40.520889],[-3.651467,40.521666],[-3.650383,40.523265],[-3.649719,40.524046],[-3.649082,40.524856],[-3.648889,40.525127],[-3.648503,40.525794],[-3.648221,40.526344],[-3.648021,40.52671],[-3.647638,40.527347],[-3.647396,40.527689],[-3.647119,40.528019],[-3.646775,40.528388],[-3.64589,40.529211],[-3.645447,40.529541],[-3.644907,40.529958],[-3.644667,40.530122],[-3.644232,40.530421],[-3.643682,40.530751],[-3.642693,40.531311],[-3.641819,40.531724],[-3.640689,40.532176],[-3.640014,40.532401],[-3.638976,40.532664],[-3.63836,40.532786],[-3.637486,40.532914],[-3.636838,40.532978],[-3.636189,40.533018],[-3.635796,40.533013],[-3.635239,40.533008],[-3.634611,40.532974],[-3.634002,40.532922],[-3.633312,40.532816],[-3.632685,40.532696],[-3.632142,40.532578],[-3.631325,40.532357],[-3.630834,40.532219],[-3.629928,40.531978],[-3.629054,40.531789],[-3.628403,40.531682],[-3.627745,40.531602],[-3.626378,40.531514],[-3.625173,40.531499],[-3.623987,40.531543],[-3.622808,40.53165],[-3.621661,40.531835],[-3.620465,40.532057],[-3.61902,40.532448],[-3.618266,40.53268],[-3.617108,40.533111],[-3.616541,40.533371],[-3.616039,40.5336],[-3.615094,40.534099],[-3.613869,40.534835],[-3.613222,40.535283],[-3.612732,40.53569],[-3.612379,40.535982],[-3.611585,40.536698],[-3.610988,40.537334],[-3.610544,40.537852],[-3.610227,40.538267],[-3.609597,40.539178],[-3.60951,40.539319],[-3.609113,40.540082],[-3.608778,40.540839],[-3.608633,40.541216],[-3.608367,40.542045],[-3.608165,40.542835],[-3.608061,40.543441],[-3.607965,40.544348],[-3.607944,40.54518],[-3.608003,40.547371],[-3.608055,40.548421],[-3.60802,40.549217],[-3.607957,40.550102],[-3.607831,40.550832],[-3.607614,40.551526],[-3.607278,40.552308],[-3.606868,40.553068],[-3.606321,40.553775],[-3.605712,40.554453],[-3.604991,40.555129],[-3.604326,40.555642],[-3.600008,40.558631],[-3.598607,40.55961],[-3.595382,40.561857],[-3.594592,40.562418],[-3.593844,40.562915],[-3.593006,40.563508],[-3.591999,40.564354],[-3.591469,40.564877],[-3.590854,40.565581],[-3.590121,40.566487],[-3.589171,40.567816],[-3.588202,40.569405],[-3.587721,40.570409],[-3.587294,40.571229],[-3.586648,40.572959],[-3.586302,40.574112],[-3.58587,40.575833],[-3.585335,40.578508],[-3.585198,40.579161],[-3.583762,40.585928],[-3.581672,40.595803],[-3.580356,40.601989],[-3.579802,40.604566],[-3.57967,40.605335],[-3.579583,40.606317],[-3.579592,40.607302],[-3.579695,40.60826],[-3.579773,40.60871],[-3.57997,40.609539],[-3.580066,40.609878],[-3.580334,40.610629],[-3.580789,40.6117],[-3.583809,40.618793],[-3.584204,40.61968],[-3.585601,40.622943],[-3.589024,40.630978],[-3.593073,40.640485],[-3.593208,40.640851],[-3.593811,40.642262],[-3.594033,40.642719],[-3.595972,40.647275],[-3.596602,40.648587],[-3.598136,40.651468],[-3.59891,40.652776],[-3.604667,40.661837],[-3.60511,40.662556],[-3.608226,40.667436],[-3.609477,40.669411],[-3.610555,40.671098],[-3.610796,40.671541],[-3.611032,40.672074],[-3.611234,40.67265],[-3.61132,40.672955],[-3.611371,40.673251],[-3.611407,40.673854],[-3.611385,40.674177],[-3.611325,40.674823],[-3.610907,40.679163],[-3.610592,40.682276],[-3.610479,40.682832],[-3.610299,40.683413],[-3.610177,40.683707],[-3.610017,40.68403],[-3.60988,40.684283],[-3.609585,40.684738],[-3.609185,40.685251],[-3.608876,40.685586],[-3.608604,40.685852],[-3.608147,40.686226],[-3.60785,40.686451],[-3.607488,40.686697],[-3.607161,40.686903],[-3.60663,40.687205],[-3.60256,40.689046],[-3.599629,40.69028],[-3.598312,40.690825],[-3.597263,40.691258],[-3.59453,40.692334],[-3.592484,40.69313],[-3.592067,40.693311],[-3.59162,40.69353],[-3.590855,40.693942],[-3.59003,40.694487],[-3.589636,40.694788],[-3.58929,40.695077],[-3.588774,40.695588],[-3.588562,40.695837],[-3.588202,40.696386],[-3.587862,40.697092],[-3.587666,40.697542],[-3.587361,40.698099],[-3.587185,40.698377],[-3.586986,40.698644],[-3.586458,40.699291],[-3.586257,40.699567],[-3.586078,40.699834],[-3.585947,40.700073],[-3.585787,40.700475],[-3.585222,40.702258],[-3.585144,40.702483],[-3.584829,40.703189],[-3.584295,40.704213],[-3.584067,40.704637],[-3.583917,40.704919],[-3.581732,40.709058],[-3.581221,40.710022],[-3.581039,40.710297],[-3.580879,40.710502],[-3.579042,40.712457],[-3.578428,40.713118],[-3.578193,40.7134],[-3.577947,40.713718],[-3.577721,40.71408],[-3.577513,40.714461],[-3.577353,40.714824],[-3.577136,40.715444],[-3.577035,40.715848],[-3.576997,40.716158],[-3.576981,40.716636],[-3.577008,40.717316],[-3.57744,40.719513],[-3.577519,40.720615],[-3.577451,40.721726],[-3.577339,40.722196],[-3.577195,40.722621],[-3.576812,40.72348],[-3.576425,40.724073],[-3.575853,40.724804],[-3.569842,40.731151],[-3.569018,40.732233],[-3.56849,40.733129],[-3.568097,40.733915],[-3.567841,40.734586],[-3.567544,40.735759],[-3.567432,40.736628],[-3.567462,40.738249],[-3.567498,40.739021],[-3.567604,40.74009],[-3.567788,40.740887],[-3.568105,40.74168],[-3.568516,40.742428],[-3.56915,40.743285],[-3.569602,40.743762],[-3.570164,40.744235],[-3.570638,40.744603],[-3.571146,40.744926],[-3.57212,40.745478],[-3.573644,40.7461],[-3.575085,40.746653],[-3.576229,40.747064],[-3.576536,40.747171],[-3.577568,40.747529],[-3.57969,40.748249],[-3.581436,40.748819],[-3.582398,40.749137],[-3.585984,40.750335],[-3.588597,40.751184],[-3.589844,40.751626],[-3.591217,40.752164],[-3.591965,40.752522],[-3.593344,40.753219],[-3.594666,40.753992],[-3.595787,40.754721],[-3.597008,40.755582],[-3.59762,40.756069],[-3.598546,40.756883],[-3.598902,40.757236],[-3.599519,40.75786],[-3.600239,40.758637],[-3.601067,40.759662],[-3.601631,40.760514],[-3.601969,40.761019],[-3.60239,40.761739],[-3.606119,40.768912],[-3.607436,40.77145],[-3.607558,40.771684],[-3.611845,40.779948],[-3.612503,40.781174],[-3.612851,40.78181],[-3.613397,40.78254],[-3.614604,40.783943],[-3.614794,40.784209],[-3.615042,40.784618],[-3.615213,40.784984],[-3.615338,40.785314],[-3.615449,40.78574],[-3.615551,40.78644],[-3.615714,40.788459],[-3.615783,40.788861],[-3.615889,40.789271],[-3.615983,40.789536],[-3.616075,40.789762],[-3.616323,40.790234],[-3.616655,40.790744],[-3.617393,40.791726],[-3.617629,40.792142],[-3.617744,40.792409],[-3.617857,40.792754],[-3.61795,40.793128],[-3.617998,40.793547],[-3.61799,40.793831],[-3.617942,40.794291],[-3.617825,40.794738],[-3.617741,40.794963],[-3.617504,40.795456],[-3.6173,40.795765],[-3.616639,40.796655],[-3.616376,40.797058],[-3.616204,40.797364],[-3.61607,40.797659],[-3.615857,40.798276],[-3.615768,40.798647],[-3.615698,40.799345],[-3.615702,40.799732],[-3.615776,40.800291],[-3.61585,40.800618],[-3.616004,40.801095],[-3.616212,40.801574],[-3.616404,40.801906],[-3.616636,40.802256],[-3.616897,40.802607],[-3.618622,40.804737],[-3.619128,40.8054],[-3.619315,40.805688],[-3.619602,40.806245],[-3.619798,40.806858],[-3.619866,40.80732],[-3.61986,40.80787],[-3.619773,40.808413],[-3.619684,40.808706],[-3.619546,40.809053],[-3.619411,40.809317],[-3.619238,40.809598],[-3.61892,40.810015],[-3.617849,40.811149],[-3.617503,40.811546],[-3.617306,40.811811],[-3.616965,40.812373],[-3.616712,40.812968],[-3.616615,40.813279],[-3.616443,40.814026],[-3.614814,40.822235],[-3.614706,40.822689],[-3.614529,40.823659],[-3.614339,40.824696],[-3.614295,40.825037],[-3.614248,40.825448],[-3.614203,40.826567],[-3.61419,40.829046],[-3.614196,40.829401],[-3.614289,40.830051],[-3.614497,40.830779],[-3.614589,40.831073],[-3.61474,40.831397],[-3.615012,40.831879],[-3.615288,40.832287],[-3.615485,40.832545],[-3.616056,40.833173],[-3.616684,40.833748],[-3.619204,40.835887],[-3.619573,40.836248],[-3.619855,40.836572],[-3.6201,40.8369],[-3.620319,40.837248],[-3.620475,40.83756],[-3.620606,40.837877],[-3.620734,40.838286],[-3.620787,40.838508],[-3.620841,40.838954],[-3.620861,40.839385],[-3.620824,40.839749],[-3.620759,40.840127],[-3.620671,40.840457],[-3.620535,40.840789],[-3.620402,40.841126],[-3.620204,40.841527],[-3.617311,40.846923],[-3.616764,40.847928],[-3.616414,40.848616],[-3.616104,40.849086],[-3.615821,40.849464],[-3.615369,40.849979],[-3.614894,40.850426],[-3.614147,40.851008],[-3.61305,40.851788],[-3.612643,40.852115],[-3.612175,40.852561],[-3.611748,40.853031],[-3.611326,40.853599],[-3.611137,40.853903],[-3.610945,40.854261],[-3.610745,40.854662],[-3.610616,40.854988],[-3.610461,40.85549],[-3.610181,40.856561],[-3.610025,40.857082],[-3.609735,40.857824],[-3.60951,40.858305],[-3.609287,40.858708],[-3.60813,40.860606],[-3.607777,40.861217],[-3.607461,40.861805],[-3.606976,40.862842],[-3.606595,40.863865],[-3.606294,40.864903],[-3.605983,40.866302],[-3.605797,40.867369],[-3.605643,40.86804],[-3.605519,40.86846],[-3.605246,40.869207],[-3.605086,40.86957],[-3.604644,40.870403],[-3.60442,40.870749],[-3.604038,40.871291],[-3.603645,40.871787],[-3.6032,40.872278],[-3.601882,40.873611],[-3.601729,40.873786],[-3.60138,40.874179],[-3.600786,40.874977],[-3.600443,40.875531],[-3.600277,40.875815],[-3.599983,40.876401],[-3.599683,40.877141],[-3.599336,40.87829],[-3.599225,40.87875],[-3.59906,40.879595],[-3.598462,40.883507],[-3.598422,40.884423],[-3.598449,40.884863],[-3.59857,40.885776],[-3.598761,40.886553],[-3.5989,40.886962],[-3.599094,40.887436],[-3.599384,40.888046],[-3.599769,40.888695],[-3.599958,40.88899],[-3.600201,40.88932],[-3.601532,40.890897],[-3.601882,40.891372],[-3.602087,40.891725],[-3.602236,40.892039],[-3.602362,40.892361],[-3.602449,40.892619],[-3.602683,40.893586],[-3.602777,40.893895],[-3.60303,40.894513],[-3.603347,40.895073],[-3.604092,40.896135],[-3.606806,40.899897],[-3.607108,40.900318],[-3.607528,40.900958],[-3.607832,40.901553],[-3.608053,40.902067],[-3.608164,40.902409],[-3.608318,40.90304],[-3.608787,40.905844],[-3.609051,40.907539],[-3.609096,40.907951],[-3.609104,40.910043],[-3.609208,40.913015],[-3.609228,40.913513],[-3.609276,40.913929],[-3.609341,40.914327],[-3.609491,40.914912],[-3.609675,40.915549],[-3.609925,40.916263],[-3.610046,40.916584],[-3.610243,40.917023],[-3.610421,40.917399],[-3.611285,40.919032],[-3.611831,40.92007],[-3.61196,40.920302],[-3.61222,40.920704],[-3.612455,40.92099],[-3.612889,40.921428],[-3.613206,40.921696],[-3.613506,40.921907],[-3.613875,40.922138],[-3.614198,40.922299],[-3.614768,40.922549],[-3.617329,40.92357],[-3.617977,40.923849],[-3.618257,40.923995],[-3.618867,40.924371],[-3.619152,40.924586],[-3.619717,40.925103],[-3.621722,40.926926],[-3.622069,40.927269],[-3.62231,40.927539],[-3.622588,40.927869],[-3.62281,40.928166],[-3.623247,40.928848],[-3.625713,40.933436],[-3.625771,40.933549],[-3.627054,40.935936],[-3.627857,40.937395],[-3.628216,40.937931],[-3.630018,40.940303],[-3.630633,40.941094],[-3.631444,40.942086],[-3.631654,40.942298],[-3.632025,40.942595],[-3.632561,40.942954],[-3.633204,40.943322],[-3.636429,40.945163],[-3.636715,40.945327],[-3.637155,40.945658],[-3.638415,40.946799],[-3.63866,40.947031],[-3.638847,40.947241],[-3.63907,40.947584],[-3.639161,40.947795],[-3.639275,40.948225],[-3.639343,40.949535],[-3.639406,40.951102],[-3.639505,40.952134],[-3.639698,40.952873],[-3.639927,40.95348],[-3.641096,40.956244],[-3.641395,40.957087],[-3.641459,40.957372],[-3.641501,40.957691],[-3.641523,40.958552],[-3.641437,40.962302],[-3.641387,40.964236],[-3.641368,40.965382],[-3.641326,40.966005],[-3.641278,40.966338],[-3.64115,40.966944],[-3.640956,40.967595],[-3.640481,40.969062],[-3.640212,40.969982],[-3.640119,40.970371],[-3.639993,40.971046],[-3.639758,40.973178],[-3.639589,40.97395],[-3.639301,40.974902],[-3.638992,40.975744],[-3.638829,40.976287],[-3.638609,40.977297],[-3.638483,40.978311],[-3.638466,40.978631],[-3.638486,40.979817],[-3.638625,40.980876],[-3.63866,40.981059],[-3.638875,40.981957],[-3.639079,40.982593],[-3.639246,40.98302],[-3.639642,40.98389],[-3.640357,40.985213],[-3.64095,40.986307],[-3.641381,40.987279],[-3.641613,40.987928],[-3.641829,40.988727],[-3.641986,40.989549],[-3.642085,40.99042],[-3.642103,40.991387],[-3.64206,40.992832],[-3.641983,40.993932],[-3.64185,40.994955],[-3.641708,40.995795],[-3.641593,40.996292],[-3.641485,40.996663],[-3.641283,40.99717],[-3.640964,40.997799],[-3.640773,40.998099],[-3.640199,40.998848],[-3.639909,40.999172],[-3.638744,41.000256],[-3.638453,41.000585],[-3.638235,41.000862],[-3.637891,41.001389],[-3.637622,41.001942],[-3.63751,41.002248],[-3.637382,41.002717],[-3.637305,41.003235],[-3.637292,41.00363],[-3.637411,41.005011],[-3.637406,41.005799],[-3.637368,41.0061],[-3.637264,41.006596],[-3.637081,41.007154],[-3.636787,41.007785],[-3.636594,41.00812],[-3.636114,41.00875],[-3.635896,41.00899],[-3.635365,41.009496],[-3.635141,41.009685],[-3.634454,41.010169],[-3.633047,41.011],[-3.632616,41.011274],[-3.632287,41.011507],[-3.631751,41.011927],[-3.631448,41.012196],[-3.630806,41.012856],[-3.630296,41.013495],[-3.62967,41.014445],[-3.629381,41.015036],[-3.627661,41.018118],[-3.625088,41.022709],[-3.623646,41.025266],[-3.621663,41.02878],[-3.618281,41.034854],[-3.61798,41.035435],[-3.617728,41.036039],[-3.617578,41.036489],[-3.617468,41.036892],[-3.617185,41.038375],[-3.617121,41.038818],[-3.61686,41.0405],[-3.615498,41.048571],[-3.615006,41.051354],[-3.61485,41.052054],[-3.614512,41.053261],[-3.614321,41.05386],[-3.613878,41.055037],[-3.613669,41.055529],[-3.613294,41.056349],[-3.612837,41.057238],[-3.612578,41.057725],[-3.611939,41.058799],[-3.607899,41.0657],[-3.607198,41.067038],[-3.607097,41.067276],[-3.605626,41.071119],[-3.603929,41.075542],[-3.603814,41.075813],[-3.603501,41.076408],[-3.603422,41.076524],[-3.603156,41.076909],[-3.603023,41.077073],[-3.602556,41.077592],[-3.602444,41.077691],[-3.602024,41.078054],[-3.601656,41.078343],[-3.600679,41.079069],[-3.600156,41.079542],[-3.599795,41.079913],[-3.599675,41.08004],[-3.598523,41.081323],[-3.597685,41.082405],[-3.597324,41.082952],[-3.596977,41.083575],[-3.596666,41.084212],[-3.596421,41.084792],[-3.596023,41.086043],[-3.595718,41.08718],[-3.595516,41.088178],[-3.595468,41.0886],[-3.595276,41.090189],[-3.594929,41.093106],[-3.594792,41.093796],[-3.594593,41.094366],[-3.594467,41.094658],[-3.594137,41.095249],[-3.593915,41.09557],[-3.593153,41.096563],[-3.592841,41.096999],[-3.592646,41.097316],[-3.592396,41.097793],[-3.592149,41.098377],[-3.592045,41.09869],[-3.592015,41.098876],[-3.591954,41.099213],[-3.591931,41.099589],[-3.591936,41.099848],[-3.592047,41.100553],[-3.592122,41.100848],[-3.592398,41.101633],[-3.59248,41.101921],[-3.592602,41.102547],[-3.592612,41.103103],[-3.592588,41.103341],[-3.592477,41.103852],[-3.592265,41.104403],[-3.592137,41.104643],[-3.591955,41.104918],[-3.591613,41.105355],[-3.59121,41.105756],[-3.590636,41.106213],[-3.590179,41.106538],[-3.589692,41.106916],[-3.589442,41.107148],[-3.589121,41.107518],[-3.588923,41.107784],[-3.58873,41.108098],[-3.588594,41.108383],[-3.58848,41.108677],[-3.588391,41.108988],[-3.588347,41.109305],[-3.588307,41.109684],[-3.588271,41.110555],[-3.588225,41.110997],[-3.588158,41.111335],[-3.588099,41.111608],[-3.587953,41.112095],[-3.58744,41.113482],[-3.587316,41.113897],[-3.587154,41.114642],[-3.586888,41.116393],[-3.586814,41.116724],[-3.586594,41.117467],[-3.586449,41.117907],[-3.586283,41.118604],[-3.586248,41.11888],[-3.586207,41.119348],[-3.586188,41.120636],[-3.586094,41.121328],[-3.586022,41.121647],[-3.585918,41.121959],[-3.585783,41.122284],[-3.585657,41.122564],[-3.585404,41.122979],[-3.585175,41.123316],[-3.584671,41.123924],[-3.584086,41.124592],[-3.583912,41.124826],[-3.583771,41.12503],[-3.583486,41.125581],[-3.583341,41.125943],[-3.583241,41.126317],[-3.583175,41.126677],[-3.58315,41.127085],[-3.583153,41.127419],[-3.58319,41.127807],[-3.583229,41.128036],[-3.583329,41.128398],[-3.583603,41.129067],[-3.583729,41.129439],[-3.583851,41.12989],[-3.583916,41.130265],[-3.583931,41.130539],[-3.58392,41.130882],[-3.583895,41.131126],[-3.583852,41.13133],[-3.583649,41.132135],[-3.582417,41.135702],[-3.582165,41.136591],[-3.582022,41.13732],[-3.58189,41.138102],[-3.581756,41.138677],[-3.581657,41.139034],[-3.581324,41.139995],[-3.581142,41.140668],[-3.581091,41.141088],[-3.581073,41.141711],[-3.58112,41.142171],[-3.581208,41.142587],[-3.581381,41.143147],[-3.581777,41.144017],[-3.582974,41.146403],[-3.583273,41.147218],[-3.583412,41.147857],[-3.583535,41.148937],[-3.583697,41.150129],[-3.584277,41.15255],[-3.584379,41.153041],[-3.584483,41.153762],[-3.584543,41.154841],[-3.584535,41.155429],[-3.584498,41.15607],[-3.584343,41.157703],[-3.584254,41.158256],[-3.584055,41.158985],[-3.583946,41.159294],[-3.583725,41.159772],[-3.583527,41.160154],[-3.582964,41.16113],[-3.582802,41.161449],[-3.582144,41.162895],[-3.581603,41.164145],[-3.581179,41.165002],[-3.580339,41.166345],[-3.580171,41.166707],[-3.580063,41.167005],[-3.579985,41.167297],[-3.57978,41.168386],[-3.579327,41.171048],[-3.579266,41.171531],[-3.579248,41.171973],[-3.579275,41.172351],[-3.579648,41.174372],[-3.579743,41.174791],[-3.579879,41.175203],[-3.580037,41.175531],[-3.580169,41.175765],[-3.580648,41.176393],[-3.581519,41.177209],[-3.581795,41.177492],[-3.582145,41.177899],[-3.582299,41.178132],[-3.582673,41.17878],[-3.58366,41.180617],[-3.583894,41.181172],[-3.584252,41.182188],[-3.584608,41.18328],[-3.584752,41.183913],[-3.584821,41.18441],[-3.584849,41.184797],[-3.584842,41.185529],[-3.584785,41.186135],[-3.584579,41.187651],[-3.584562,41.187958],[-3.584564,41.188718],[-3.584713,41.190074],[-3.584766,41.190838],[-3.584753,41.19129],[-3.584686,41.191971],[-3.584657,41.192118],[-3.584509,41.192824],[-3.584237,41.193579],[-3.584062,41.19398],[-3.583604,41.194818],[-3.583161,41.195486],[-3.58278,41.196108],[-3.582582,41.196466],[-3.582294,41.197075],[-3.582023,41.197811],[-3.581913,41.198219],[-3.58179,41.198823],[-3.581447,41.2005],[-3.580657,41.204379],[-3.58036,41.205799],[-3.579919,41.208108],[-3.579865,41.20854],[-3.579841,41.209214],[-3.579851,41.209729],[-3.579971,41.210921],[-3.580059,41.211537],[-3.580241,41.212494],[-3.580584,41.21377],[-3.580929,41.214776],[-3.581088,41.215217],[-3.581627,41.216407],[-3.582284,41.217687],[-3.582693,41.21832],[-3.582921,41.218638],[-3.583213,41.218993],[-3.583923,41.219754],[-3.584198,41.220018],[-3.584445,41.220238],[-3.585002,41.22069],[-3.585297,41.220903],[-3.586225,41.221504],[-3.587012,41.221961],[-3.587858,41.22246],[-3.588415,41.22285],[-3.588683,41.223063],[-3.588953,41.223288],[-3.589206,41.223534],[-3.589692,41.224047],[-3.590186,41.22471],[-3.590414,41.22508],[-3.590757,41.225773],[-3.590972,41.226405],[-3.591051,41.22671],[-3.591113,41.227021],[-3.59118,41.227749],[-3.591174,41.228134],[-3.591139,41.228524],[-3.591062,41.228966],[-3.590956,41.229402],[-3.590792,41.229913],[-3.590552,41.230449],[-3.590185,41.231074],[-3.589528,41.232092],[-3.589297,41.232512],[-3.589063,41.233009],[-3.588958,41.233305],[-3.588763,41.234041],[-3.588682,41.234665],[-3.588664,41.234969],[-3.588684,41.235586],[-3.588771,41.236189],[-3.588838,41.236505],[-3.588931,41.236818],[-3.589064,41.237197],[-3.589204,41.237519],[-3.590223,41.239522],[-3.591336,41.24169],[-3.59171,41.24247],[-3.591965,41.243161],[-3.592141,41.243851],[-3.592235,41.244466],[-3.59227,41.245136],[-3.592268,41.245574],[-3.592109,41.250322],[-3.592104,41.250944],[-3.592135,41.251323],[-3.592173,41.251688],[-3.592273,41.252193],[-3.592963,41.255158],[-3.594464,41.261502],[-3.594811,41.262714],[-3.595073,41.263398],[-3.595285,41.263879],[-3.595584,41.26447],[-3.596051,41.265292],[-3.600191,41.272267],[-3.601214,41.273944],[-3.603099,41.276524],[-3.603284,41.276816],[-3.603503,41.277218],[-3.60364,41.277513],[-3.603805,41.277962],[-3.603894,41.278246],[-3.603993,41.278673],[-3.60495,41.284636],[-3.604969,41.284755],[-3.605225,41.286411],[-3.605637,41.288715],[-3.605776,41.289694],[-3.605794,41.29004],[-3.605754,41.290664],[-3.605678,41.291077],[-3.60559,41.291435],[-3.605398,41.291943],[-3.605284,41.292184],[-3.604344,41.293824],[-3.604151,41.294196],[-3.603931,41.294735],[-3.603704,41.295499],[-3.603548,41.296389],[-3.603514,41.2968],[-3.603545,41.297753],[-3.603571,41.297983],[-3.603716,41.298756],[-3.603904,41.299384],[-3.604034,41.299745],[-3.604356,41.300457],[-3.604539,41.300775],[-3.605381,41.302021],[-3.606251,41.303302],[-3.606913,41.304235],[-3.607353,41.304776],[-3.60757,41.305012],[-3.607966,41.305386],[-3.608218,41.305583],[-3.608668,41.30589],[-3.60925,41.30625],[-3.611091,41.307222],[-3.6192,41.311428],[-3.619712,41.311715],[-3.6205,41.312211],[-3.621543,41.312997],[-3.623268,41.314354],[-3.624046,41.314975],[-3.624899,41.315715],[-3.629832,41.320619],[-3.630284,41.32109],[-3.632178,41.322879],[-3.633996,41.324769],[-3.634102,41.324882],[-3.639779,41.330799],[-3.641355,41.332445],[-3.641649,41.332785],[-3.641747,41.332899],[-3.641902,41.333091],[-3.642152,41.333452],[-3.642374,41.333787],[-3.642547,41.334092],[-3.642908,41.334819],[-3.643161,41.335495],[-3.643334,41.336181],[-3.643425,41.336728],[-3.643469,41.337492],[-3.643457,41.337917],[-3.64337,41.338695],[-3.643253,41.339216],[-3.643034,41.339936],[-3.642614,41.341061],[-3.642139,41.342416],[-3.641785,41.343611],[-3.641353,41.345261],[-3.640948,41.347216],[-3.640091,41.35261],[-3.638427,41.362831],[-3.638345,41.363556],[-3.638333,41.364058],[-3.638423,41.364972],[-3.6385,41.36533],[-3.638677,41.365939],[-3.638863,41.366412],[-3.639168,41.367031],[-3.641407,41.370981],[-3.643061,41.373875],[-3.643408,41.374518],[-3.643747,41.37523],[-3.644172,41.376279],[-3.644605,41.377756],[-3.644852,41.379119],[-3.644936,41.380037],[-3.644968,41.380884],[-3.644888,41.383754],[-3.644795,41.386991],[-3.644785,41.387281],[-3.644793,41.388252],[-3.644887,41.389163],[-3.645071,41.389916],[-3.645262,41.390491],[-3.646178,41.39284],[-3.646822,41.394554],[-3.646927,41.39485],[-3.647369,41.396045],[-3.648284,41.398366],[-3.64863,41.399264],[-3.648825,41.399708],[-3.649043,41.400137],[-3.649275,41.400541],[-3.649557,41.40097],[-3.649849,41.401367],[-3.652908,41.405475],[-3.653442,41.406289],[-3.656531,41.411384],[-3.657092,41.412204],[-3.658545,41.414042],[-3.660625,41.416684],[-3.660838,41.416947],[-3.662695,41.419288],[-3.663305,41.419954],[-3.664015,41.420643],[-3.664687,41.421212],[-3.665529,41.421831],[-3.666326,41.422348],[-3.666974,41.422727],[-3.670966,41.424982],[-3.671544,41.425331],[-3.672119,41.425754],[-3.672375,41.425976],[-3.672654,41.426235],[-3.673055,41.426683],[-3.673378,41.427105],[-3.673554,41.427378],[-3.673778,41.427791],[-3.673915,41.428084],[-3.674122,41.428671],[-3.674468,41.430048],[-3.674591,41.430422],[-3.674865,41.431044],[-3.675144,41.431509],[-3.675454,41.431947],[-3.676678,41.433359],[-3.676892,41.433643],[-3.677206,41.434154],[-3.67734,41.434417],[-3.677479,41.434732],[-3.677608,41.43509],[-3.677734,41.435599],[-3.677787,41.435903],[-3.677883,41.437201],[-3.678074,41.440243],[-3.678099,41.441141],[-3.678078,41.441469],[-3.677991,41.442066],[-3.67764,41.4434],[-3.677545,41.443858],[-3.67749,41.444297],[-3.677477,41.444888],[-3.677527,41.445454],[-3.677617,41.445941],[-3.677708,41.446262],[-3.678087,41.447358],[-3.678215,41.44781],[-3.678331,41.448468],[-3.678343,41.448896],[-3.678317,41.449495],[-3.678226,41.449985],[-3.678151,41.450274],[-3.678043,41.450702],[-3.677793,41.451304],[-3.677666,41.45156],[-3.677267,41.452197],[-3.676263,41.453597],[-3.676094,41.453863],[-3.675667,41.45472],[-3.675537,41.455088],[-3.675342,41.455745],[-3.675242,41.456756],[-3.675224,41.457395],[-3.675305,41.457944],[-3.67545,41.458526],[-3.675801,41.459473],[-3.676239,41.46027],[-3.676512,41.460683],[-3.682082,41.468052],[-3.683279,41.469619],[-3.686405,41.473263],[-3.687833,41.474902],[-3.688303,41.475498],[-3.688579,41.475894],[-3.689282,41.477028],[-3.689813,41.477832],[-3.690041,41.478126],[-3.690515,41.478654],[-3.690942,41.479084],[-3.693016,41.481014],[-3.693732,41.48165],[-3.699146,41.486267],[-3.69956,41.486635],[-3.70003,41.487131],[-3.700217,41.48734],[-3.700517,41.487741],[-3.700776,41.488174],[-3.702087,41.490731],[-3.702454,41.491441],[-3.702626,41.491719],[-3.702829,41.492031],[-3.703242,41.492564],[-3.703532,41.492901],[-3.703965,41.493334],[-3.705771,41.495064],[-3.706189,41.495535],[-3.706745,41.496216],[-3.707134,41.496795],[-3.707509,41.497439],[-3.707859,41.498125],[-3.708149,41.498775],[-3.709766,41.502472],[-3.710053,41.503363],[-3.710294,41.504198],[-3.710556,41.504891],[-3.710735,41.50526],[-3.711191,41.505998],[-3.711698,41.506626],[-3.712192,41.507134],[-3.712539,41.507451],[-3.713216,41.507972],[-3.713946,41.508483],[-3.714379,41.508817],[-3.714572,41.50899],[-3.714833,41.509257],[-3.715013,41.509484],[-3.715275,41.509866],[-3.715392,41.510094],[-3.715487,41.5103],[-3.716296,41.512424],[-3.716565,41.513187],[-3.716707,41.513658],[-3.716768,41.513933],[-3.716852,41.514405],[-3.716909,41.515204],[-3.716894,41.515744],[-3.71681,41.516538],[-3.716744,41.516826],[-3.71653,41.517603],[-3.716387,41.517985],[-3.716086,41.518665],[-3.715339,41.520182],[-3.7152,41.520538],[-3.715028,41.521176],[-3.714963,41.521522],[-3.71491,41.522085],[-3.714929,41.522572],[-3.714968,41.522904],[-3.715042,41.523303],[-3.715176,41.523762],[-3.715591,41.524852],[-3.715794,41.525481],[-3.715894,41.525988],[-3.715944,41.526692],[-3.71548,41.533139],[-3.71536,41.534548],[-3.715193,41.536451],[-3.715171,41.537252],[-3.715213,41.538155],[-3.715399,41.538973],[-3.715696,41.539759],[-3.715911,41.540233],[-3.716188,41.540758],[-3.717031,41.542238],[-3.71756,41.543393],[-3.718022,41.544914],[-3.718192,41.546307],[-3.71822,41.546887],[-3.718146,41.547881],[-3.718074,41.548524],[-3.718015,41.548879],[-3.717861,41.549483],[-3.717632,41.550163],[-3.717388,41.550769],[-3.716794,41.551974],[-3.716388,41.552583],[-3.715826,41.553369],[-3.715441,41.553833],[-3.71487,41.554461],[-3.714183,41.555109],[-3.713314,41.555836],[-3.71233,41.556848],[-3.711787,41.557565],[-3.711291,41.558274],[-3.710841,41.559104],[-3.708428,41.564734],[-3.708313,41.565083],[-3.707887,41.566185],[-3.706764,41.568902],[-3.706361,41.56998],[-3.706195,41.570682],[-3.706075,41.571595],[-3.706065,41.572348],[-3.706156,41.573133],[-3.706213,41.573462],[-3.706535,41.574833],[-3.706794,41.57613],[-3.706852,41.576748],[-3.706883,41.577438],[-3.706862,41.578363],[-3.706812,41.578913],[-3.706663,41.579797],[-3.706583,41.580151],[-3.706418,41.580735],[-3.706161,41.581517],[-3.705924,41.582094],[-3.70569,41.582603],[-3.705209,41.583489],[-3.704653,41.584335],[-3.704332,41.584781],[-3.70394,41.585265],[-3.703543,41.585717],[-3.702675,41.586574],[-3.702207,41.587004],[-3.701889,41.587281],[-3.700618,41.588296],[-3.699779,41.588997],[-3.699141,41.589579],[-3.698588,41.590135],[-3.697918,41.590916],[-3.697506,41.591454],[-3.697317,41.591729],[-3.696978,41.592252],[-3.696686,41.592751],[-3.696326,41.593467],[-3.695977,41.594324],[-3.695726,41.59509],[-3.695618,41.595481],[-3.695506,41.595981],[-3.695442,41.596385],[-3.695386,41.596808],[-3.695338,41.59741],[-3.695326,41.597853],[-3.695339,41.598326],[-3.695368,41.598808],[-3.695424,41.599312],[-3.695582,41.600211],[-3.695922,41.601811],[-3.695987,41.602224],[-3.696044,41.602817],[-3.696056,41.603147],[-3.696029,41.603952],[-3.695885,41.60495],[-3.695795,41.605323],[-3.695702,41.605657],[-3.695477,41.606316],[-3.695014,41.607304],[-3.694597,41.608017],[-3.693784,41.609229],[-3.69353,41.609639],[-3.693012,41.610572],[-3.692573,41.611597],[-3.692386,41.612089],[-3.692195,41.612671],[-3.691554,41.614305],[-3.690997,41.615469],[-3.690007,41.617302],[-3.689695,41.617983],[-3.689482,41.618669],[-3.689327,41.619347],[-3.689248,41.619994],[-3.689231,41.620771],[-3.689284,41.621353],[-3.689376,41.621902],[-3.689432,41.622176],[-3.689579,41.622676],[-3.689763,41.623175],[-3.690025,41.623754],[-3.690185,41.624049],[-3.690613,41.624739],[-3.690856,41.625061],[-3.691447,41.625761],[-3.691907,41.626222],[-3.692212,41.626498],[-3.693742,41.627827],[-3.694161,41.628223],[-3.694673,41.628792],[-3.695214,41.629494],[-3.695497,41.629929],[-3.695814,41.630469],[-3.696005,41.630841],[-3.696192,41.631261],[-3.69669,41.632559],[-3.697138,41.633527],[-3.697508,41.634209],[-3.698047,41.634979],[-3.698563,41.635605],[-3.699096,41.636173],[-3.699321,41.6364],[-3.699754,41.636788],[-3.700548,41.637418],[-3.700918,41.637675],[-3.701649,41.638143],[-3.702386,41.638557],[-3.70898,41.64199],[-3.712304,41.643725],[-3.712959,41.64407],[-3.713474,41.64437],[-3.713944,41.644667],[-3.714258,41.644871],[-3.714836,41.645292],[-3.715266,41.645639],[-3.715903,41.646215],[-3.717387,41.647777],[-3.718246,41.648586],[-3.718975,41.649156],[-3.720008,41.649885],[-3.721064,41.650671],[-3.721447,41.650994],[-3.722185,41.6517],[-3.722613,41.652183],[-3.723013,41.652675],[-3.723303,41.653091],[-3.723757,41.653819],[-3.724098,41.654496],[-3.724303,41.654977],[-3.724839,41.656458],[-3.725107,41.657108],[-3.725379,41.657666],[-3.725884,41.658493],[-3.726946,41.659986],[-3.727325,41.66059],[-3.727651,41.66121],[-3.727948,41.661954],[-3.7281,41.662442],[-3.728142,41.662596],[-3.728214,41.662846],[-3.7283,41.663273],[-3.728376,41.663897],[-3.728389,41.664234],[-3.72839,41.664715],[-3.728337,41.665432],[-3.728154,41.666515],[-3.728068,41.666965],[-3.728006,41.667429],[-3.727971,41.667882],[-3.727964,41.668305],[-3.727975,41.668698],[-3.72801,41.669038],[-3.728085,41.669519],[-3.728172,41.669909],[-3.72825,41.670211],[-3.728822,41.671924],[-3.728924,41.672312],[-3.729074,41.673039],[-3.729123,41.6734],[-3.729172,41.674212],[-3.729167,41.674642],[-3.729081,41.675257],[-3.729044,41.675732],[-3.728979,41.676059],[-3.728814,41.676673],[-3.728594,41.677309],[-3.728216,41.678133],[-3.72804,41.678465],[-3.727748,41.678946],[-3.727603,41.679162],[-3.727195,41.679731],[-3.72666,41.680363],[-3.725879,41.681137],[-3.725249,41.681673],[-3.724602,41.682147],[-3.72393,41.682588],[-3.722693,41.683269],[-3.722174,41.683513],[-3.720057,41.684493],[-3.719201,41.684959],[-3.718571,41.685344],[-3.717601,41.686007],[-3.717064,41.686432],[-3.716452,41.686956],[-3.715784,41.687604],[-3.71515,41.688266],[-3.700197,41.704091],[-3.699496,41.704776],[-3.699279,41.70496],[-3.698577,41.705516],[-3.698332,41.70569],[-3.697587,41.706186],[-3.697304,41.706355],[-3.696667,41.706708],[-3.695897,41.707083],[-3.695142,41.707397],[-3.693358,41.708075],[-3.692648,41.708395],[-3.69202,41.708748],[-3.691555,41.709038],[-3.691053,41.709404],[-3.690791,41.709612],[-3.690585,41.709806],[-3.689381,41.711139],[-3.688943,41.711891],[-3.688675,41.712513],[-3.688518,41.713035],[-3.688405,41.713501],[-3.688337,41.714067],[-3.688326,41.714502],[-3.688354,41.715008],[-3.688528,41.716108],[-3.688598,41.716668],[-3.688614,41.71716],[-3.688602,41.717643],[-3.688521,41.718218],[-3.68841,41.71867],[-3.687881,41.720493],[-3.686774,41.724045],[-3.686636,41.724795],[-3.686606,41.725186],[-3.686603,41.725678],[-3.686641,41.72614],[-3.686756,41.726761],[-3.68693,41.727383],[-3.688385,41.732074],[-3.688502,41.732526],[-3.688556,41.732822],[-3.688581,41.733124],[-3.688568,41.733888],[-3.688068,41.740518],[-3.688051,41.741071],[-3.68806,41.741678],[-3.688203,41.742898],[-3.688712,41.745024],[-3.688876,41.745928],[-3.688946,41.746712],[-3.68918,41.750399],[-3.689194,41.751165],[-3.689151,41.752259],[-3.688869,41.757333],[-3.688747,41.759765],[-3.688803,41.760466],[-3.688912,41.760961],[-3.689083,41.761431],[-3.689314,41.761908],[-3.689553,41.762297],[-3.689873,41.762707],[-3.690108,41.762967],[-3.690348,41.763219],[-3.690552,41.763398],[-3.690866,41.76365],[-3.694046,41.766052],[-3.694548,41.766456],[-3.695113,41.766978],[-3.695381,41.767255],[-3.695801,41.767732],[-3.696001,41.767991],[-3.696313,41.768446],[-3.69676,41.769206],[-3.696991,41.769715],[-3.697213,41.770325],[-3.697364,41.770893],[-3.69743,41.771221],[-3.697491,41.771696],[-3.697523,41.772304],[-3.697462,41.773611],[-3.697262,41.77595],[-3.69721,41.776895],[-3.69715,41.777356],[-3.697133,41.777988],[-3.697099,41.778203],[-3.69691,41.780562],[-3.696901,41.780744],[-3.696862,41.781541],[-3.696859,41.781706],[-3.696873,41.782451],[-3.696971,41.783522],[-3.697137,41.784571],[-3.697255,41.785076],[-3.697521,41.786088],[-3.69776,41.786801],[-3.700184,41.792945],[-3.700529,41.793883],[-3.700738,41.794716],[-3.700824,41.795269],[-3.700851,41.795607],[-3.700856,41.796145],[-3.700798,41.796972],[-3.699833,41.806161],[-3.699798,41.806939],[-3.699869,41.807538],[-3.700018,41.808146],[-3.700774,41.810742],[-3.701263,41.812585],[-3.701927,41.815259],[-3.702104,41.815862],[-3.70243,41.81674],[-3.703719,41.819996],[-3.704874,41.822809],[-3.705024,41.823114],[-3.707399,41.828458],[-3.707548,41.828785],[-3.707821,41.829507],[-3.707993,41.830162],[-3.708061,41.830545],[-3.7081,41.831027],[-3.708093,41.831496],[-3.708058,41.831884],[-3.707864,41.833345],[-3.707853,41.833645],[-3.707872,41.834245],[-3.707939,41.834711],[-3.708041,41.835186],[-3.708227,41.83576],[-3.708461,41.83629],[-3.708769,41.836824],[-3.708909,41.83705],[-3.709254,41.837513],[-3.70955,41.837851],[-3.710143,41.838443],[-3.711323,41.83956],[-3.711825,41.840013],[-3.712517,41.840613],[-3.71306,41.841039],[-3.713787,41.841569],[-3.715007,41.842415],[-3.715855,41.843078],[-3.716438,41.843627],[-3.716839,41.84407],[-3.717265,41.844604],[-3.717717,41.845279],[-3.718009,41.845863],[-3.718921,41.848002],[-3.719142,41.848399],[-3.719761,41.849294],[-3.720232,41.849851],[-3.720626,41.850224],[-3.721405,41.85089],[-3.72202,41.851346],[-3.722612,41.851714],[-3.723801,41.852325],[-3.72491,41.852779],[-3.72799,41.853897],[-3.728576,41.854117],[-3.729268,41.854403],[-3.730082,41.854805],[-3.730602,41.855111],[-3.731021,41.855381],[-3.731472,41.855709],[-3.73189,41.856056],[-3.732354,41.856476],[-3.732981,41.857154],[-3.733303,41.857568],[-3.733467,41.857808],[-3.733767,41.858301],[-3.733974,41.858703],[-3.734429,41.859753],[-3.734827,41.86076],[-3.734933,41.861101],[-3.735085,41.861799],[-3.735143,41.862497],[-3.735133,41.862921],[-3.735082,41.863351],[-3.734992,41.863823],[-3.734812,41.864429],[-3.734695,41.86473],[-3.734415,41.865305],[-3.734247,41.865596],[-3.733977,41.866003],[-3.733017,41.867353],[-3.732563,41.868025],[-3.732216,41.868636],[-3.731942,41.869211],[-3.731821,41.869497],[-3.731612,41.870096],[-3.73138,41.870981],[-3.731276,41.871651],[-3.731226,41.872379],[-3.731234,41.873079],[-3.731306,41.873762],[-3.732005,41.878014],[-3.73208,41.878325],[-3.732265,41.878924],[-3.732463,41.879389],[-3.732684,41.879823],[-3.732829,41.880072],[-3.733109,41.880484],[-3.735585,41.883678],[-3.737091,41.885584],[-3.74105,41.890695],[-3.742109,41.892058],[-3.742594,41.892741],[-3.742739,41.89298],[-3.743214,41.89366],[-3.743438,41.893994],[-3.74505,41.89644],[-3.745619,41.897203],[-3.746098,41.897729],[-3.746566,41.898188],[-3.74727,41.898811],[-3.74789,41.899386],[-3.748316,41.899874],[-3.748593,41.900265],[-3.748803,41.900639],[-3.748919,41.900887],[-3.749095,41.901363],[-3.74923,41.901999],[-3.749253,41.90221],[-3.749262,41.902621],[-3.749251,41.902887],[-3.74921,41.903194],[-3.748692,41.905465],[-3.748529,41.90629],[-3.748404,41.907066],[-3.74831,41.907884],[-3.748169,41.909441],[-3.747954,41.912104],[-3.747957,41.912309],[-3.747976,41.912663],[-3.74805,41.913177],[-3.748323,41.914105],[-3.748485,41.914489],[-3.749043,41.915351],[-3.749245,41.91561],[-3.749982,41.916364],[-3.750581,41.91683],[-3.751498,41.917398],[-3.752589,41.918029],[-3.753503,41.918633],[-3.753987,41.919013],[-3.754434,41.919424],[-3.755077,41.920122],[-3.755664,41.92093],[-3.755987,41.921486],[-3.756261,41.922122],[-3.756571,41.922989],[-3.756748,41.923544],[-3.756978,41.924069],[-3.757137,41.924372],[-3.757493,41.924921],[-3.757728,41.925226],[-3.757963,41.925489],[-3.758512,41.92604],[-3.759171,41.926625],[-3.760161,41.927514],[-3.760782,41.928107],[-3.761116,41.928466],[-3.761558,41.92901],[-3.762026,41.929696],[-3.762421,41.930438],[-3.76261,41.930887],[-3.762848,41.931618],[-3.763003,41.932358],[-3.763081,41.932988],[-3.764577,41.948261],[-3.764681,41.949089],[-3.764837,41.949908],[-3.765075,41.950755],[-3.765365,41.951538],[-3.765685,41.95225],[-3.765933,41.952716],[-3.766294,41.953336],[-3.766738,41.954002],[-3.776631,41.966888],[-3.777062,41.96754],[-3.777512,41.968402],[-3.777777,41.969099],[-3.777875,41.96942],[-3.778013,41.970036],[-3.778063,41.970346],[-3.778112,41.971024],[-3.778119,41.971299],[-3.778101,41.971623],[-3.778037,41.972212],[-3.777913,41.972881],[-3.77745,41.974771],[-3.777252,41.975435],[-3.776982,41.976031],[-3.776899,41.976172],[-3.776515,41.976798],[-3.776265,41.977141],[-3.775918,41.977567],[-3.775508,41.978002],[-3.774974,41.978497],[-3.77449,41.978915],[-3.772015,41.981152],[-3.770893,41.982151],[-3.770269,41.982657],[-3.769887,41.982941],[-3.769004,41.983552],[-3.767957,41.98417],[-3.767706,41.984304],[-3.766791,41.984833],[-3.766506,41.98502],[-3.765967,41.98544],[-3.765675,41.985701],[-3.76521,41.98618],[-3.764775,41.986738],[-3.764508,41.987132],[-3.763868,41.988179],[-3.763257,41.989328],[-3.762806,41.990277],[-3.762304,41.991495],[-3.762005,41.992354],[-3.761741,41.993232],[-3.76157,41.993867],[-3.761292,41.995067],[-3.760949,41.996192],[-3.760453,41.997391],[-3.759327,41.999679],[-3.758733,42.000833],[-3.758317,42.001539],[-3.757628,42.002605],[-3.755379,42.00598],[-3.754751,42.006964],[-3.754394,42.007587],[-3.754192,42.008023],[-3.753917,42.008732],[-3.753776,42.009204],[-3.7537,42.0095],[-3.753608,42.009988],[-3.75354,42.010541],[-3.75351,42.011004],[-3.753555,42.011978],[-3.753667,42.012674],[-3.753797,42.013211],[-3.754071,42.01403],[-3.754196,42.014329],[-3.754555,42.015042],[-3.754753,42.015369],[-3.755095,42.01588],[-3.755395,42.016275],[-3.755668,42.016585],[-3.756127,42.017046],[-3.756531,42.017396],[-3.756927,42.017707],[-3.757559,42.018153],[-3.758331,42.018613],[-3.759514,42.019253],[-3.762459,42.020762],[-3.765499,42.022318],[-3.766269,42.022761],[-3.766708,42.02307],[-3.766836,42.023157],[-3.767162,42.023435],[-3.767611,42.023911],[-3.767929,42.024338],[-3.768107,42.024634],[-3.768263,42.024942],[-3.768362,42.025181],[-3.768445,42.02545],[-3.768569,42.026062],[-3.768584,42.026516],[-3.768564,42.026829],[-3.768451,42.027434],[-3.768304,42.027862],[-3.768074,42.028327],[-3.767645,42.028992],[-3.76757,42.02909],[-3.766459,42.030563],[-3.765081,42.032385],[-3.76497,42.032538],[-3.764188,42.033577],[-3.763764,42.034099],[-3.76322,42.034658],[-3.762896,42.034938],[-3.762579,42.035186],[-3.762116,42.035512],[-3.76164,42.035799],[-3.761328,42.035978],[-3.760969,42.036153],[-3.760619,42.036317],[-3.760188,42.036493],[-3.760023,42.036555],[-3.759369,42.036804],[-3.758371,42.037133],[-3.756113,42.037833],[-3.756064,42.037855],[-3.755825,42.037946],[-3.755217,42.038217],[-3.75488,42.038399],[-3.75459,42.038577],[-3.754318,42.038769],[-3.753867,42.039134],[-3.752774,42.040243],[-3.750324,42.042818],[-3.747527,42.045859],[-3.747136,42.046379],[-3.746918,42.046721],[-3.74636,42.047789],[-3.744887,42.050311],[-3.743966,42.051934],[-3.743785,42.052312],[-3.74361,42.052803],[-3.743423,42.053409],[-3.742727,42.05633],[-3.742635,42.05664],[-3.742522,42.057003],[-3.742428,42.05723],[-3.742322,42.057456],[-3.742038,42.057927],[-3.73983,42.060855],[-3.738978,42.061904],[-3.734364,42.067154],[-3.733695,42.067989],[-3.733508,42.068291],[-3.733208,42.06884],[-3.732875,42.069788],[-3.732734,42.070521],[-3.732685,42.070943],[-3.732687,42.071244],[-3.732745,42.072018],[-3.732822,42.072436],[-3.73333,42.074109],[-3.733423,42.074443],[-3.733472,42.074723],[-3.733524,42.075214],[-3.733525,42.075854],[-3.733505,42.07608],[-3.73338,42.076787],[-3.73314,42.077536],[-3.732809,42.078275],[-3.730955,42.08188],[-3.73045,42.082901],[-3.730202,42.083508],[-3.728222,42.088815],[-3.727185,42.091605],[-3.726945,42.092186],[-3.726555,42.093053],[-3.726283,42.093611],[-3.724984,42.096186],[-3.718596,42.108939],[-3.7184,42.109349],[-3.718156,42.10993],[-3.717981,42.110534],[-3.717885,42.111134],[-3.717278,42.119309],[-3.717173,42.120407],[-3.716974,42.121966],[-3.716931,42.122583],[-3.71697,42.123338],[-3.7172,42.125489],[-3.717217,42.125634],[-3.71742,42.127617],[-3.717432,42.128223],[-3.717367,42.129133],[-3.717218,42.129949],[-3.717065,42.130499],[-3.716864,42.131085],[-3.716754,42.131362],[-3.716563,42.131758],[-3.716014,42.132821],[-3.713603,42.137343],[-3.712942,42.138468],[-3.71247,42.139146],[-3.712147,42.139556],[-3.711773,42.139985],[-3.711245,42.140552],[-3.708219,42.143509],[-3.703509,42.148131],[-3.702805,42.148837],[-3.702401,42.149347],[-3.702084,42.14985],[-3.70184,42.150307],[-3.701629,42.150893],[-3.701471,42.151506],[-3.701397,42.151972],[-3.701258,42.154007],[-3.700927,42.156808],[-3.700629,42.159272],[-3.700604,42.15978],[-3.700627,42.160469],[-3.700714,42.161077],[-3.700784,42.161382],[-3.701259,42.163051],[-3.701489,42.163938],[-3.702483,42.168156],[-3.702581,42.168762],[-3.702628,42.169192],[-3.70266,42.170135],[-3.702628,42.170768],[-3.70252,42.173554],[-3.702515,42.173729],[-3.702492,42.174566],[-3.702513,42.17518],[-3.702603,42.176028],[-3.702759,42.176858],[-3.702907,42.177649],[-3.702945,42.178016],[-3.702939,42.178401],[-3.702927,42.178677],[-3.702862,42.179159],[-3.702671,42.179857],[-3.702483,42.180277],[-3.702007,42.181113],[-3.700661,42.183005],[-3.700305,42.183607],[-3.700168,42.183905],[-3.699946,42.184501],[-3.698948,42.188092],[-3.697393,42.193802],[-3.69718,42.194516],[-3.697099,42.194878],[-3.696055,42.198649],[-3.695939,42.199143],[-3.695867,42.199956],[-3.695881,42.200489],[-3.695991,42.201263],[-3.696071,42.201561],[-3.696301,42.202258],[-3.696535,42.202729],[-3.69672,42.203061],[-3.696951,42.203422],[-3.697321,42.203918],[-3.697708,42.204343],[-3.699355,42.205881],[-3.699679,42.206223],[-3.700212,42.206847],[-3.700811,42.207719],[-3.701159,42.20833],[-3.701572,42.209344],[-3.701753,42.20997],[-3.701863,42.210496],[-3.701934,42.210936],[-3.701968,42.211348],[-3.702107,42.21633],[-3.702187,42.217214],[-3.702265,42.217613],[-3.702473,42.21833],[-3.703631,42.221523],[-3.705573,42.226862],[-3.70576,42.227533],[-3.705831,42.228018],[-3.705853,42.228532],[-3.705816,42.229128],[-3.705692,42.229724],[-3.705606,42.23002],[-3.705061,42.23155],[-3.70486,42.232318],[-3.704712,42.233377],[-3.704693,42.233918],[-3.7047,42.234341],[-3.704753,42.23511],[-3.704877,42.23579],[-3.705019,42.236391],[-3.705248,42.237096],[-3.706122,42.239329],[-3.706328,42.239946],[-3.706404,42.240265],[-3.70649,42.240845],[-3.706501,42.241288],[-3.706484,42.241664],[-3.706368,42.242354],[-3.706213,42.242765],[-3.706137,42.243013],[-3.70594,42.243465],[-3.705651,42.244011],[-3.705473,42.244325],[-3.704959,42.245116],[-3.704552,42.245669],[-3.704251,42.24604],[-3.702884,42.247613],[-3.702501,42.248229],[-3.702338,42.248582],[-3.702172,42.249014],[-3.701146,42.251888],[-3.699948,42.255274],[-3.699634,42.256359],[-3.699444,42.257285],[-3.699369,42.257765],[-3.699231,42.259436],[-3.69898,42.263118],[-3.698954,42.263516],[-3.698811,42.265693],[-3.698788,42.266323],[-3.698791,42.266707],[-3.698829,42.267189],[-3.698904,42.267692],[-3.699003,42.268139],[-3.69915,42.268592],[-3.699459,42.269338],[-3.700112,42.270609],[-3.700224,42.27081],[-3.705435,42.28008],[-3.705731,42.280686],[-3.705868,42.281057],[-3.705952,42.281367],[-3.706024,42.281771],[-3.706054,42.282216],[-3.706041,42.28259],[-3.705983,42.283008],[-3.70586,42.283499],[-3.705078,42.285833],[-3.704371,42.287927],[-3.70423,42.288341],[-3.703417,42.290796],[-3.7033,42.29118],[-3.703192,42.291664],[-3.703155,42.292114],[-3.703177,42.292601],[-3.703465,42.296013],[-3.703505,42.296683],[-3.703489,42.297347],[-3.703426,42.298044],[-3.703085,42.300699],[-3.703043,42.301011],[-3.702694,42.303571],[-3.702381,42.306006],[-3.702208,42.307611],[-3.70222,42.308118],[-3.702336,42.309574],[-3.702355,42.309832],[-3.702368,42.310015],[-3.702399,42.310322],[-3.702462,42.310719],[-3.702542,42.311476],[-3.702617,42.312505],[-3.702614,42.312672],[-3.70257,42.312965],[-3.702439,42.313365],[-3.702253,42.3137],[-3.70202,42.313996],[-3.701802,42.314221],[-3.701595,42.314395],[-3.701415,42.314527],[-3.700934,42.314802],[-3.700051,42.315271],[-3.699375,42.315603],[-3.699028,42.315751],[-3.698221,42.316043],[-3.697483,42.316274],[-3.696972,42.316453],[-3.696717,42.316553],[-3.69657,42.316646],[-3.695931,42.316936],[-3.695542,42.317162],[-3.695183,42.317375],[-3.694823,42.317615],[-3.69444,42.317905],[-3.693524,42.318673],[-3.693173,42.319007],[-3.6929,42.319327],[-3.692598,42.319714],[-3.691518,42.321126],[-3.691164,42.321534],[-3.690581,42.322145],[-3.689835,42.322787],[-3.689153,42.323277],[-3.688463,42.323702],[-3.687624,42.324142],[-3.687041,42.324405],[-3.686437,42.324647],[-3.685645,42.324912],[-3.684898,42.325135],[-3.68374,42.325441],[-3.68236,42.325741],[-3.681553,42.325885],[-3.680948,42.325977],[-3.679762,42.326123],[-3.678307,42.326247],[-3.67694,42.326302],[-3.675429,42.326292],[-3.675093,42.326281],[-3.67434,42.326243],[-3.673428,42.326178],[-3.673036,42.326142],[-3.67202,42.32602],[-3.671009,42.325874],[-3.669639,42.325615],[-3.667898,42.325282],[-3.66703,42.325146],[-3.666438,42.325078],[-3.66566,42.325014],[-3.665151,42.325002],[-3.664529,42.325002],[-3.663929,42.32502],[-3.663541,42.325048],[-3.662816,42.32512],[-3.662032,42.325241],[-3.661207,42.32541],[-3.660465,42.325595],[-3.66002,42.32573],[-3.659364,42.325958],[-3.658393,42.326361],[-3.655752,42.327686],[-3.654509,42.328252],[-3.653995,42.328468],[-3.652956,42.328864],[-3.652293,42.329086],[-3.651205,42.329413],[-3.650238,42.329655],[-3.649263,42.329866],[-3.648673,42.329976],[-3.647446,42.330164],[-3.646126,42.330298],[-3.644634,42.330382],[-3.64092,42.330508],[-3.639028,42.330593],[-3.637375,42.330712],[-3.635705,42.330894],[-3.634287,42.331099],[-3.632884,42.331351],[-3.631328,42.331698],[-3.630679,42.331861],[-3.629398,42.33221],[-3.628444,42.332487],[-3.62783,42.332686],[-3.626611,42.333126],[-3.622821,42.334666],[-3.62249,42.334789],[-3.621411,42.335207],[-3.620248,42.33561],[-3.619069,42.336015],[-3.618163,42.336314],[-3.617454,42.336549],[-3.614956,42.337412],[-3.613892,42.33782],[-3.612904,42.338243],[-3.611723,42.338825],[-3.611125,42.339156],[-3.610366,42.339613],[-3.609031,42.340524],[-3.608426,42.341006],[-3.607529,42.3418],[-3.606974,42.342344],[-3.606239,42.343157],[-3.605702,42.343826],[-3.605426,42.344212],[-3.604994,42.344863],[-3.60449,42.34573],[-3.604087,42.346571],[-3.603867,42.347103],[-3.603597,42.34786],[-3.603506,42.34818],[-3.603395,42.348613],[-3.603184,42.349621],[-3.602874,42.351471],[-3.602786,42.351885],[-3.602562,42.352652],[-3.602353,42.353172],[-3.602041,42.3538],[-3.601715,42.354336],[-3.601342,42.354853],[-3.600908,42.355368],[-3.600363,42.355926],[-3.599557,42.356601],[-3.5986,42.357277],[-3.596909,42.358423],[-3.595813,42.35921],[-3.595111,42.359758],[-3.594211,42.360552],[-3.593328,42.361411],[-3.592766,42.36203],[-3.592322,42.362549],[-3.591682,42.363392],[-3.591174,42.364142],[-3.590662,42.364993],[-3.590477,42.365339],[-3.590246,42.365794],[-3.58974,42.366952],[-3.589487,42.367694],[-3.589197,42.368702],[-3.588956,42.369815],[-3.588599,42.371694],[-3.588396,42.372452],[-3.588193,42.373009],[-3.587992,42.373457],[-3.587509,42.374301],[-3.587327,42.374556],[-3.586811,42.375222],[-3.584925,42.377132],[-3.584528,42.377563],[-3.584081,42.378145],[-3.583805,42.378539],[-3.583463,42.379102],[-3.583197,42.379667],[-3.58297,42.380264],[-3.582745,42.381096],[-3.582683,42.381446],[-3.582629,42.381917],[-3.582537,42.383066],[-3.582493,42.383528],[-3.582376,42.384262],[-3.582184,42.384984],[-3.581968,42.38556],[-3.581675,42.386181],[-3.581548,42.386409],[-3.581144,42.387043],[-3.58053,42.387816],[-3.579969,42.388392],[-3.579613,42.388717],[-3.578975,42.389222],[-3.57841,42.389615],[-3.577518,42.390136],[-3.576737,42.39052],[-3.574175,42.391628],[-3.573101,42.392135],[-3.572814,42.392278],[-3.572092,42.392677],[-3.57119,42.393239],[-3.570671,42.393594],[-3.57022,42.393929],[-3.569405,42.394598],[-3.568971,42.394977],[-3.566954,42.396823],[-3.565472,42.398101],[-3.564951,42.398517],[-3.564081,42.399167],[-3.562934,42.399954],[-3.562211,42.400401],[-3.561249,42.400951],[-3.560537,42.401328],[-3.559542,42.401807],[-3.558966,42.402063],[-3.557921,42.402479],[-3.556772,42.402887],[-3.556026,42.403125],[-3.555067,42.403399],[-3.554555,42.403528],[-3.553367,42.403801],[-3.552781,42.403915],[-3.551599,42.404104],[-3.550561,42.404239],[-3.549809,42.404325],[-3.547215,42.404565],[-3.545936,42.404724],[-3.544927,42.40491],[-3.544422,42.40503],[-3.543616,42.405255],[-3.542897,42.405505],[-3.542144,42.405808],[-3.541356,42.406185],[-3.540927,42.406414],[-3.540629,42.406592],[-3.539882,42.407081],[-3.537782,42.408639],[-3.536773,42.409348],[-3.535918,42.409903],[-3.535144,42.41036],[-3.534322,42.410808],[-3.533602,42.411178],[-3.529514,42.413157],[-3.528357,42.413729],[-3.52712,42.414368],[-3.526343,42.414781],[-3.525296,42.415364],[-3.524442,42.415861],[-3.523933,42.416186],[-3.522929,42.416866],[-3.522101,42.417526],[-3.521607,42.417957],[-3.521078,42.418472],[-3.520591,42.418988],[-3.520187,42.41944],[-3.519149,42.42067],[-3.518614,42.421265],[-3.518326,42.421549],[-3.517976,42.421862],[-3.517669,42.422123],[-3.517074,42.422574],[-3.516339,42.423044],[-3.515914,42.423292],[-3.515383,42.423563],[-3.514725,42.423858],[-3.51422,42.424054],[-3.513709,42.424239],[-3.513077,42.424427],[-3.512533,42.424567],[-3.511621,42.424757],[-3.511068,42.42485],[-3.508989,42.425138],[-3.508377,42.425236],[-3.507796,42.425353],[-3.507183,42.4255],[-3.50644,42.425709],[-3.505448,42.426061],[-3.504959,42.426261],[-3.504434,42.426505],[-3.504023,42.426713],[-3.503588,42.426966],[-3.503184,42.427209],[-3.50275,42.427501],[-3.50218,42.427926],[-3.501813,42.428238],[-3.501305,42.428721],[-3.500767,42.429325],[-3.500456,42.429716],[-3.500155,42.430148],[-3.499875,42.430622],[-3.499627,42.431093],[-3.499321,42.431854],[-3.49918,42.432297],[-3.498749,42.434063],[-3.498617,42.434516],[-3.498322,42.435279],[-3.49793,42.436031],[-3.497741,42.436329],[-3.497308,42.436925],[-3.49707,42.437222],[-3.496742,42.43758],[-3.496305,42.438021],[-3.495998,42.438289],[-3.495256,42.438873],[-3.492512,42.440815],[-3.49092,42.442009],[-3.489273,42.443286],[-3.487744,42.444514],[-3.486733,42.445298],[-3.486143,42.445699],[-3.485625,42.446017],[-3.484613,42.446549],[-3.484086,42.446784],[-3.483233,42.447124],[-3.48117,42.447884],[-3.48012,42.448357],[-3.479443,42.448725],[-3.479104,42.448929],[-3.476814,42.450446],[-3.476162,42.450821],[-3.475671,42.451075],[-3.474775,42.451474],[-3.473686,42.451855],[-3.472695,42.452122],[-3.472051,42.452263],[-3.471268,42.452393],[-3.470131,42.452507],[-3.469675,42.452529],[-3.46858,42.452538],[-3.466962,42.452487],[-3.465941,42.452472],[-3.465106,42.452492],[-3.464168,42.452575],[-3.463647,42.452639],[-3.462468,42.452854],[-3.461783,42.453021],[-3.460775,42.453339],[-3.460093,42.453587],[-3.459464,42.453866],[-3.458581,42.454287],[-3.457959,42.454619],[-3.457069,42.455122],[-3.456354,42.455557],[-3.455811,42.455923],[-3.455062,42.456458],[-3.454669,42.456759],[-3.453753,42.45751],[-3.453269,42.457944],[-3.452906,42.458287],[-3.452409,42.458815],[-3.452004,42.459279],[-3.451363,42.460117],[-3.451051,42.460578],[-3.450716,42.461145],[-3.45026,42.462034],[-3.450049,42.462531],[-3.449836,42.463087],[-3.449562,42.463838],[-3.449084,42.465175],[-3.44885,42.465752],[-3.448437,42.466626],[-3.447877,42.467573],[-3.447309,42.468372],[-3.446997,42.468759],[-3.446444,42.469384],[-3.445957,42.469881],[-3.445082,42.470668],[-3.444267,42.471295],[-3.443667,42.471712],[-3.443182,42.472029],[-3.442629,42.472353],[-3.442048,42.47267],[-3.441554,42.472923],[-3.440803,42.473268],[-3.44027,42.473497],[-3.437931,42.47443],[-3.436881,42.474896],[-3.436361,42.475163],[-3.435862,42.47545],[-3.435354,42.475768],[-3.433395,42.47716],[-3.432787,42.477544],[-3.432331,42.4778],[-3.431959,42.477999],[-3.431286,42.478318],[-3.430398,42.478665],[-3.42977,42.478871],[-3.428697,42.479152],[-3.42817,42.479261],[-3.42757,42.479366],[-3.425346,42.479676],[-3.424114,42.479867],[-3.423153,42.480056],[-3.422253,42.480269],[-3.421149,42.480582],[-3.420353,42.480842],[-3.417716,42.481791],[-3.416404,42.482222],[-3.415828,42.482391],[-3.415009,42.482602],[-3.414072,42.482805],[-3.41343,42.482914],[-3.412281,42.483081],[-3.411747,42.483139],[-3.410366,42.483224],[-3.405757,42.483368],[-3.404462,42.483427],[-3.403244,42.483506],[-3.402424,42.483576],[-3.401583,42.483661],[-3.400372,42.48381],[-3.398891,42.484029],[-3.398202,42.484152],[-3.397387,42.484304],[-3.39561,42.484682],[-3.394004,42.485063],[-3.392955,42.485333],[-3.391177,42.485821],[-3.389422,42.486354],[-3.388149,42.486769],[-3.386891,42.487199],[-3.385193,42.487828],[-3.383444,42.488528],[-3.382393,42.488978],[-3.381325,42.489457],[-3.379098,42.490522],[-3.376704,42.491768],[-3.374265,42.493128],[-3.370965,42.495006],[-3.370304,42.495357],[-3.369415,42.495787],[-3.368397,42.496227],[-3.3672,42.496657],[-3.36668,42.496824],[-3.366169,42.496968],[-3.365487,42.497141],[-3.36447,42.497374],[-3.362705,42.497741],[-3.361146,42.498088],[-3.360694,42.4982],[-3.359813,42.49845],[-3.358974,42.498724],[-3.357845,42.499151],[-3.357411,42.499337],[-3.356491,42.499769],[-3.355518,42.500293],[-3.354518,42.500911],[-3.35388,42.501353],[-3.353194,42.501885],[-3.352235,42.502719],[-3.351349,42.503562],[-3.35064,42.504289],[-3.350166,42.504808],[-3.349352,42.50576],[-3.348525,42.506822],[-3.34814,42.507358],[-3.347078,42.508988],[-3.343895,42.514517],[-3.342861,42.516207],[-3.341855,42.517728],[-3.341172,42.518701],[-3.340355,42.519797],[-3.339607,42.52075],[-3.338508,42.52208],[-3.336983,42.523797],[-3.335874,42.524941],[-3.335354,42.525427],[-3.334894,42.525844],[-3.333579,42.526949],[-3.332332,42.527886],[-3.331883,42.528195],[-3.331397,42.528514],[-3.330364,42.529116],[-3.329961,42.529334],[-3.329234,42.529695],[-3.328526,42.530016],[-3.327482,42.530426],[-3.326543,42.530744],[-3.325883,42.530953],[-3.325384,42.53109],[-3.325056,42.531177],[-3.323429,42.53153],[-3.322984,42.531605],[-3.321519,42.5318],[-3.320355,42.531912],[-3.320001,42.531942],[-3.318447,42.532067],[-3.317241,42.532206],[-3.316372,42.532359],[-3.315385,42.532589],[-3.314137,42.532996],[-3.313527,42.533242],[-3.312909,42.533519],[-3.311904,42.534057],[-3.311267,42.534472],[-3.308944,42.536137],[-3.307902,42.536838],[-3.306903,42.537451],[-3.306225,42.53783],[-3.305425,42.538244],[-3.304533,42.538668],[-3.303778,42.538996],[-3.299627,42.540686],[-3.298706,42.54107],[-3.297663,42.541527],[-3.296596,42.542027],[-3.295494,42.542583],[-3.294157,42.543313],[-3.293428,42.543744],[-3.292255,42.544491],[-3.291394,42.545081],[-3.290593,42.545659],[-3.289361,42.546627],[-3.288785,42.547113],[-3.288085,42.547743],[-3.287196,42.548587],[-3.286105,42.549705],[-3.28492,42.550979],[-3.283768,42.552225],[-3.282975,42.553045],[-3.281987,42.553951],[-3.281206,42.554592],[-3.280675,42.555003],[-3.279566,42.555773],[-3.278692,42.556305],[-3.277592,42.556946],[-3.27379,42.559024],[-3.272551,42.559742],[-3.271921,42.560138],[-3.271221,42.560578],[-3.270115,42.561333],[-3.269354,42.561888],[-3.268476,42.56257],[-3.267925,42.563029],[-3.266875,42.563963],[-3.266365,42.564443],[-3.265265,42.565564],[-3.264646,42.566247],[-3.263454,42.567628],[-3.262123,42.569236],[-3.259774,42.571974],[-3.258048,42.57385],[-3.257492,42.574426],[-3.25634,42.575551],[-3.255661,42.57618],[-3.2546,42.577123],[-3.253525,42.578027],[-3.252681,42.578702],[-3.251441,42.579644],[-3.250634,42.580236],[-3.249779,42.580836],[-3.248469,42.581702],[-3.246845,42.582718],[-3.244889,42.583864],[-3.24383,42.584459],[-3.240268,42.586385],[-3.238806,42.587158],[-3.237596,42.587826],[-3.235568,42.588984],[-3.234727,42.589492],[-3.233952,42.589968],[-3.232927,42.590632],[-3.231715,42.591487],[-3.230956,42.592051],[-3.229579,42.593249],[-3.228663,42.594189],[-3.228327,42.594559],[-3.227511,42.595526],[-3.226188,42.597258],[-3.225622,42.597972],[-3.225145,42.598525],[-3.224749,42.598938],[-3.223976,42.599678],[-3.223642,42.599964],[-3.223028,42.600463],[-3.222121,42.601096],[-3.22151,42.601486],[-3.220631,42.601981],[-3.220148,42.602224],[-3.219187,42.602668],[-3.218296,42.603029],[-3.217159,42.603439],[-3.213746,42.604553],[-3.213009,42.604819],[-3.212192,42.605138],[-3.2107,42.605787],[-3.210149,42.606055],[-3.209174,42.606576],[-3.208768,42.606809],[-3.207754,42.607431],[-3.207148,42.607833],[-3.206461,42.608334],[-3.205513,42.60909],[-3.204365,42.610121],[-3.202089,42.612338],[-3.201703,42.612685],[-3.201105,42.61316],[-3.200343,42.613704],[-3.199758,42.614065],[-3.198831,42.614571],[-3.198006,42.614956],[-3.197045,42.615335],[-3.195927,42.61569],[-3.194658,42.616024],[-3.193529,42.616283],[-3.191498,42.616781],[-3.190478,42.617056],[-3.189371,42.617396],[-3.188091,42.617854],[-3.186975,42.618303],[-3.183134,42.62001],[-3.182138,42.620428],[-3.181198,42.620779],[-3.180593,42.620992],[-3.179358,42.621379],[-3.177875,42.621765],[-3.176457,42.622071],[-3.175626,42.622211],[-3.175036,42.622288],[-3.173925,42.622422],[-3.173001,42.622515],[-3.17147,42.622597],[-3.17053,42.622628],[-3.167475,42.622666],[-3.166846,42.622692],[-3.165462,42.622756],[-3.164396,42.622849],[-3.163335,42.622963],[-3.162243,42.623113],[-3.161097,42.62332],[-3.159783,42.623618],[-3.158881,42.623839],[-3.156561,42.624448],[-3.155686,42.624638],[-3.155238,42.624721],[-3.154498,42.624821],[-3.15342,42.624912],[-3.152304,42.624924],[-3.15138,42.624864],[-3.150464,42.62478],[-3.149753,42.624673],[-3.148937,42.624499],[-3.146954,42.623976],[-3.145853,42.623727],[-3.145473,42.623656],[-3.144349,42.623496],[-3.143836,42.623453],[-3.14249,42.623409],[-3.141418,42.623439],[-3.138988,42.62362],[-3.138517,42.623632],[-3.138115,42.623635],[-3.137189,42.623601],[-3.136154,42.623509],[-3.135186,42.623362],[-3.134413,42.623202],[-3.13104,42.622353],[-3.129511,42.622026],[-3.128411,42.621836],[-3.127358,42.621693],[-3.126459,42.621596],[-3.125377,42.621502],[-3.124562,42.621463],[-3.123682,42.621454],[-3.122266,42.621463],[-3.121479,42.6215],[-3.120574,42.621562],[-3.119749,42.621642],[-3.119129,42.621719],[-3.117461,42.621988],[-3.116456,42.622187],[-3.115716,42.622379],[-3.115009,42.622599],[-3.114336,42.622845],[-3.113718,42.623124],[-3.113148,42.623423],[-3.112798,42.623619],[-3.112177,42.624015],[-3.111763,42.624321],[-3.111391,42.624625],[-3.110927,42.625043],[-3.110626,42.625361],[-3.110335,42.625685],[-3.110034,42.626071],[-3.109818,42.626384],[-3.109708,42.626578],[-3.109486,42.626971],[-3.109305,42.627339],[-3.10908,42.627929],[-3.108925,42.628436],[-3.108825,42.628941],[-3.108764,42.629526],[-3.108749,42.630051],[-3.108832,42.631554],[-3.108842,42.631844],[-3.108785,42.632339],[-3.108485,42.633425],[-3.108021,42.634819],[-3.107763,42.635442],[-3.10755,42.635897],[-3.107274,42.636421],[-3.106827,42.636929],[-3.106389,42.637284],[-3.105975,42.637539],[-3.105706,42.637678],[-3.105457,42.63779],[-3.10498,42.637961],[-3.104583,42.638069],[-3.104176,42.63815],[-3.103756,42.638206],[-3.103401,42.638225],[-3.101426,42.638237],[-3.100992,42.638269],[-3.10024,42.638408],[-3.099646,42.638575],[-3.099131,42.638773],[-3.098669,42.638999],[-3.098248,42.63926],[-3.09599,42.640814],[-3.094985,42.641592],[-3.094362,42.6421],[-3.092682,42.643555],[-3.092524,42.643673],[-3.092327,42.643815],[-3.09188,42.644092],[-3.091341,42.644336],[-3.090901,42.644491],[-3.090425,42.644604],[-3.089922,42.644673],[-3.08948,42.644699],[-3.08877,42.644697],[-3.086982,42.644526],[-3.086073,42.644519],[-3.085331,42.644589],[-3.08457,42.644742],[-3.083818,42.645013],[-3.083226,42.645306],[-3.082733,42.64567],[-3.082324,42.64603],[-3.082037,42.646358],[-3.081875,42.646596],[-3.081059,42.648015],[-3.080821,42.64834],[-3.080189,42.648985],[-3.079672,42.649372],[-3.079095,42.64972],[-3.078418,42.650009],[-3.077821,42.650208],[-3.077128,42.650371],[-3.076316,42.650489],[-3.075707,42.650539],[-3.073879,42.650631],[-3.072545,42.650715],[-3.07116,42.650837],[-3.070478,42.650916],[-3.069566,42.651045],[-3.067848,42.651363],[-3.066496,42.651688],[-3.065723,42.651907],[-3.065136,42.652094],[-3.064158,42.65247],[-3.063323,42.652849],[-3.062785,42.653113],[-3.061997,42.653536],[-3.061479,42.653796],[-3.06051,42.654241],[-3.060014,42.654433],[-3.059209,42.654702],[-3.058384,42.654929],[-3.056971,42.655201],[-3.053804,42.655593],[-3.052864,42.65576],[-3.051936,42.65599],[-3.051012,42.656276],[-3.05013,42.656602],[-3.049259,42.656973],[-3.048335,42.657342],[-3.047392,42.657686],[-3.046437,42.657939],[-3.045613,42.658112],[-3.044761,42.658256],[-3.041928,42.658591],[-3.041122,42.658734],[-3.04045,42.658887],[-3.039726,42.659082],[-3.038506,42.659494],[-3.03756,42.659934],[-3.037062,42.66019],[-3.036177,42.660708],[-3.035584,42.661124],[-3.035287,42.661359],[-3.034341,42.662208],[-3.033446,42.66325],[-3.032924,42.664101],[-3.032621,42.664703],[-3.032352,42.665399],[-3.031822,42.666973],[-3.031168,42.668301],[-3.030734,42.668953],[-3.030287,42.669529],[-3.029723,42.670151],[-3.029022,42.670757],[-3.028513,42.671139],[-3.028013,42.671485],[-3.027447,42.671818],[-3.026816,42.672148],[-3.026071,42.672495],[-3.023142,42.67361],[-3.022077,42.67404],[-3.021051,42.674499],[-3.020081,42.674955],[-3.019212,42.675429],[-3.018099,42.676083],[-3.015221,42.677932],[-3.013194,42.679192],[-3.010292,42.680896],[-3.008938,42.681646],[-3.007751,42.682327],[-3.006354,42.683073],[-3.003686,42.684431],[-3.002068,42.685205],[-2.999315,42.68648],[-2.996169,42.687883],[-2.993053,42.689349],[-2.989247,42.691289],[-2.987434,42.692268],[-2.98465,42.693829],[-2.980953,42.696105],[-2.978071,42.697929],[-2.976443,42.698868],[-2.975186,42.699521],[-2.974871,42.699676],[-2.97413,42.700047],[-2.973296,42.700429],[-2.972541,42.700748],[-2.971238,42.701269],[-2.97002,42.701711],[-2.968855,42.702093],[-2.967653,42.702454],[-2.967211,42.702571],[-2.966187,42.702846],[-2.96431,42.70326],[-2.963132,42.703479],[-2.961926,42.703683],[-2.960766,42.703846],[-2.959318,42.704025],[-2.957867,42.704174],[-2.956343,42.704303],[-2.953203,42.704551],[-2.950999,42.704685],[-2.948369,42.704805],[-2.946895,42.704856],[-2.945169,42.704896],[-2.942464,42.704928],[-2.941888,42.704932],[-2.938935,42.704897],[-2.936062,42.70482],[-2.933027,42.704677],[-2.931292,42.704571],[-2.929745,42.704469],[-2.928021,42.704328],[-2.92729,42.70426],[-2.925262,42.704065],[-2.924192,42.703965],[-2.92346,42.703898],[-2.921622,42.70373],[-2.919548,42.703615],[-2.917955,42.703589],[-2.917126,42.703599],[-2.916133,42.70362],[-2.91566,42.703576],[-2.913765,42.703595],[-2.913444,42.703578],[-2.91323,42.70355],[-2.912708,42.703426],[-2.912267,42.703269],[-2.911704,42.703026],[-2.911305,42.702879],[-2.911049,42.702819],[-2.91081,42.702792],[-2.910525,42.702801],[-2.910319,42.702825],[-2.910148,42.702868],[-2.909864,42.702972],[-2.909661,42.703096],[-2.90952,42.70321],[-2.909373,42.703364],[-2.909273,42.703521],[-2.909208,42.703698],[-2.909171,42.703873],[-2.909204,42.70418],[-2.909326,42.704592],[-2.909455,42.705005],[-2.909494,42.705412],[-2.909476,42.705651],[-2.909427,42.705861],[-2.909352,42.706069],[-2.909251,42.706262],[-2.909057,42.706508],[-2.908932,42.70662],[-2.908757,42.706754],[-2.908587,42.706824],[-2.907483,42.707281],[-2.907325,42.707357],[-2.906544,42.707754],[-2.906261,42.70789],[-2.905932,42.707969],[-2.905606,42.708025],[-2.905267,42.708045],[-2.905014,42.708036],[-2.90473,42.707983],[-2.904447,42.707888],[-2.90391,42.707628],[-2.903633,42.707516],[-2.903341,42.707445],[-2.903164,42.707421],[-2.902883,42.707424],[-2.902692,42.707446],[-2.902338,42.707546],[-2.901991,42.707736],[-2.90188,42.707826],[-2.901741,42.707973],[-2.901653,42.708106],[-2.901586,42.708261],[-2.901551,42.708433],[-2.901556,42.708648],[-2.901596,42.708806],[-2.901671,42.708959],[-2.901755,42.709071],[-2.901959,42.709282],[-2.902595,42.709825],[-2.902868,42.710115],[-2.902963,42.71025],[-2.903209,42.710701],[-2.903615,42.711625],[-2.903877,42.712083],[-2.904088,42.712421],[-2.904569,42.713032],[-2.905189,42.713871],[-2.905637,42.714416],[-2.906229,42.71508],[-2.906816,42.715701],[-2.907405,42.716258],[-2.907949,42.716731],[-2.909237,42.717752],[-2.909881,42.718203],[-2.910516,42.718621],[-2.911317,42.719082],[-2.911963,42.719406],[-2.912536,42.719659],[-2.913054,42.719863],[-2.913658,42.720074],[-2.915413,42.720602],[-2.915865,42.720746],[-2.916459,42.720959],[-2.917027,42.721195],[-2.917581,42.721456],[-2.918123,42.721735],[-2.918713,42.722086],[-2.919166,42.722392],[-2.919662,42.722758],[-2.920055,42.723085],[-2.920388,42.723381],[-2.92106,42.724087],[-2.921646,42.724846],[-2.921951,42.725332],[-2.92226,42.725931],[-2.922447,42.726344],[-2.922609,42.726815],[-2.922774,42.727398],[-2.922903,42.727988],[-2.923033,42.728757],[-2.923112,42.729364],[-2.923171,42.730091],[-2.923166,42.730608],[-2.92313,42.731037],[-2.923045,42.731583],[-2.922948,42.732014],[-2.92285,42.732339],[-2.922659,42.732876],[-2.922192,42.733822],[-2.921884,42.73432],[-2.921209,42.735178],[-2.920778,42.735623],[-2.920358,42.735999],[-2.919609,42.736618],[-2.918415,42.737513],[-2.917967,42.737878],[-2.917373,42.738438],[-2.91674,42.739141],[-2.916115,42.739889],[-2.915695,42.740369],[-2.91523,42.740849],[-2.91471,42.741304],[-2.914145,42.741726],[-2.913613,42.742093],[-2.913082,42.742411],[-2.912441,42.742756],[-2.911969,42.742982],[-2.910754,42.743515],[-2.910054,42.743867],[-2.909249,42.744365],[-2.908766,42.744714],[-2.908171,42.745226],[-2.907551,42.745876],[-2.906735,42.747029],[-2.906264,42.748046],[-2.906091,42.748883],[-2.906035,42.749733],[-2.906127,42.75067],[-2.90656,42.752362],[-2.906626,42.752777],[-2.906666,42.753296],[-2.906656,42.753727],[-2.906586,42.754337],[-2.906475,42.75482],[-2.906328,42.755263],[-2.906173,42.755646],[-2.905944,42.756104],[-2.905645,42.756595],[-2.905279,42.757088],[-2.90481,42.757592],[-2.904394,42.757991],[-2.903241,42.758967],[-2.902938,42.759246],[-2.902569,42.75964],[-2.90222,42.76006],[-2.901869,42.760575],[-2.901636,42.760978],[-2.901399,42.761481],[-2.901234,42.761941],[-2.901084,42.762503],[-2.901001,42.763077],[-2.900975,42.763546],[-2.900989,42.764022],[-2.901032,42.764385],[-2.901107,42.764778],[-2.901256,42.765336],[-2.901401,42.765734],[-2.901616,42.766185],[-2.90197,42.7668],[-2.902391,42.767369],[-2.902945,42.767975],[-2.903185,42.768204],[-2.903463,42.768445],[-2.903898,42.768781],[-2.905072,42.769586],[-2.905514,42.769914],[-2.905947,42.770273],[-2.906383,42.770677],[-2.90669,42.771012],[-2.907047,42.771456],[-2.907331,42.771882],[-2.907571,42.772306],[-2.907787,42.77277],[-2.907962,42.773245],[-2.90807,42.773659],[-2.908152,42.77414],[-2.908191,42.774474],[-2.908206,42.774933],[-2.908166,42.775654],[-2.908083,42.776214],[-2.907988,42.776645],[-2.907863,42.777047],[-2.907678,42.777547],[-2.907261,42.778391],[-2.906814,42.779102],[-2.906322,42.779738],[-2.905747,42.780332],[-2.905072,42.780924],[-2.904536,42.781332],[-2.902823,42.782489],[-2.902083,42.783063],[-2.901603,42.783495],[-2.901173,42.783934],[-2.900745,42.78443],[-2.900434,42.784847],[-2.900143,42.785283],[-2.899909,42.785693],[-2.899698,42.786113],[-2.899498,42.786591],[-2.899355,42.786997],[-2.89923,42.787443],[-2.89913,42.787923],[-2.899033,42.788821],[-2.899044,42.789471],[-2.899098,42.789973],[-2.899176,42.790417],[-2.899324,42.791005],[-2.899508,42.791554],[-2.899779,42.792158],[-2.90005,42.792653],[-2.900317,42.793085],[-2.900546,42.793414],[-2.900876,42.793831],[-2.901204,42.794207],[-2.901481,42.794491],[-2.902814,42.79577],[-2.903137,42.796111],[-2.903414,42.796434],[-2.903668,42.796767],[-2.903904,42.797101],[-2.904335,42.797816],[-2.904596,42.798371],[-2.904804,42.798925],[-2.904989,42.79962],[-2.905089,42.800266],[-2.905135,42.800728],[-2.905133,42.801427],[-2.905013,42.803108],[-2.90501,42.803369],[-2.905049,42.803972],[-2.905112,42.804427],[-2.905503,42.806257],[-2.905583,42.806879],[-2.905603,42.807333],[-2.905592,42.807804],[-2.905544,42.808304],[-2.905461,42.808761],[-2.905353,42.809202],[-2.905201,42.809669],[-2.905042,42.810073],[-2.904847,42.810489],[-2.904543,42.811052],[-2.904303,42.811426],[-2.904033,42.811793],[-2.90374,42.812151],[-2.903333,42.812595],[-2.902927,42.81299],[-2.902572,42.813306],[-2.902084,42.813678],[-2.901384,42.814165],[-2.900284,42.814884],[-2.899957,42.815129],[-2.899616,42.815416],[-2.899336,42.815685],[-2.89887,42.816186],[-2.89859,42.816482],[-2.898325,42.81673],[-2.898045,42.816957],[-2.897645,42.817233],[-2.897068,42.817591],[-2.896038,42.818099],[-2.895633,42.818318],[-2.895316,42.818504],[-2.895027,42.818697],[-2.894464,42.819137],[-2.894088,42.819498],[-2.893809,42.819803],[-2.893314,42.820544],[-2.893151,42.82091],[-2.893083,42.821138],[-2.893015,42.821595],[-2.893012,42.821867],[-2.893032,42.822069],[-2.893137,42.822504],[-2.893229,42.822756],[-2.893367,42.822998],[-2.893762,42.823508],[-2.89459,42.824279],[-2.894986,42.82471],[-2.895133,42.824899],[-2.895304,42.825186],[-2.895451,42.825517],[-2.895529,42.82581],[-2.895571,42.826147],[-2.895577,42.826422],[-2.895542,42.826698],[-2.895268,42.827774],[-2.895162,42.828309],[-2.895164,42.828987],[-2.895192,42.82962],[-2.895155,42.830019],[-2.895115,42.830213],[-2.894938,42.830648],[-2.89483,42.83085],[-2.894425,42.831459],[-2.894106,42.832005],[-2.893995,42.832218],[-2.893922,42.832411],[-2.893835,42.832811],[-2.893827,42.832963],[-2.893845,42.833303],[-2.893978,42.834322],[-2.89397,42.834875],[-2.893898,42.835668],[-2.893898,42.836299],[-2.894129,42.838058],[-2.894176,42.838644],[-2.8942,42.839467],[-2.89414,42.840217],[-2.894047,42.840768],[-2.893945,42.84123],[-2.893907,42.841414],[-2.893778,42.841829],[-2.893037,42.843807],[-2.892871,42.844373],[-2.892702,42.845314],[-2.892675,42.84571],[-2.892671,42.8462],[-2.892698,42.846611],[-2.892778,42.84722],[-2.893101,42.848903],[-2.893241,42.849869],[-2.893294,42.850485],[-2.893309,42.851605],[-2.893282,42.852183],[-2.893214,42.852951],[-2.892973,42.85509],[-2.892938,42.855726],[-2.892933,42.856348],[-2.892985,42.85729],[-2.893093,42.858196],[-2.89363,42.861107],[-2.893722,42.861898],[-2.89377,42.862652],[-2.893766,42.863438],[-2.893696,42.864503],[-2.893545,42.865476],[-2.893416,42.866112],[-2.893273,42.866671],[-2.892805,42.868216],[-2.892612,42.868937],[-2.892526,42.869386],[-2.892451,42.870048],[-2.892448,42.870552],[-2.892479,42.87109],[-2.892545,42.871564],[-2.892653,42.872069],[-2.892824,42.872651],[-2.893165,42.873595],[-2.893441,42.874392],[-2.89371,42.87536],[-2.893846,42.876084],[-2.893918,42.87687],[-2.893934,42.877283],[-2.89396,42.877871],[-2.893826,42.879105],[-2.893673,42.879928],[-2.893324,42.881092],[-2.893071,42.881806],[-2.892732,42.882958],[-2.892566,42.883615],[-2.892449,42.884137],[-2.892274,42.885296],[-2.892214,42.886183],[-2.892205,42.886664],[-2.892248,42.887768],[-2.892323,42.888481],[-2.892416,42.889088],[-2.892529,42.889626],[-2.892755,42.890522],[-2.893156,42.891694],[-2.893554,42.892616],[-2.894315,42.894039],[-2.896061,42.896722],[-2.896371,42.897304],[-2.896555,42.897726],[-2.896756,42.898293],[-2.896858,42.898659],[-2.896953,42.899146],[-2.89701,42.89958],[-2.897039,42.900055],[-2.897038,42.900497],[-2.897,42.900982],[-2.896908,42.90155],[-2.89676,42.902173],[-2.89655,42.902927],[-2.896378,42.903724],[-2.896277,42.904521],[-2.896293,42.905237],[-2.896361,42.905946],[-2.896494,42.906588],[-2.896648,42.907091],[-2.896858,42.907645],[-2.897164,42.908262],[-2.897518,42.908857],[-2.898108,42.909688],[-2.898617,42.91031],[-2.899565,42.911366],[-2.90135,42.913294],[-2.901929,42.913985],[-2.90242,42.914638],[-2.902855,42.915318],[-2.903066,42.915695],[-2.903234,42.91605],[-2.903457,42.916601],[-2.903605,42.917076],[-2.903756,42.917728],[-2.903817,42.91818],[-2.903842,42.918581],[-2.903792,42.919491],[-2.903737,42.919935],[-2.903645,42.920392],[-2.903517,42.920867],[-2.903339,42.921378],[-2.903118,42.921891],[-2.902917,42.922271],[-2.902709,42.922621],[-2.902343,42.923163],[-2.901944,42.923647],[-2.901546,42.924081],[-2.901146,42.924458],[-2.900616,42.924924],[-2.898654,42.92653],[-2.897895,42.927256],[-2.897431,42.927745],[-2.896961,42.928277],[-2.896626,42.928702],[-2.896331,42.929102],[-2.895982,42.929626],[-2.895712,42.930072],[-2.89532,42.930816],[-2.894872,42.931824],[-2.894497,42.932881],[-2.894242,42.933826],[-2.894106,42.934466],[-2.894012,42.935043],[-2.893937,42.935672],[-2.893758,42.937827],[-2.893611,42.938896],[-2.893547,42.939172],[-2.893452,42.939548],[-2.893216,42.940296],[-2.892909,42.941004],[-2.892521,42.941654],[-2.89209,42.942281],[-2.89163,42.942827],[-2.891139,42.943327],[-2.890609,42.94379],[-2.890031,42.944236],[-2.889507,42.944583],[-2.888632,42.945103],[-2.887682,42.945584],[-2.886501,42.946116],[-2.885306,42.94662],[-2.884097,42.947103],[-2.883083,42.947535],[-2.882479,42.947808],[-2.881933,42.948076],[-2.881161,42.948496],[-2.880734,42.948757],[-2.880149,42.949159],[-2.879492,42.949678],[-2.878924,42.950204],[-2.878215,42.950966],[-2.877582,42.951744],[-2.876254,42.9535],[-2.875816,42.954045],[-2.875225,42.954718],[-2.874716,42.955224],[-2.874128,42.95575],[-2.871334,42.957893],[-2.870876,42.958283],[-2.870392,42.95876],[-2.869961,42.959243],[-2.869733,42.959544],[-2.869459,42.95995],[-2.869316,42.960193],[-2.869159,42.960547],[-2.869042,42.960865],[-2.868979,42.961116],[-2.86892,42.961432],[-2.868867,42.961891],[-2.868868,42.96217],[-2.868945,42.962909],[-2.869041,42.963298],[-2.869175,42.963683],[-2.86946,42.964271],[-2.869651,42.964572],[-2.869894,42.964896],[-2.870303,42.96535],[-2.870546,42.965585],[-2.871016,42.96596],[-2.87123,42.96611],[-2.871629,42.966354],[-2.872161,42.966633],[-2.872489,42.966784],[-2.874495,42.967602],[-2.875221,42.967959],[-2.875509,42.968128],[-2.876038,42.968496],[-2.87618,42.968612],[-2.876502,42.968923],[-2.8769,42.969322],[-2.877346,42.969899],[-2.877593,42.97033],[-2.877763,42.970716],[-2.877905,42.971119],[-2.877984,42.97146],[-2.878048,42.971887],[-2.878062,42.972314],[-2.878008,42.972797],[-2.877917,42.973206],[-2.877792,42.973605],[-2.877593,42.97407],[-2.877333,42.974516],[-2.877029,42.974932],[-2.8767,42.975303],[-2.875866,42.9761],[-2.875492,42.976493],[-2.875133,42.976906],[-2.874586,42.977779],[-2.873807,42.979175],[-2.87359,42.979522],[-2.873333,42.979843],[-2.872853,42.980362],[-2.872415,42.980781],[-2.87133,42.981699],[-2.870983,42.982024],[-2.870673,42.982364],[-2.870363,42.982775],[-2.870165,42.983092],[-2.869972,42.983455],[-2.869852,42.983747],[-2.869716,42.984159],[-2.869646,42.98446],[-2.869576,42.984937],[-2.869549,42.985322],[-2.869547,42.985776],[-2.86961,42.986293],[-2.869718,42.986747],[-2.869873,42.98719],[-2.87004,42.987541],[-2.870251,42.987908],[-2.870565,42.988331],[-2.870838,42.988654],[-2.871047,42.988869],[-2.871364,42.989151],[-2.871746,42.989464],[-2.873948,42.991039],[-2.874596,42.991546],[-2.875161,42.992043],[-2.875826,42.992655],[-2.877683,42.994694],[-2.878067,42.995063],[-2.878424,42.995374],[-2.878917,42.995749],[-2.879253,42.995977],[-2.879676,42.996234],[-2.880081,42.996448],[-2.880677,42.996736],[-2.881101,42.996919],[-2.883376,42.997762],[-2.884053,42.998015],[-2.885051,42.998443],[-2.885538,42.998675],[-2.888306,43.000174],[-2.888962,43.000503],[-2.889729,43.000857],[-2.892734,43.002106],[-2.893191,43.002309],[-2.893614,43.00251],[-2.894153,43.002793],[-2.894652,43.00309],[-2.895136,43.003435],[-2.89558,43.003794],[-2.895973,43.004176],[-2.896311,43.004558],[-2.896623,43.00497],[-2.897398,43.006275],[-2.897678,43.006688],[-2.898183,43.007283],[-2.89841,43.007495],[-2.898717,43.007763],[-2.899115,43.008064],[-2.900542,43.008992],[-2.900858,43.009226],[-2.901402,43.009702],[-2.901956,43.010347],[-2.902141,43.010611],[-2.902349,43.010969],[-2.902531,43.011333],[-2.902992,43.012389],[-2.903133,43.01266],[-2.903588,43.013342],[-2.904084,43.013916],[-2.904921,43.014767],[-2.905598,43.015381],[-2.906378,43.016038],[-2.908446,43.01761],[-2.909496,43.01844],[-2.91003,43.018902],[-2.910562,43.019402],[-2.911026,43.019866],[-2.91145,43.02037],[-2.911717,43.020759],[-2.911914,43.021105],[-2.912174,43.021706],[-2.912335,43.02245],[-2.91236,43.022886],[-2.91236,43.023297],[-2.912242,43.024277],[-2.911758,43.026378],[-2.911667,43.026934],[-2.911608,43.02744],[-2.911591,43.027875],[-2.911595,43.028281],[-2.911648,43.028745],[-2.911721,43.029173],[-2.911853,43.029721],[-2.912029,43.030286],[-2.912251,43.030864],[-2.912707,43.031815],[-2.913251,43.032686],[-2.913778,43.033414],[-2.914314,43.034048],[-2.914903,43.03467],[-2.915529,43.035243],[-2.916009,43.035655],[-2.917106,43.036508],[-2.918209,43.037408],[-2.918674,43.037825],[-2.919096,43.038233],[-2.919472,43.038668],[-2.919811,43.039114],[-2.920201,43.039776],[-2.920484,43.04035],[-2.920919,43.041414],[-2.921146,43.041902],[-2.92137,43.042308],[-2.921731,43.042867],[-2.922203,43.043524],[-2.922535,43.044032],[-2.922791,43.044498],[-2.922999,43.044942],[-2.923235,43.045629],[-2.923514,43.046653],[-2.923785,43.047516],[-2.923926,43.047887],[-2.924311,43.048631],[-2.924583,43.049044],[-2.924905,43.049485],[-2.925252,43.049891],[-2.925634,43.050276],[-2.926036,43.050645],[-2.926736,43.051204],[-2.927684,43.051835],[-2.929247,43.052814],[-2.929678,43.053143],[-2.930327,43.053567],[-2.930713,43.053876],[-2.931015,43.054157],[-2.9315,43.054685],[-2.931831,43.055163],[-2.932014,43.055478],[-2.932161,43.055796],[-2.932315,43.056203],[-2.932416,43.056603],[-2.932472,43.056928],[-2.932495,43.057229],[-2.932478,43.057724],[-2.932419,43.058129],[-2.93232,43.058513],[-2.932177,43.058918],[-2.932023,43.059264],[-2.931499,43.060267],[-2.931298,43.060732],[-2.93115,43.061176],[-2.931067,43.061645],[-2.931029,43.062119],[-2.931032,43.063338],[-2.931006,43.063682],[-2.93095,43.064039],[-2.930865,43.064405],[-2.930708,43.064842],[-2.930516,43.065236],[-2.930303,43.065598],[-2.930019,43.065985],[-2.92973,43.066323],[-2.929399,43.066636],[-2.928986,43.066982],[-2.928648,43.06722],[-2.928039,43.067591],[-2.926772,43.068327],[-2.926042,43.068811],[-2.92565,43.069115],[-2.925404,43.069344],[-2.925047,43.069714],[-2.924725,43.070097],[-2.924011,43.071074],[-2.923495,43.071693],[-2.922961,43.072212],[-2.922406,43.07266],[-2.921826,43.073096],[-2.921374,43.073479],[-2.921069,43.073777],[-2.920787,43.074102],[-2.920497,43.07448],[-2.919982,43.075185],[-2.919645,43.075603],[-2.919333,43.07592],[-2.919007,43.076217],[-2.917679,43.077248],[-2.917326,43.077568],[-2.916825,43.078109],[-2.916557,43.078476],[-2.916278,43.078945],[-2.916138,43.079233],[-2.915502,43.080836],[-2.914716,43.082507],[-2.914584,43.082851],[-2.914503,43.083143],[-2.914384,43.083893],[-2.914376,43.084291],[-2.914411,43.084693],[-2.914494,43.085125],[-2.914615,43.085523],[-2.914793,43.085977],[-2.915123,43.086609],[-2.915778,43.087658],[-2.916375,43.08857],[-2.916766,43.089226],[-2.917308,43.090202],[-2.917509,43.090602],[-2.917651,43.090919],[-2.917921,43.091684],[-2.918101,43.092315],[-2.918253,43.092956],[-2.918359,43.093532],[-2.918462,43.094612],[-2.91845,43.095706],[-2.918409,43.096195],[-2.918258,43.097182],[-2.918117,43.097788],[-2.917971,43.098261],[-2.917801,43.098718],[-2.917614,43.099122],[-2.917383,43.099568],[-2.916216,43.101422],[-2.915818,43.102207],[-2.915528,43.103014],[-2.915354,43.103781],[-2.915274,43.1045],[-2.915263,43.105115],[-2.915304,43.106538],[-2.915268,43.107174],[-2.915214,43.107642],[-2.915042,43.108479],[-2.91442,43.110638],[-2.914242,43.111632],[-2.914202,43.11209],[-2.914184,43.112547],[-2.914216,43.113396],[-2.914326,43.114188],[-2.914462,43.114829],[-2.914594,43.1153],[-2.914849,43.116046],[-2.915477,43.117723],[-2.915593,43.118142],[-2.915681,43.118551],[-2.915902,43.120069],[-2.915993,43.120535],[-2.916249,43.121412],[-2.916544,43.122095],[-2.916697,43.122394],[-2.917125,43.123099],[-2.917407,43.123486],[-2.918032,43.124221],[-2.918416,43.124593],[-2.91907,43.12517],[-2.919565,43.125546],[-2.921614,43.126886],[-2.921985,43.12715],[-2.922635,43.127667],[-2.92423,43.129134],[-2.924763,43.129569],[-2.925382,43.130011],[-2.926165,43.130478],[-2.926669,43.130747],[-2.929083,43.131872],[-2.929383,43.132021],[-2.929766,43.132241],[-2.930079,43.132426],[-2.930975,43.133039],[-2.931238,43.133245],[-2.931706,43.133654],[-2.932214,43.134138],[-2.932651,43.134638],[-2.933077,43.135201],[-2.933376,43.135651],[-2.933664,43.136138],[-2.934197,43.137106],[-2.934413,43.137515],[-2.934626,43.137912],[-2.934747,43.138258],[-2.935144,43.139126],[-2.935181,43.139209],[-2.935208,43.139265],[-2.935634,43.140112],[-2.935937,43.14068],[-2.936507,43.142006],[-2.936808,43.142833],[-2.937363,43.144504],[-2.937789,43.145873],[-2.938153,43.147275],[-2.938248,43.14774],[-2.938323,43.148234],[-2.938361,43.14869],[-2.938359,43.149203],[-2.938334,43.149611],[-2.938267,43.150107],[-2.938176,43.15054],[-2.937925,43.151301],[-2.937847,43.151551],[-2.937649,43.151984],[-2.93741,43.152431],[-2.937128,43.152879],[-2.936922,43.153182],[-2.936643,43.153538],[-2.936466,43.153742],[-2.936054,43.154153],[-2.93546,43.154689],[-2.934981,43.155037],[-2.934045,43.155588],[-2.933406,43.155891],[-2.932577,43.156225],[-2.931452,43.1566],[-2.929834,43.15713],[-2.929358,43.157304],[-2.929275,43.15734],[-2.928606,43.157628],[-2.928276,43.157787],[-2.927556,43.158216],[-2.926969,43.158604],[-2.926187,43.159186],[-2.925657,43.159647],[-2.924788,43.160466],[-2.923914,43.161222],[-2.923155,43.161781],[-2.922208,43.162383],[-2.921364,43.162922],[-2.920749,43.163367],[-2.920339,43.163705],[-2.919448,43.164533],[-2.918419,43.165938],[-2.918138,43.166483],[-2.917894,43.167097],[-2.91784,43.167287],[-2.917566,43.168309],[-2.917369,43.168937],[-2.917148,43.169458],[-2.916747,43.170206],[-2.916285,43.170857],[-2.915755,43.171482],[-2.915384,43.171841],[-2.915057,43.172124],[-2.914499,43.172568],[-2.913911,43.172971],[-2.913227,43.173346],[-2.912563,43.173686],[-2.912215,43.173835],[-2.911873,43.173958],[-2.911339,43.174156],[-2.910762,43.17433],[-2.910319,43.174452],[-2.909687,43.174602],[-2.907176,43.175012],[-2.906017,43.175273],[-2.905446,43.175424],[-2.904883,43.175601],[-2.903603,43.176107],[-2.90313,43.176334],[-2.902474,43.17668],[-2.901864,43.177062],[-2.90142,43.177376],[-2.900947,43.177757],[-2.900429,43.178226],[-2.89991,43.178752],[-2.899681,43.179019],[-2.89864,43.180368],[-2.898247,43.180844],[-2.897922,43.181204],[-2.897452,43.181669],[-2.896599,43.182452],[-2.896355,43.182672],[-2.895982,43.183051],[-2.895787,43.183281],[-2.895515,43.183644],[-2.895153,43.18422],[-2.894893,43.184757],[-2.894777,43.185073],[-2.894556,43.185816],[-2.894447,43.186524],[-2.894421,43.18703],[-2.894434,43.18758],[-2.894482,43.187991],[-2.894659,43.188651],[-2.894942,43.18938],[-2.895775,43.19089],[-2.895875,43.1911],[-2.896107,43.191671],[-2.896374,43.192549],[-2.896671,43.193537],[-2.896812,43.194205],[-2.896875,43.194502],[-2.89691,43.195281],[-2.896826,43.195971],[-2.896778,43.196221],[-2.896616,43.196806],[-2.896468,43.197199],[-2.896304,43.197562],[-2.895909,43.198243],[-2.895514,43.19877],[-2.895198,43.199177],[-2.89473,43.199674],[-2.894346,43.200067],[-2.893709,43.200816],[-2.893337,43.20139],[-2.892968,43.202121],[-2.892862,43.202352],[-2.892705,43.202814],[-2.892594,43.203262],[-2.892537,43.203619],[-2.8925,43.204279],[-2.892527,43.204851],[-2.892596,43.205278],[-2.892673,43.205617],[-2.892994,43.206545],[-2.893255,43.207035],[-2.893436,43.207332],[-2.894312,43.208643],[-2.894633,43.209246],[-2.894755,43.209552],[-2.894925,43.210098],[-2.89501,43.210546],[-2.895121,43.211655],[-2.895192,43.212108],[-2.895266,43.212412],[-2.895417,43.212828],[-2.895547,43.213123],[-2.895815,43.213574],[-2.89608,43.213954],[-2.896379,43.214305],[-2.896588,43.21452],[-2.89701,43.214892],[-2.897435,43.215231],[-2.897959,43.215556],[-2.898306,43.215746],[-2.898844,43.215995],[-2.899674,43.216298],[-2.900461,43.216509],[-2.901383,43.216683],[-2.903804,43.217072],[-2.904591,43.217236],[-2.905163,43.217381],[-2.905946,43.217626],[-2.906818,43.217953],[-2.907561,43.218282],[-2.908357,43.218701],[-2.908714,43.218883],[-2.909741,43.219542],[-2.910472,43.220054],[-2.911323,43.220696],[-2.912394,43.221567],[-2.912889,43.221994],[-2.913672,43.222696],[-2.914176,43.223198],[-2.914579,43.223666],[-2.914823,43.224003],[-2.915148,43.22457],[-2.915337,43.225036],[-2.91551,43.225757],[-2.915552,43.226162],[-2.915536,43.22665],[-2.915475,43.227085],[-2.915346,43.227594],[-2.915189,43.227993],[-2.914643,43.229151],[-2.914498,43.229526],[-2.914382,43.229937],[-2.914336,43.230203],[-2.914312,43.230518],[-2.914328,43.230959],[-2.914442,43.231567],[-2.914667,43.232154],[-2.914853,43.23249],[-2.915073,43.232826],[-2.915516,43.233378],[-2.916,43.23386],[-2.916626,43.234422],[-2.91708,43.23472],[-2.917545,43.234988],[-2.918392,43.235426],[-2.918697,43.235625],[-2.918933,43.235834],[-2.9194,43.23629],[-2.919958,43.236979],[-2.920312,43.237352],[-2.920739,43.237727],[-2.920966,43.237881],[-2.921228,43.238004],[-2.921676,43.238179],[-2.921999,43.238271],[-2.922297,43.238329],[-2.922665,43.238379],[-2.923711,43.238464],[-2.924278,43.238555],[-2.924623,43.238641],[-2.92498,43.238775],[-2.925326,43.238947],[-2.925626,43.239147],[-2.925847,43.239327],[-2.926075,43.239545],[-2.926365,43.239871],[-2.926712,43.240353],[-2.926988,43.240852],[-2.9271,43.241035],[-2.927366,43.2416],[-2.927505,43.241844],[-2.927764,43.242183],[-2.927955,43.242402],[-2.928183,43.242612],[-2.928591,43.242919],[-2.928761,43.24302],[-2.929063,43.243181],[-2.929985,43.243603],[-2.930249,43.243748],[-2.930507,43.243908],[-2.930714,43.244069],[-2.930947,43.244296],[-2.931226,43.244712],[-2.931621,43.245382],[-2.931974,43.245832],[-2.932461,43.246328],[-2.933036,43.246808],[-2.933578,43.247148],[-2.933923,43.247333],[-2.934333,43.247542],[-2.935153,43.247895],[-2.935312,43.247981],[-2.935496,43.248126],[-2.93561,43.248266],[-2.935691,43.248411],[-2.935735,43.24861],[-2.935727,43.248785],[-2.935663,43.24895],[-2.935586,43.249089],[-2.93532,43.249456],[-2.934701,43.250096],[-2.934641,43.250166],[-2.934571,43.250193],[-2.934438,43.250303],[-2.934341,43.250433],[-2.934297,43.250544],[-2.934283,43.25065],[-2.934301,43.250771],[-2.93433,43.250831],[-2.934481,43.251241],[-2.934539,43.251483],[-2.934545,43.2519],[-2.934503,43.252201],[-2.934442,43.252493],[-2.934224,43.253081],[-2.933799,43.254117],[-2.933623,43.254595],[-2.933266,43.25544],[-2.933224,43.255593],[-2.933194,43.255885],[-2.933194,43.255994],[-2.933255,43.256226],[-2.933308,43.256341],[-2.933324,43.256375],[-2.933384,43.256504],[-2.933574,43.256753],[-2.933795,43.256978],[-2.933848,43.257065],[-2.933893,43.25717],[-2.933902,43.257218],[-2.934062,43.257235],[-2.934131,43.257268],[-2.934175,43.257282],[-2.93421,43.257289],[-2.934302,43.257312],[-2.934443,43.257317],[-2.935493,43.25791],[-2.936759,43.258667],[-2.936606,43.259062],[-2.93651,43.259127],[-2.936492,43.259213],[-2.936336,43.259602],[-2.936242,43.259814],[-2.936218,43.259834],[-2.936037,43.259883],[-2.93595,43.259943],[-2.935913,43.259993],[-2.935896,43.260056],[-2.935932,43.260147],[-2.936008,43.260217],[-2.936098,43.260252],[-2.935808,43.260967],[-2.935404,43.261933],[-2.93513,43.262633],[-2.934868,43.262619],[-2.934737,43.262634],[-2.934518,43.262702],[-2.934416,43.262787],[-2.93436,43.262924],[-2.934387,43.263077],[-2.934456,43.263188],[-2.934582,43.263268]]}},{"type":"Feature","properties":{"routeId":"route-002","originId":"bilbao","destinationId":"zaragoza","logicalEndpoints":[[-2.935,43.263],[-0.8891,41.6488]],"returnedEndpoints":[[-2.935214,43.262662],[-0.889102,41.648802]],"snapDistancesMeters":[41.38633276240596,0.27761883563719497],"summary":{"distanceMeters":302893.8,"durationSeconds":16211},"riskSnaps":[{"riskId":"rest-deadline-vehicle-002","kind":"segment","startIndex":2008,"endIndex":2009,"startCoordinate":[-2.013807,42.332834],"endCoordinate":[-2.007907,42.328942]},{"riskId":"restriction-weight-26","kind":"point","startIndex":1339,"endIndex":1339,"startCoordinate":[-2.839165,42.539463],"endCoordinate":[-2.839165,42.539463]}]},"geometry":{"type":"LineString","coordinates":[[-2.935214,43.262662],[-2.93513,43.262633],[-2.935404,43.261933],[-2.935808,43.260967],[-2.935069,43.260813],[-2.934345,43.260662],[-2.934559,43.260153],[-2.934736,43.259734],[-2.934916,43.259284],[-2.935105,43.258812],[-2.935493,43.25791],[-2.935614,43.257612],[-2.935718,43.257366],[-2.935741,43.257306],[-2.935313,43.257286],[-2.934949,43.257266],[-2.934705,43.257247],[-2.934561,43.257231],[-2.934369,43.257198],[-2.934262,43.257182],[-2.934158,43.257134],[-2.934083,43.257091],[-2.933771,43.256767],[-2.933519,43.256446],[-2.933435,43.2563],[-2.933322,43.256023],[-2.933315,43.255854],[-2.933336,43.255631],[-2.933389,43.255418],[-2.933726,43.254622],[-2.934112,43.253659],[-2.93434,43.253105],[-2.934504,43.252664],[-2.934599,43.25224],[-2.934647,43.25188],[-2.934683,43.251343],[-2.934713,43.251146],[-2.934827,43.25081],[-2.934931,43.250628],[-2.934966,43.250528],[-2.93499,43.250325],[-2.93509,43.250105],[-2.935108,43.249968],[-2.935184,43.249828],[-2.935599,43.249366],[-2.935983,43.24897],[-2.936178,43.248695],[-2.936358,43.248348],[-2.936431,43.248127],[-2.936479,43.247665],[-2.936455,43.247454],[-2.9364,43.247238],[-2.936349,43.247101],[-2.936264,43.246958],[-2.936195,43.246868],[-2.936009,43.246704],[-2.935814,43.246583],[-2.935676,43.246522],[-2.935511,43.246462],[-2.935306,43.246417],[-2.935034,43.246393],[-2.934693,43.24641],[-2.933973,43.246533],[-2.933695,43.246543],[-2.93357,43.246528],[-2.933303,43.246458],[-2.933184,43.246406],[-2.932748,43.246095],[-2.932713,43.246084],[-2.932146,43.245448],[-2.931426,43.244404],[-2.931227,43.24416],[-2.930873,43.243836],[-2.930589,43.243655],[-2.93035,43.243547],[-2.930035,43.243407],[-2.929001,43.242999],[-2.928611,43.242767],[-2.928393,43.242609],[-2.928097,43.242352],[-2.927922,43.242164],[-2.927616,43.241751],[-2.92751,43.241561],[-2.927298,43.241111],[-2.927206,43.240826],[-2.927034,43.240498],[-2.926732,43.240002],[-2.926289,43.239453],[-2.926,43.239163],[-2.925759,43.238967],[-2.925353,43.238695],[-2.924961,43.23851],[-2.924412,43.238352],[-2.923998,43.238288],[-2.922581,43.238156],[-2.922125,43.238066],[-2.921579,43.237883],[-2.921057,43.237616],[-2.920669,43.237314],[-2.919568,43.236031],[-2.919277,43.235763],[-2.918935,43.235496],[-2.918612,43.235287],[-2.9182,43.235052],[-2.917882,43.234834],[-2.916999,43.234275],[-2.916419,43.233807],[-2.915986,43.233399],[-2.9157,43.23307],[-2.9154,43.232662],[-2.915088,43.232144],[-2.914963,43.231885],[-2.914839,43.231534],[-2.91475,43.231182],[-2.914711,43.230877],[-2.914704,43.230421],[-2.914756,43.230015],[-2.914893,43.229459],[-2.914971,43.22924],[-2.915433,43.228168],[-2.91565,43.227579],[-2.915768,43.227102],[-2.915819,43.226776],[-2.915828,43.226532],[-2.915832,43.226271],[-2.91578,43.225737],[-2.915682,43.225284],[-2.915604,43.225043],[-2.915517,43.22481],[-2.915288,43.224339],[-2.914947,43.223806],[-2.914579,43.223363],[-2.914119,43.222879],[-2.913393,43.222208],[-2.912619,43.221531],[-2.911196,43.220377],[-2.909756,43.21936],[-2.909322,43.219076],[-2.908841,43.218777],[-2.908196,43.218407],[-2.907308,43.217973],[-2.906616,43.217686],[-2.90604,43.217479],[-2.905242,43.21723],[-2.90466,43.217082],[-2.903435,43.21684],[-2.900921,43.216436],[-2.900355,43.216314],[-2.899761,43.216149],[-2.898954,43.215855],[-2.898436,43.215614],[-2.898096,43.215429],[-2.897584,43.215111],[-2.897041,43.214683],[-2.896654,43.214316],[-2.896288,43.213888],[-2.895993,43.213475],[-2.895767,43.213061],[-2.895672,43.212843],[-2.895532,43.212497],[-2.895369,43.211835],[-2.895213,43.210454],[-2.895104,43.209928],[-2.894965,43.209505],[-2.894748,43.209011],[-2.894474,43.208512],[-2.893586,43.207242],[-2.893269,43.206669],[-2.893129,43.20637],[-2.892934,43.205846],[-2.892805,43.205339],[-2.892724,43.204837],[-2.892703,43.204261],[-2.892749,43.203622],[-2.893001,43.202583],[-2.89314,43.202151],[-2.893476,43.201473],[-2.893888,43.200848],[-2.894481,43.200152],[-2.894837,43.199772],[-2.895353,43.19923],[-2.895941,43.198558],[-2.896332,43.197956],[-2.896494,43.197626],[-2.896969,43.196427],[-2.897065,43.196019],[-2.897142,43.195298],[-2.897114,43.1945],[-2.89685,43.193224],[-2.896331,43.191632],[-2.896073,43.191041],[-2.895967,43.190824],[-2.895483,43.189894],[-2.895132,43.189264],[-2.894869,43.188585],[-2.894708,43.187959],[-2.894667,43.187618],[-2.894639,43.187034],[-2.894665,43.186522],[-2.894779,43.185838],[-2.89499,43.185122],[-2.895277,43.184479],[-2.895635,43.183828],[-2.895979,43.183362],[-2.896166,43.18314],[-2.896531,43.18277],[-2.896771,43.182554],[-2.897627,43.181768],[-2.898105,43.181295],[-2.898435,43.18093],[-2.898831,43.18045],[-2.899538,43.179515],[-2.89987,43.179103],[-2.900096,43.178841],[-2.900604,43.178325],[-2.901058,43.177922],[-2.901561,43.177524],[-2.90201,43.177206],[-2.90261,43.176816],[-2.903266,43.176459],[-2.903712,43.176255],[-2.905,43.175743],[-2.905526,43.175569],[-2.906144,43.175408],[-2.906767,43.175264],[-2.907366,43.175148],[-2.90793,43.175049],[-2.909194,43.174858],[-2.909755,43.174755],[-2.91034,43.174627],[-2.910867,43.174485],[-2.9114,43.17433],[-2.911989,43.174111],[-2.912323,43.173981],[-2.913364,43.17348],[-2.91407,43.173095],[-2.914349,43.172923],[-2.914609,43.172727],[-2.915544,43.171961],[-2.915928,43.171585],[-2.916199,43.171295],[-2.916471,43.17097],[-2.917,43.17022],[-2.917366,43.169526],[-2.917594,43.168978],[-2.917786,43.168346],[-2.918035,43.167367],[-2.918302,43.166651],[-2.918547,43.166134],[-2.919619,43.164652],[-2.920808,43.163541],[-2.92149,43.163065],[-2.922353,43.162514],[-2.923314,43.16189],[-2.924081,43.16134],[-2.924504,43.160986],[-2.925813,43.15977],[-2.926369,43.159281],[-2.927137,43.158713],[-2.927699,43.158358],[-2.928307,43.157982],[-2.928742,43.157769],[-2.929398,43.157489],[-2.929943,43.157273],[-2.930169,43.157184],[-2.931656,43.156725],[-2.932739,43.156357],[-2.933529,43.156041],[-2.934218,43.155706],[-2.934687,43.155435],[-2.935226,43.15509],[-2.935854,43.154609],[-2.93621,43.154286],[-2.936644,43.153833],[-2.937131,43.15324],[-2.937361,43.152902],[-2.937612,43.152495],[-2.937854,43.152038],[-2.938081,43.151534],[-2.938277,43.151014],[-2.938472,43.150135],[-2.938542,43.149627],[-2.938574,43.14923],[-2.938566,43.148679],[-2.938527,43.148208],[-2.93845,43.147681],[-2.938354,43.1472],[-2.938188,43.146518],[-2.937594,43.144485],[-2.9373,43.143594],[-2.936628,43.141751],[-2.936659,43.141031],[-2.936704,43.140766],[-2.936766,43.140616],[-2.936895,43.140384],[-2.937345,43.139781],[-2.937524,43.139618],[-2.93765,43.139505],[-2.938159,43.139081],[-2.938382,43.13898],[-2.938322,43.138932],[-2.93806,43.139013],[-2.937754,43.139072],[-2.93761,43.139122],[-2.937512,43.139178],[-2.937419,43.139246],[-2.937043,43.139612],[-2.93688,43.139734],[-2.93672,43.139785],[-2.936538,43.139777],[-2.936384,43.139717],[-2.936316,43.139659],[-2.936272,43.139557],[-2.936275,43.139243],[-2.936234,43.139082],[-2.936126,43.138852],[-2.935989,43.138661],[-2.935809,43.138516],[-2.935113,43.13816],[-2.934847,43.137856],[-2.934631,43.137484],[-2.93443,43.137083],[-2.93384,43.136013],[-2.933236,43.135075],[-2.932841,43.134558],[-2.932414,43.134077],[-2.931914,43.133583],[-2.931394,43.133128],[-2.930732,43.132642],[-2.930222,43.132309],[-2.92952,43.131893],[-2.926807,43.130616],[-2.925923,43.130126],[-2.925501,43.129863],[-2.924946,43.12947],[-2.924412,43.129038],[-2.922791,43.127548],[-2.922118,43.127016],[-2.921764,43.12676],[-2.91979,43.125473],[-2.919247,43.125065],[-2.918638,43.124535],[-2.918249,43.124155],[-2.917902,43.123774],[-2.917595,43.123393],[-2.917316,43.123011],[-2.916909,43.122342],[-2.91661,43.121725],[-2.916465,43.121367],[-2.916335,43.12098],[-2.916217,43.120528],[-2.916128,43.120095],[-2.915892,43.118489],[-2.91571,43.117746],[-2.915566,43.117321],[-2.915063,43.115999],[-2.914815,43.115287],[-2.914678,43.114785],[-2.914551,43.114187],[-2.914443,43.113419],[-2.91441,43.112538],[-2.914429,43.112091],[-2.914467,43.11163],[-2.914643,43.110655],[-2.915254,43.108515],[-2.915435,43.107674],[-2.915491,43.107226],[-2.915529,43.106555],[-2.915486,43.105079],[-2.915502,43.104497],[-2.915525,43.104187],[-2.915585,43.103781],[-2.915752,43.103034],[-2.916025,43.102269],[-2.916232,43.101838],[-2.916454,43.10142],[-2.917552,43.099685],[-2.918,43.098795],[-2.918161,43.09837],[-2.918333,43.097835],[-2.918479,43.097199],[-2.91857,43.096657],[-2.918676,43.095731],[-2.918689,43.094625],[-2.918582,43.093507],[-2.918462,43.092859],[-2.918308,43.092235],[-2.91808,43.091471],[-2.917968,43.091136],[-2.917646,43.090377],[-2.917302,43.089727],[-2.916981,43.08917],[-2.916591,43.088515],[-2.915347,43.086587],[-2.915008,43.085942],[-2.914835,43.085507],[-2.914708,43.085101],[-2.914628,43.084661],[-2.914602,43.083918],[-2.914636,43.083585],[-2.914714,43.083187],[-2.914941,43.082518],[-2.915708,43.080896],[-2.916304,43.079388],[-2.9165,43.07897],[-2.916781,43.078505],[-2.917012,43.078197],[-2.917462,43.077703],[-2.917842,43.077358],[-2.919185,43.076309],[-2.919525,43.076009],[-2.919825,43.075693],[-2.920179,43.075265],[-2.920683,43.074572],[-2.920925,43.074259],[-2.92129,43.073831],[-2.921656,43.073487],[-2.923113,43.072326],[-2.923681,43.071777],[-2.923965,43.071456],[-2.924937,43.07016],[-2.925186,43.069856],[-2.925519,43.069505],[-2.925858,43.069191],[-2.926195,43.06892],[-2.926584,43.068656],[-2.927001,43.068398],[-2.928232,43.067689],[-2.928773,43.067354],[-2.929169,43.067069],[-2.929589,43.066719],[-2.929896,43.066418],[-2.930203,43.066069],[-2.930511,43.06566],[-2.930755,43.065255],[-2.930933,43.064875],[-2.931079,43.064455],[-2.931176,43.064046],[-2.931236,43.063678],[-2.93125,43.063352],[-2.931255,43.062119],[-2.931291,43.06168],[-2.931371,43.061238],[-2.931502,43.060809],[-2.931683,43.060368],[-2.932252,43.059284],[-2.932394,43.058947],[-2.932541,43.058531],[-2.932637,43.05817],[-2.9327,43.057733],[-2.932722,43.057492],[-2.932715,43.057203],[-2.932649,43.056593],[-2.932518,43.056128],[-2.932391,43.05578],[-2.932216,43.055408],[-2.931992,43.055021],[-2.931688,43.054597],[-2.931455,43.054328],[-2.931191,43.05406],[-2.930882,43.053773],[-2.930147,43.053195],[-2.92942,43.0527],[-2.927307,43.051372],[-2.926577,43.05085],[-2.926183,43.050525],[-2.925786,43.050158],[-2.925443,43.049812],[-2.924777,43.048968],[-2.924499,43.048533],[-2.924123,43.047785],[-2.92399,43.047467],[-2.923866,43.047077],[-2.923415,43.045443],[-2.923202,43.04487],[-2.922938,43.04432],[-2.922713,43.043924],[-2.922421,43.043476],[-2.921907,43.042753],[-2.921567,43.042234],[-2.921357,43.041854],[-2.921124,43.041368],[-2.920678,43.040275],[-2.920406,43.039708],[-2.920001,43.039026],[-2.919676,43.038585],[-2.91922,43.038086],[-2.918855,43.037729],[-2.918378,43.0373],[-2.917825,43.036835],[-2.917016,43.0362],[-2.91657,43.035858],[-2.915776,43.035208],[-2.915103,43.034593],[-2.914511,43.033979],[-2.913936,43.033287],[-2.9134,43.032547],[-2.912882,43.03168],[-2.91246,43.030787],[-2.912249,43.030251],[-2.912088,43.029735],[-2.911943,43.029147],[-2.911865,43.028688],[-2.911811,43.027871],[-2.91183,43.027463],[-2.911884,43.026961],[-2.911982,43.026382],[-2.912215,43.02542],[-2.912457,43.024287],[-2.912546,43.023743],[-2.912579,43.023319],[-2.912581,43.022645],[-2.912466,43.021957],[-2.912375,43.021656],[-2.912256,43.021333],[-2.911913,43.020675],[-2.911634,43.020272],[-2.911183,43.019756],[-2.910727,43.01929],[-2.910222,43.018816],[-2.909691,43.018356],[-2.908637,43.017517],[-2.906493,43.015882],[-2.905729,43.015248],[-2.905094,43.014667],[-2.904268,43.013823],[-2.903896,43.013403],[-2.903596,43.01301],[-2.903294,43.012532],[-2.90271,43.01122],[-2.902371,43.010578],[-2.902123,43.010218],[-2.901886,43.009926],[-2.901548,43.009572],[-2.901225,43.009274],[-2.900616,43.008825],[-2.899229,43.007917],[-2.898858,43.007634],[-2.898597,43.007401],[-2.898376,43.00719],[-2.897862,43.006594],[-2.897536,43.006109],[-2.896814,43.004889],[-2.896481,43.004451],[-2.89614,43.004062],[-2.895696,43.003647],[-2.895298,43.003318],[-2.894747,43.002935],[-2.894227,43.00263],[-2.893695,43.002352],[-2.893278,43.002157],[-2.892812,43.001948],[-2.889835,43.00072],[-2.889052,43.000354],[-2.8875,42.999545],[-2.885698,42.998563],[-2.885175,42.99831],[-2.88405,42.997827],[-2.882602,42.997292],[-2.881324,42.996811],[-2.880822,42.996604],[-2.880085,42.996246],[-2.879709,42.996034],[-2.879101,42.995642],[-2.878567,42.99524],[-2.878234,42.994944],[-2.877557,42.994282],[-2.876033,42.992594],[-2.875272,42.991864],[-2.87465,42.991345],[-2.874127,42.990935],[-2.873534,42.990497],[-2.872596,42.989857],[-2.871759,42.989231],[-2.871409,42.988935],[-2.87107,42.988607],[-2.870613,42.988062],[-2.87038,42.987718],[-2.870232,42.987457],[-2.870097,42.987158],[-2.869933,42.986712],[-2.869828,42.986281],[-2.869774,42.985756],[-2.869772,42.985319],[-2.869863,42.984507],[-2.869936,42.984185],[-2.870068,42.983779],[-2.870184,42.983505],[-2.870372,42.983147],[-2.870711,42.98264],[-2.871173,42.982111],[-2.87155,42.981757],[-2.872582,42.980889],[-2.87304,42.98046],[-2.873527,42.979933],[-2.87401,42.979264],[-2.874796,42.977843],[-2.875319,42.977006],[-2.875675,42.976581],[-2.876062,42.976185],[-2.876864,42.975421],[-2.877218,42.975032],[-2.877541,42.974605],[-2.877802,42.97414],[-2.878012,42.973652],[-2.878152,42.973222],[-2.878249,42.97279],[-2.878297,42.972277],[-2.87829,42.97184],[-2.878235,42.971542],[-2.878165,42.971207],[-2.878027,42.970735],[-2.877686,42.969952],[-2.877254,42.969393],[-2.876882,42.968968],[-2.876332,42.968484],[-2.875854,42.968134],[-2.875331,42.967811],[-2.874567,42.967442],[-2.872801,42.966727],[-2.872217,42.966458],[-2.871736,42.966188],[-2.871291,42.965894],[-2.870832,42.96552],[-2.870332,42.965034],[-2.869942,42.964557],[-2.869572,42.963939],[-2.869304,42.963248],[-2.869211,42.962888],[-2.869155,42.962515],[-2.869133,42.962141],[-2.869141,42.961821],[-2.869197,42.961368],[-2.86932,42.960897],[-2.869427,42.96063],[-2.869637,42.96015],[-2.869898,42.959728],[-2.870171,42.959365],[-2.870581,42.958907],[-2.871047,42.958451],[-2.871586,42.957982],[-2.872068,42.957603],[-2.873751,42.956336],[-2.874285,42.955906],[-2.874844,42.95542],[-2.875452,42.954824],[-2.876031,42.954161],[-2.876553,42.953511],[-2.877833,42.951824],[-2.878429,42.951086],[-2.87907,42.950387],[-2.879678,42.94982],[-2.880346,42.949293],[-2.880857,42.948943],[-2.881313,42.948658],[-2.882097,42.948229],[-2.883201,42.947709],[-2.886698,42.946266],[-2.88785,42.945735],[-2.888782,42.945266],[-2.889664,42.944746],[-2.89025,42.944348],[-2.890851,42.94388],[-2.891317,42.943463],[-2.891791,42.943002],[-2.892301,42.942404],[-2.892772,42.941731],[-2.893168,42.941033],[-2.893496,42.940313],[-2.893718,42.939599],[-2.893816,42.939185],[-2.893879,42.938906],[-2.894022,42.937839],[-2.894237,42.935364],[-2.894369,42.934502],[-2.894494,42.933901],[-2.894773,42.932875],[-2.895125,42.931883],[-2.895562,42.930902],[-2.896004,42.930071],[-2.896258,42.929656],[-2.896899,42.928746],[-2.89722,42.928346],[-2.897671,42.927826],[-2.89815,42.927333],[-2.89898,42.926542],[-2.900897,42.924979],[-2.901455,42.924486],[-2.901788,42.924161],[-2.902189,42.923731],[-2.902593,42.923229],[-2.902852,42.922868],[-2.903169,42.92235],[-2.903366,42.921958],[-2.903572,42.92148],[-2.903781,42.920905],[-2.903916,42.920411],[-2.904007,42.919942],[-2.9041,42.919072],[-2.90411,42.918738],[-2.904103,42.918388],[-2.904052,42.917938],[-2.903976,42.917494],[-2.903865,42.917019],[-2.903717,42.916565],[-2.903481,42.91597],[-2.903285,42.915569],[-2.90304,42.915141],[-2.902694,42.9146],[-2.902188,42.913921],[-2.901511,42.913106],[-2.899779,42.911244],[-2.898843,42.910202],[-2.898383,42.909637],[-2.89772,42.908713],[-2.897381,42.908132],[-2.89712,42.907585],[-2.896932,42.907114],[-2.896795,42.906679],[-2.896639,42.905935],[-2.896564,42.905198],[-2.89656,42.904473],[-2.896652,42.903704],[-2.89682,42.902932],[-2.897036,42.902162],[-2.897193,42.901489],[-2.897269,42.90094],[-2.897306,42.900472],[-2.897308,42.900036],[-2.897276,42.899548],[-2.897214,42.899091],[-2.897114,42.898608],[-2.896914,42.897943],[-2.896766,42.897568],[-2.896575,42.897147],[-2.896254,42.896557],[-2.895733,42.895747],[-2.894992,42.894647],[-2.894497,42.893852],[-2.893785,42.892503],[-2.893524,42.891908],[-2.893239,42.891176],[-2.893011,42.890463],[-2.892784,42.889563],[-2.892671,42.889009],[-2.892588,42.888473],[-2.892511,42.887706],[-2.892474,42.886671],[-2.892482,42.886213],[-2.892543,42.885315],[-2.892614,42.884785],[-2.892712,42.884186],[-2.892995,42.883008],[-2.893479,42.881435],[-2.893828,42.880389],[-2.893945,42.879961],[-2.894092,42.879114],[-2.894203,42.878149],[-2.894223,42.877348],[-2.894154,42.87641],[-2.894017,42.875477],[-2.893891,42.874983],[-2.893667,42.874236],[-2.893385,42.873436],[-2.893079,42.872594],[-2.892905,42.871993],[-2.892811,42.871536],[-2.892741,42.871065],[-2.892717,42.87055],[-2.892723,42.870042],[-2.892793,42.869385],[-2.892892,42.868903],[-2.893059,42.868285],[-2.893542,42.866682],[-2.893712,42.865978],[-2.893837,42.865339],[-2.893959,42.864535],[-2.894038,42.863368],[-2.894036,42.862583],[-2.893986,42.861831],[-2.893889,42.861053],[-2.893754,42.860268],[-2.893516,42.859085],[-2.893332,42.858002],[-2.89324,42.857217],[-2.893196,42.856257],[-2.893245,42.855047],[-2.893484,42.85291],[-2.893547,42.852203],[-2.893575,42.851645],[-2.893553,42.850455],[-2.893505,42.849885],[-2.893346,42.848766],[-2.893047,42.847235],[-2.89297,42.846671],[-2.892939,42.846122],[-2.892954,42.845499],[-2.893039,42.844837],[-2.893146,42.844356],[-2.893318,42.843779],[-2.893992,42.841997],[-2.894094,42.841696],[-2.894202,42.841268],[-2.894303,42.840815],[-2.894401,42.840239],[-2.894451,42.83972],[-2.894471,42.839217],[-2.894433,42.838536],[-2.894349,42.838018],[-2.89416,42.837111],[-2.894078,42.836647],[-2.894049,42.836343],[-2.894034,42.836045],[-2.894044,42.835678],[-2.894118,42.834782],[-2.894121,42.834411],[-2.894101,42.834125],[-2.893989,42.833323],[-2.89398,42.832755],[-2.894062,42.832422],[-2.894131,42.83225],[-2.894554,42.83151],[-2.894927,42.830949],[-2.895077,42.830674],[-2.895246,42.830249],[-2.895293,42.830059],[-2.895335,42.829654],[-2.895293,42.828511],[-2.895309,42.828209],[-2.895387,42.827836],[-2.895677,42.826736],[-2.895713,42.826427],[-2.895717,42.826141],[-2.895662,42.825753],[-2.895577,42.825471],[-2.895439,42.825149],[-2.895249,42.824833],[-2.894891,42.824401],[-2.894133,42.823647],[-2.893905,42.82339],[-2.893727,42.823142],[-2.893591,42.822913],[-2.893409,42.822505],[-2.89332,42.822185],[-2.893294,42.821878],[-2.893292,42.82154],[-2.893345,42.821179],[-2.89346,42.820834],[-2.893595,42.820556],[-2.893759,42.82028],[-2.894008,42.819945],[-2.894261,42.819652],[-2.894773,42.819188],[-2.895156,42.818875],[-2.895465,42.818667],[-2.895809,42.818464],[-2.896316,42.818196],[-2.897237,42.817746],[-2.897484,42.817597],[-2.898038,42.817244],[-2.898372,42.816985],[-2.898862,42.81654],[-2.899538,42.815816],[-2.899844,42.815522],[-2.900156,42.815256],[-2.900469,42.815026],[-2.901584,42.814296],[-2.902385,42.813737],[-2.903169,42.813082],[-2.903507,42.812752],[-2.903986,42.812234],[-2.904291,42.811852],[-2.904589,42.811438],[-2.904853,42.811007],[-2.9051,42.810542],[-2.905495,42.80962],[-2.905626,42.809218],[-2.905728,42.808798],[-2.905804,42.808353],[-2.905856,42.807845],[-2.905871,42.80735],[-2.905851,42.806899],[-2.905774,42.806272],[-2.905472,42.804874],[-2.905312,42.803949],[-2.905285,42.803645],[-2.90528,42.803057],[-2.905397,42.801408],[-2.905399,42.80073],[-2.905302,42.799852],[-2.905238,42.799527],[-2.905072,42.798912],[-2.904829,42.798273],[-2.904544,42.797684],[-2.904351,42.797342],[-2.903913,42.796682],[-2.903691,42.796393],[-2.90336,42.796006],[-2.902965,42.795586],[-2.901938,42.794609],[-2.901398,42.794064],[-2.901078,42.793697],[-2.900745,42.793271],[-2.900282,42.792559],[-2.899996,42.792022],[-2.899777,42.791525],[-2.899602,42.791032],[-2.899455,42.790458],[-2.899371,42.789972],[-2.899312,42.789491],[-2.899302,42.788882],[-2.899327,42.788488],[-2.899401,42.787929],[-2.899501,42.787462],[-2.899619,42.787041],[-2.899756,42.786637],[-2.89993,42.786211],[-2.900155,42.785763],[-2.900395,42.785347],[-2.900671,42.784931],[-2.900976,42.784532],[-2.90144,42.783993],[-2.901876,42.783557],[-2.902343,42.783145],[-2.903071,42.782588],[-2.904681,42.781499],[-2.905252,42.781076],[-2.90572,42.780678],[-2.906262,42.780164],[-2.906534,42.779862],[-2.906835,42.779482],[-2.907243,42.778909],[-2.907523,42.778446],[-2.907744,42.77803],[-2.907938,42.777601],[-2.908116,42.777122],[-2.908309,42.776459],[-2.908407,42.775926],[-2.908473,42.775179],[-2.908476,42.774641],[-2.908399,42.773968],[-2.908317,42.773547],[-2.908226,42.773202],[-2.908029,42.772691],[-2.907812,42.772214],[-2.907546,42.771754],[-2.907256,42.771336],[-2.906923,42.770905],[-2.906584,42.770548],[-2.906116,42.770116],[-2.905689,42.76976],[-2.905233,42.76943],[-2.904094,42.768652],[-2.903383,42.768072],[-2.902859,42.767541],[-2.90258,42.76722],[-2.902165,42.766648],[-2.901867,42.766114],[-2.901652,42.765654],[-2.901523,42.765302],[-2.901369,42.764756],[-2.901289,42.764345],[-2.901253,42.763927],[-2.901242,42.763491],[-2.901267,42.763064],[-2.901347,42.762499],[-2.901487,42.761998],[-2.90167,42.761503],[-2.901883,42.761059],[-2.902147,42.760602],[-2.902457,42.760155],[-2.902766,42.759781],[-2.903122,42.759393],[-2.903499,42.759043],[-2.904597,42.758116],[-2.905005,42.757725],[-2.905537,42.75715],[-2.90588,42.756684],[-2.906195,42.75617],[-2.906453,42.755658],[-2.906597,42.755284],[-2.906741,42.754855],[-2.906856,42.754324],[-2.906925,42.753776],[-2.906937,42.753291],[-2.906896,42.752755],[-2.906813,42.752295],[-2.906405,42.750636],[-2.90632,42.74969],[-2.906386,42.748883],[-2.90656,42.748152],[-2.906974,42.74717],[-2.907702,42.746019],[-2.908796,42.744954],[-2.909532,42.744441],[-2.910051,42.74413],[-2.910451,42.743905],[-2.910968,42.743655],[-2.9121,42.743146],[-2.913058,42.742672],[-2.913487,42.742439],[-2.914137,42.742004],[-2.914783,42.741532],[-2.915384,42.741024],[-2.915872,42.740546],[-2.916158,42.740215],[-2.916847,42.739389],[-2.917153,42.739027],[-2.917457,42.7387],[-2.918102,42.738065],[-2.91853,42.737712],[-2.919977,42.73662],[-2.920719,42.735994],[-2.921184,42.735549],[-2.92181,42.734819],[-2.922154,42.734353],[-2.92243,42.733907],[-2.922925,42.732902],[-2.923108,42.732384],[-2.923222,42.731993],[-2.923319,42.731559],[-2.923396,42.731043],[-2.923427,42.730557],[-2.923427,42.730052],[-2.92338,42.729338],[-2.923291,42.728704],[-2.923033,42.727361],[-2.922862,42.726738],[-2.92269,42.726275],[-2.922485,42.725812],[-2.922173,42.725231],[-2.921856,42.724726],[-2.921499,42.724245],[-2.921127,42.723813],[-2.920568,42.72323],[-2.919845,42.722618],[-2.919312,42.72222],[-2.918834,42.72191],[-2.918266,42.721575],[-2.917715,42.721286],[-2.917171,42.721032],[-2.916609,42.720794],[-2.91547,42.720403],[-2.913738,42.719882],[-2.913129,42.719669],[-2.912612,42.719462],[-2.912045,42.719211],[-2.911463,42.718912],[-2.910638,42.718437],[-2.910078,42.718072],[-2.909402,42.717599],[-2.908101,42.716612],[-2.906985,42.715566],[-2.906424,42.714986],[-2.905842,42.714343],[-2.905408,42.713797],[-2.904756,42.71289],[-2.904555,42.712625],[-2.904304,42.71224],[-2.904072,42.711818],[-2.903815,42.711264],[-2.903637,42.710784],[-2.903461,42.7102],[-2.903165,42.708952],[-2.902995,42.708372],[-2.902828,42.707923],[-2.902578,42.707359],[-2.902058,42.706364],[-2.901869,42.706018],[-2.901445,42.705146],[-2.900626,42.703272],[-2.900305,42.702618],[-2.900067,42.702208],[-2.899729,42.701707],[-2.8994,42.701257],[-2.899198,42.701021],[-2.898828,42.700639],[-2.898331,42.700164],[-2.897879,42.699778],[-2.897497,42.699493],[-2.897029,42.699174],[-2.895473,42.698188],[-2.894849,42.697752],[-2.894425,42.69742],[-2.8939,42.696964],[-2.893195,42.696226],[-2.89293,42.695901],[-2.892654,42.69552],[-2.892408,42.695143],[-2.892211,42.694804],[-2.892018,42.694424],[-2.891791,42.693905],[-2.891645,42.693492],[-2.891518,42.693015],[-2.891412,42.692503],[-2.891335,42.691584],[-2.891339,42.691141],[-2.891376,42.690677],[-2.891436,42.690252],[-2.89169,42.688883],[-2.891737,42.688452],[-2.891764,42.687901],[-2.891758,42.687488],[-2.891652,42.686551],[-2.891535,42.686088],[-2.891369,42.68554],[-2.891139,42.684981],[-2.890942,42.68457],[-2.889942,42.682826],[-2.889714,42.682353],[-2.889545,42.681928],[-2.889488,42.681794],[-2.889364,42.681368],[-2.889211,42.68068],[-2.889137,42.680153],[-2.889129,42.679505],[-2.889132,42.679135],[-2.889176,42.678695],[-2.889318,42.67796],[-2.889479,42.67741],[-2.889897,42.676234],[-2.890243,42.675178],[-2.890486,42.674245],[-2.890676,42.673321],[-2.890765,42.672771],[-2.890888,42.67154],[-2.890931,42.67075],[-2.89093,42.670002],[-2.890877,42.668846],[-2.890824,42.668108],[-2.89067,42.666685],[-2.890421,42.665182],[-2.890228,42.664276],[-2.889959,42.663201],[-2.889614,42.662031],[-2.889244,42.660957],[-2.888965,42.660214],[-2.888627,42.659401],[-2.888216,42.658479],[-2.887765,42.657561],[-2.88732,42.656722],[-2.886834,42.655871],[-2.886329,42.655042],[-2.885764,42.654173],[-2.885196,42.653367],[-2.88461,42.65257],[-2.883374,42.651041],[-2.882367,42.649913],[-2.881798,42.649319],[-2.881348,42.648869],[-2.880823,42.648377],[-2.880295,42.647911],[-2.879296,42.647115],[-2.878689,42.646674],[-2.87747,42.645874],[-2.876673,42.645401],[-2.875611,42.644837],[-2.87483,42.64446],[-2.874202,42.64418],[-2.873508,42.643888],[-2.872863,42.643642],[-2.871671,42.643221],[-2.871023,42.643015],[-2.870255,42.642795],[-2.869649,42.642639],[-2.867047,42.64201],[-2.865735,42.641638],[-2.864785,42.641287],[-2.864304,42.641079],[-2.863808,42.640833],[-2.863033,42.64037],[-2.862516,42.640006],[-2.862056,42.639654],[-2.861609,42.639283],[-2.860706,42.638462],[-2.860111,42.637832],[-2.859792,42.637461],[-2.859186,42.636666],[-2.858898,42.636242],[-2.85855,42.635673],[-2.858162,42.634963],[-2.857833,42.634307],[-2.857359,42.633215],[-2.857187,42.632782],[-2.856984,42.632178],[-2.856826,42.631609],[-2.856708,42.631101],[-2.856607,42.630509],[-2.856551,42.629886],[-2.856543,42.629547],[-2.856549,42.629105],[-2.856601,42.628544],[-2.856886,42.626818],[-2.856933,42.626395],[-2.856946,42.62607],[-2.856885,42.62547],[-2.856819,42.625183],[-2.856704,42.624841],[-2.85657,42.624533],[-2.85642,42.624258],[-2.856159,42.623856],[-2.855277,42.622751],[-2.855095,42.622495],[-2.854861,42.6221],[-2.854731,42.621814],[-2.854587,42.621405],[-2.854509,42.621058],[-2.854466,42.620687],[-2.854459,42.620358],[-2.854488,42.619969],[-2.854549,42.619687],[-2.854619,42.619411],[-2.854717,42.619136],[-2.855156,42.618329],[-2.855785,42.617161],[-2.856004,42.616676],[-2.856208,42.616137],[-2.856328,42.61566],[-2.85637,42.61538],[-2.856519,42.614084],[-2.856641,42.613453],[-2.856781,42.612989],[-2.856957,42.61253],[-2.857805,42.610761],[-2.858093,42.610032],[-2.858366,42.608987],[-2.858445,42.608504],[-2.858499,42.608007],[-2.85852,42.607531],[-2.858505,42.606925],[-2.858384,42.605971],[-2.858285,42.605501],[-2.858156,42.605037],[-2.857961,42.604459],[-2.857112,42.602507],[-2.856805,42.601601],[-2.856694,42.601147],[-2.856639,42.600661],[-2.856627,42.600155],[-2.856658,42.599743],[-2.856773,42.59915],[-2.856917,42.598652],[-2.857122,42.598107],[-2.857284,42.597761],[-2.857496,42.597351],[-2.857945,42.596651],[-2.858466,42.595995],[-2.858792,42.595639],[-2.859454,42.595012],[-2.859874,42.594656],[-2.860744,42.593975],[-2.861775,42.5932],[-2.862671,42.592492],[-2.863293,42.591918],[-2.863927,42.591279],[-2.864178,42.591006],[-2.864666,42.590414],[-2.865172,42.589725],[-2.865621,42.589012],[-2.866017,42.588288],[-2.866932,42.586394],[-2.867353,42.585637],[-2.867588,42.585258],[-2.868058,42.584595],[-2.868497,42.584031],[-2.869,42.58347],[-2.869565,42.582897],[-2.870094,42.582412],[-2.871012,42.581666],[-2.872786,42.580399],[-2.872986,42.580256],[-2.873487,42.579892],[-2.874391,42.579189],[-2.874929,42.578747],[-2.87564,42.578127],[-2.876186,42.577591],[-2.877079,42.576582],[-2.877411,42.57618],[-2.877776,42.575689],[-2.878229,42.574983],[-2.878744,42.573997],[-2.879101,42.573109],[-2.879329,42.572444],[-2.879539,42.571683],[-2.879718,42.570945],[-2.879871,42.570184],[-2.880078,42.568784],[-2.880145,42.567821],[-2.880139,42.566821],[-2.880073,42.566152],[-2.879979,42.565581],[-2.879841,42.564986],[-2.879706,42.564535],[-2.879462,42.563923],[-2.879335,42.563649],[-2.878863,42.562819],[-2.87821,42.561901],[-2.877728,42.561392],[-2.877178,42.560879],[-2.876845,42.560595],[-2.87612,42.560058],[-2.875756,42.559822],[-2.874963,42.559351],[-2.872238,42.55799],[-2.870928,42.557284],[-2.869389,42.556354],[-2.867164,42.554928],[-2.866369,42.554454],[-2.865484,42.553991],[-2.864279,42.553435],[-2.863546,42.553153],[-2.862599,42.552836],[-2.861462,42.552507],[-2.860449,42.552262],[-2.857077,42.551528],[-2.856302,42.551346],[-2.854756,42.550946],[-2.853361,42.550538],[-2.852135,42.550137],[-2.851289,42.549822],[-2.850357,42.549426],[-2.849588,42.549062],[-2.848879,42.548693],[-2.848118,42.548245],[-2.847632,42.54793],[-2.846711,42.547267],[-2.846016,42.54671],[-2.845469,42.546215],[-2.844931,42.545682],[-2.844511,42.545217],[-2.844316,42.544984],[-2.843896,42.544466],[-2.842715,42.542859],[-2.84219,42.5422],[-2.841751,42.541689],[-2.841298,42.541218],[-2.840714,42.540685],[-2.840164,42.540217],[-2.839657,42.539823],[-2.839165,42.539463],[-2.838673,42.539132],[-2.837546,42.538471],[-2.836905,42.538127],[-2.836238,42.537807],[-2.835655,42.53755],[-2.834913,42.537257],[-2.834143,42.536984],[-2.833396,42.536759],[-2.832566,42.536538],[-2.831798,42.536375],[-2.830393,42.536157],[-2.829574,42.53608],[-2.828764,42.536036],[-2.827814,42.53603],[-2.826505,42.536089],[-2.825654,42.536176],[-2.824657,42.536328],[-2.824276,42.536398],[-2.823183,42.536649],[-2.822058,42.536987],[-2.821303,42.537244],[-2.819246,42.537981],[-2.817703,42.538483],[-2.816352,42.53884],[-2.815584,42.539016],[-2.814829,42.53917],[-2.814004,42.539317],[-2.813226,42.539422],[-2.812175,42.539519],[-2.81137,42.539547],[-2.810774,42.539541],[-2.809722,42.539478],[-2.808585,42.539336],[-2.807937,42.539209],[-2.807183,42.539037],[-2.806692,42.538902],[-2.805872,42.538631],[-2.803611,42.537811],[-2.802867,42.537597],[-2.802155,42.537431],[-2.801488,42.537308],[-2.800902,42.537221],[-2.798768,42.536975],[-2.797706,42.53683],[-2.797078,42.536721],[-2.796333,42.536568],[-2.795646,42.536404],[-2.794946,42.536216],[-2.794309,42.536022],[-2.793631,42.535791],[-2.792644,42.53541],[-2.792019,42.535131],[-2.791576,42.534909],[-2.790722,42.534405],[-2.78991,42.533855],[-2.789235,42.533281],[-2.788756,42.532816],[-2.788276,42.532274],[-2.787978,42.53189],[-2.787751,42.53156],[-2.787594,42.531309],[-2.787327,42.530817],[-2.786429,42.528941],[-2.786197,42.52854],[-2.785929,42.528131],[-2.785645,42.52774],[-2.785411,42.527456],[-2.785097,42.527093],[-2.784726,42.526723],[-2.78396,42.526055],[-2.783411,42.525649],[-2.782776,42.525241],[-2.782102,42.524864],[-2.7816,42.52461],[-2.781113,42.524394],[-2.780188,42.524039],[-2.779686,42.523875],[-2.779219,42.523744],[-2.778682,42.523609],[-2.778037,42.523473],[-2.777381,42.523364],[-2.776669,42.52328],[-2.775883,42.523219],[-2.775228,42.523197],[-2.774601,42.523199],[-2.772617,42.523277],[-2.77155,42.523282],[-2.770887,42.523245],[-2.769616,42.523106],[-2.769043,42.523006],[-2.768453,42.522883],[-2.76782,42.522725],[-2.767129,42.522515],[-2.766555,42.522313],[-2.765828,42.52202],[-2.765305,42.521774],[-2.76436,42.521249],[-2.763759,42.52086],[-2.763173,42.520435],[-2.762745,42.520097],[-2.76175,42.519219],[-2.758725,42.516248],[-2.757472,42.515118],[-2.756701,42.514471],[-2.755536,42.513584],[-2.753195,42.511928],[-2.751013,42.510751],[-2.748534,42.509569],[-2.74736,42.509067],[-2.745675,42.508315],[-2.743479,42.507303],[-2.742462,42.506808],[-2.741375,42.506207],[-2.739798,42.505398],[-2.738996,42.504943],[-2.737761,42.504208],[-2.734334,42.502092],[-2.732872,42.50123],[-2.731066,42.50028],[-2.729869,42.499714],[-2.728918,42.499301],[-2.727903,42.498889],[-2.72685,42.498495],[-2.725922,42.498168],[-2.724923,42.497849],[-2.723869,42.497531],[-2.72284,42.497244],[-2.719336,42.496307],[-2.718262,42.496006],[-2.716599,42.495488],[-2.715799,42.49521],[-2.715016,42.494912],[-2.714323,42.494629],[-2.713016,42.494026],[-2.712234,42.493628],[-2.711503,42.493216],[-2.710398,42.492555],[-2.709377,42.491914],[-2.707072,42.490386],[-2.70577,42.489546],[-2.704645,42.488869],[-2.703648,42.488297],[-2.702869,42.487886],[-2.701873,42.487397],[-2.701113,42.487042],[-2.699359,42.486294],[-2.698352,42.485911],[-2.697267,42.48553],[-2.696088,42.485147],[-2.69412,42.484582],[-2.689393,42.483395],[-2.68845,42.483117],[-2.687581,42.482838],[-2.686765,42.482543],[-2.685922,42.482209],[-2.684234,42.481442],[-2.682205,42.480463],[-2.681232,42.480014],[-2.680508,42.479693],[-2.679626,42.479343],[-2.678702,42.479023],[-2.677681,42.478721],[-2.676579,42.478448],[-2.675632,42.478259],[-2.674578,42.478084],[-2.673623,42.477968],[-2.672983,42.477917],[-2.672369,42.477873],[-2.671378,42.477829],[-2.669919,42.47784],[-2.668869,42.477899],[-2.667954,42.477986],[-2.667095,42.478094],[-2.663934,42.478598],[-2.662958,42.478727],[-2.662094,42.478818],[-2.661142,42.478881],[-2.6603,42.478902],[-2.659693,42.478886],[-2.6588,42.478799],[-2.657998,42.478682],[-2.657406,42.478575],[-2.656669,42.478407],[-2.656055,42.478241],[-2.655204,42.477956],[-2.654704,42.477768],[-2.653944,42.477426],[-2.653382,42.477138],[-2.65258,42.476673],[-2.651794,42.476143],[-2.650818,42.475437],[-2.649994,42.474769],[-2.6496,42.474428],[-2.648932,42.473803],[-2.648564,42.47343],[-2.648051,42.472795],[-2.647651,42.472318],[-2.647227,42.471634],[-2.646979,42.471152],[-2.646805,42.470746],[-2.646639,42.470281],[-2.646324,42.46906],[-2.646184,42.468566],[-2.645963,42.467887],[-2.645844,42.467605],[-2.645415,42.466766],[-2.645093,42.466259],[-2.644519,42.465501],[-2.643535,42.46451],[-2.642611,42.463799],[-2.641962,42.463366],[-2.641007,42.462836],[-2.639629,42.462251],[-2.63832,42.461831],[-2.636936,42.461531],[-2.635366,42.461289],[-2.634074,42.461128],[-2.630863,42.460865],[-2.628723,42.460777],[-2.627468,42.460758],[-2.626236,42.4608],[-2.625332,42.460876],[-2.624415,42.461012],[-2.623608,42.461165],[-2.622629,42.461413],[-2.621549,42.461774],[-2.620459,42.462229],[-2.618047,42.463398],[-2.616697,42.463989],[-2.615641,42.464361],[-2.614754,42.4646],[-2.613398,42.464864],[-2.612221,42.464995],[-2.610873,42.465032],[-2.609824,42.464975],[-2.608893,42.464883],[-2.607933,42.464717],[-2.607082,42.464533],[-2.606013,42.4642],[-2.605079,42.463848],[-2.603698,42.463183],[-2.602332,42.462283],[-2.600723,42.460964],[-2.598708,42.459659],[-2.596703,42.458792],[-2.59475,42.458178],[-2.59288,42.457819],[-2.59136,42.457697],[-2.58946,42.457668],[-2.587635,42.457792],[-2.585151,42.457898],[-2.583489,42.457789],[-2.582114,42.457521],[-2.581484,42.457362],[-2.580942,42.457202],[-2.580024,42.456869],[-2.579411,42.456606],[-2.578683,42.456255],[-2.577681,42.455677],[-2.577105,42.455251],[-2.57668,42.454911],[-2.576202,42.454494],[-2.57544,42.45369],[-2.574711,42.452743],[-2.573989,42.45184],[-2.573566,42.451398],[-2.5727,42.450631],[-2.572277,42.450322],[-2.571253,42.449665],[-2.57045,42.449229],[-2.569557,42.448848],[-2.568184,42.448348],[-2.566888,42.447904],[-2.566523,42.447797],[-2.565705,42.447519],[-2.564311,42.44698],[-2.563653,42.446732],[-2.562424,42.446162],[-2.561286,42.445553],[-2.559505,42.444446],[-2.557915,42.443172],[-2.557609,42.442926],[-2.555839,42.441089],[-2.553698,42.438739],[-2.552825,42.437836],[-2.551849,42.436918],[-2.551125,42.436309],[-2.549991,42.435477],[-2.549299,42.435024],[-2.548543,42.43457],[-2.547499,42.434],[-2.546571,42.433553],[-2.54573,42.433191],[-2.545088,42.432941],[-2.544074,42.432579],[-2.543135,42.432282],[-2.542261,42.432049],[-2.541291,42.431815],[-2.540335,42.431622],[-2.536984,42.431069],[-2.536025,42.430884],[-2.535452,42.43074],[-2.533859,42.430287],[-2.533349,42.430115],[-2.531295,42.429302],[-2.529617,42.428775],[-2.528733,42.428548],[-2.528127,42.428415],[-2.526939,42.428248],[-2.526045,42.428175],[-2.525497,42.428154],[-2.524434,42.428162],[-2.524027,42.428187],[-2.523217,42.428264],[-2.522407,42.428377],[-2.521996,42.428452],[-2.521215,42.428625],[-2.520439,42.428842],[-2.518158,42.429572],[-2.517364,42.429778],[-2.51657,42.429936],[-2.515775,42.430052],[-2.515365,42.430096],[-2.512862,42.430267],[-2.512037,42.430354],[-2.511225,42.430482],[-2.509629,42.430809],[-2.508426,42.431023],[-2.507497,42.431133],[-2.506652,42.431185],[-2.5058,42.431191],[-2.504939,42.431153],[-2.504526,42.431121],[-2.503676,42.431018],[-2.502852,42.430868],[-2.502437,42.430774],[-2.500037,42.430138],[-2.499217,42.429959],[-2.498809,42.429887],[-2.498382,42.429823],[-2.497546,42.429733],[-2.496009,42.429659],[-2.494573,42.429747],[-2.493736,42.429851],[-2.492922,42.429995],[-2.491685,42.430298],[-2.489924,42.430852],[-2.489124,42.431089],[-2.488313,42.431285],[-2.4875,42.43143],[-2.486665,42.431535],[-2.486234,42.43157],[-2.485395,42.431611],[-2.484964,42.431613],[-2.484104,42.431589],[-2.483682,42.43156],[-2.481784,42.431392],[-2.480946,42.431332],[-2.480085,42.431298],[-2.479459,42.43129],[-2.478593,42.431312],[-2.477541,42.43138],[-2.476904,42.431437],[-2.476289,42.431509],[-2.472158,42.432116],[-2.470911,42.432276],[-2.47036,42.432339],[-2.468765,42.432453],[-2.467901,42.43254],[-2.466393,42.432599],[-2.464967,42.432623],[-2.46066,42.432636],[-2.458435,42.432665],[-2.455777,42.432733],[-2.454345,42.43279],[-2.452096,42.432907],[-2.448865,42.433136],[-2.446838,42.433317],[-2.445223,42.433481],[-2.443227,42.433708],[-2.440852,42.434016],[-2.438266,42.434396],[-2.436281,42.434719],[-2.434088,42.435117],[-2.432511,42.435436],[-2.430948,42.435785],[-2.429423,42.43617],[-2.427862,42.436614],[-2.426126,42.437199],[-2.424943,42.437663],[-2.424418,42.437884],[-2.423208,42.438452],[-2.422713,42.438707],[-2.421432,42.43943],[-2.420967,42.439716],[-2.420048,42.440328],[-2.418941,42.44117],[-2.418809,42.441273],[-2.418102,42.441865],[-2.417778,42.442161],[-2.417116,42.44281],[-2.416084,42.443934],[-2.415437,42.444701],[-2.414146,42.446225],[-2.413343,42.447122],[-2.412763,42.447706],[-2.412245,42.448195],[-2.411464,42.448862],[-2.410613,42.449518],[-2.409721,42.450132],[-2.409103,42.450518],[-2.408147,42.45106],[-2.407144,42.451566],[-2.406103,42.452032],[-2.405023,42.452453],[-2.403911,42.45283],[-2.402779,42.45316],[-2.401622,42.453443],[-2.400447,42.453682],[-2.399654,42.453816],[-2.398848,42.453932],[-2.398046,42.454025],[-2.397246,42.4541],[-2.396433,42.454155],[-2.395623,42.45418],[-2.394391,42.454152],[-2.393595,42.454087],[-2.392781,42.453973],[-2.392389,42.453901],[-2.391612,42.453718],[-2.389877,42.453248],[-2.389488,42.453168],[-2.389091,42.453101],[-2.388278,42.453012],[-2.387463,42.452986],[-2.386638,42.453021],[-2.386241,42.453061],[-2.385844,42.453114],[-2.384243,42.453382],[-2.383446,42.453484],[-2.383041,42.453521],[-2.382231,42.453565],[-2.381825,42.453572],[-2.381416,42.453568],[-2.380604,42.45353],[-2.3798,42.453453],[-2.379406,42.453402],[-2.3786,42.453264],[-2.377822,42.453104],[-2.376673,42.452816],[-2.375618,42.452513],[-2.374576,42.452186],[-2.371997,42.451415],[-2.371416,42.451257],[-2.370249,42.450959],[-2.368861,42.450652],[-2.367326,42.450354],[-2.365917,42.450135],[-2.36432,42.449929],[-2.362899,42.449775],[-2.360872,42.449545],[-2.359671,42.449375],[-2.359076,42.449272],[-2.3573,42.448909],[-2.354754,42.448339],[-2.353582,42.448129],[-2.35237,42.44797],[-2.349127,42.447676],[-2.34791,42.447514],[-2.347132,42.447374],[-2.346359,42.447207],[-2.344229,42.446674],[-2.343448,42.446507],[-2.343025,42.446436],[-2.34203,42.446336],[-2.341435,42.446315],[-2.340805,42.446327],[-2.340001,42.446387],[-2.339598,42.446439],[-2.338789,42.446589],[-2.338408,42.44668],[-2.337633,42.446913],[-2.335449,42.447727],[-2.334705,42.447977],[-2.333951,42.448199],[-2.332706,42.448502],[-2.332041,42.448619],[-2.331242,42.448723],[-2.330531,42.448771],[-2.329831,42.448797],[-2.328986,42.448781],[-2.327618,42.448665],[-2.325868,42.448619],[-2.323999,42.448711],[-2.32186,42.448784],[-2.320055,42.448656],[-2.31852,42.448338],[-2.316913,42.447862],[-2.315096,42.447071],[-2.313716,42.446315],[-2.311874,42.445115],[-2.310516,42.444227],[-2.310022,42.443938],[-2.308089,42.442976],[-2.305702,42.442107],[-2.304018,42.44167],[-2.302031,42.441305],[-2.301796,42.441266],[-2.300381,42.441048],[-2.299224,42.440833],[-2.298817,42.440742],[-2.298046,42.440529],[-2.297142,42.440226],[-2.29661,42.440013],[-2.296076,42.439776],[-2.295422,42.43945],[-2.295086,42.439266],[-2.294283,42.438791],[-2.293683,42.438395],[-2.292944,42.437857],[-2.292351,42.437378],[-2.29211,42.437164],[-2.291357,42.436453],[-2.290703,42.43577],[-2.290419,42.435467],[-2.290031,42.435082],[-2.289497,42.434615],[-2.288773,42.43405],[-2.288324,42.433719],[-2.2877,42.433316],[-2.287368,42.433122],[-2.287042,42.432947],[-2.285994,42.432432],[-2.284719,42.431865],[-2.279585,42.429778],[-2.275681,42.428006],[-2.274158,42.427278],[-2.271071,42.425658],[-2.269757,42.424899],[-2.267839,42.423568],[-2.266745,42.42265],[-2.265588,42.42151],[-2.264498,42.420286],[-2.263722,42.419264],[-2.261569,42.41581],[-2.259839,42.413242],[-2.258312,42.411348],[-2.256919,42.40982],[-2.255423,42.408286],[-2.254172,42.407097],[-2.253177,42.406205],[-2.251708,42.404735],[-2.250432,42.403278],[-2.249763,42.402472],[-2.247638,42.400144],[-2.246333,42.398977],[-2.245389,42.398309],[-2.244211,42.397592],[-2.243046,42.397022],[-2.241695,42.39646],[-2.240118,42.395867],[-2.238425,42.395193],[-2.236872,42.394447],[-2.233364,42.392404],[-2.231916,42.391654],[-2.230549,42.391083],[-2.229106,42.390573],[-2.22728,42.390076],[-2.225725,42.389751],[-2.224738,42.389621],[-2.22348,42.389502],[-2.222189,42.389422],[-2.220883,42.389408],[-2.219751,42.389454],[-2.218784,42.389548],[-2.217583,42.389701],[-2.211484,42.390746],[-2.20897,42.391075],[-2.206802,42.391214],[-2.203974,42.391205],[-2.203145,42.391134],[-2.201668,42.390968],[-2.200138,42.390769],[-2.198467,42.390457],[-2.196487,42.390039],[-2.194914,42.389629],[-2.191953,42.388818],[-2.188299,42.387749],[-2.185362,42.386966],[-2.180942,42.385824],[-2.178758,42.385308],[-2.176976,42.384971],[-2.176271,42.384911],[-2.17615,42.384901],[-2.175898,42.38488],[-2.174828,42.384843],[-2.173772,42.384841],[-2.172882,42.384918],[-2.171618,42.385113],[-2.170564,42.385365],[-2.169264,42.385768],[-2.168298,42.386158],[-2.167404,42.38661],[-2.166273,42.387297],[-2.164643,42.388351],[-2.163357,42.388953],[-2.162725,42.389192],[-2.162156,42.389401],[-2.160916,42.389735],[-2.159042,42.39006],[-2.156723,42.390351],[-2.154387,42.390575],[-2.151737,42.390741],[-2.148493,42.390813],[-2.145558,42.390781],[-2.144946,42.390767],[-2.141831,42.390588],[-2.138621,42.390299],[-2.135504,42.389818],[-2.133639,42.389419],[-2.131449,42.38888],[-2.12905,42.388141],[-2.12639,42.387128],[-2.120088,42.384445],[-2.117718,42.383463],[-2.115171,42.382507],[-2.113102,42.381783],[-2.110892,42.381094],[-2.108767,42.380481],[-2.106453,42.379887],[-2.098031,42.377845],[-2.094739,42.376938],[-2.092282,42.376204],[-2.089837,42.375359],[-2.087789,42.374587],[-2.085821,42.373774],[-2.083083,42.372499],[-2.08188,42.371905],[-2.080458,42.371129],[-2.079527,42.370624],[-2.07844,42.36999],[-2.077187,42.36922],[-2.076018,42.368461],[-2.074164,42.367171],[-2.073788,42.366896],[-2.070724,42.364472],[-2.070118,42.363933],[-2.067589,42.36181],[-2.064683,42.359315],[-2.063514,42.358312],[-2.062113,42.357184],[-2.059319,42.35507],[-2.056992,42.353366],[-2.054695,42.351798],[-2.052637,42.350435],[-2.05091,42.349365],[-2.048986,42.348205],[-2.04636,42.346689],[-2.043764,42.345308],[-2.041374,42.34421],[-2.038518,42.343001],[-2.035884,42.342009],[-2.030435,42.340129],[-2.025039,42.338213],[-2.021656,42.336852],[-2.019669,42.335934],[-2.017848,42.335065],[-2.015736,42.333948],[-2.013807,42.332834],[-2.007907,42.328942],[-2.005004,42.327251],[-2.002345,42.325868],[-2.000268,42.324896],[-1.997938,42.323909],[-1.994178,42.322376],[-1.99279,42.321749],[-1.991052,42.320903],[-1.989962,42.32025],[-1.98915,42.319651],[-1.987762,42.318348],[-1.986698,42.31704],[-1.986178,42.31612],[-1.985765,42.315241],[-1.985543,42.314472],[-1.984709,42.310737],[-1.98402,42.3087],[-1.983668,42.307873],[-1.982146,42.30497],[-1.980855,42.303061],[-1.980277,42.302306],[-1.979298,42.301171],[-1.978513,42.30036],[-1.977844,42.299697],[-1.976685,42.298627],[-1.975415,42.29758],[-1.973884,42.296269],[-1.973616,42.296017],[-1.973238,42.295607],[-1.972642,42.294826],[-1.971774,42.293565],[-1.971248,42.292899],[-1.970626,42.292198],[-1.969795,42.2915],[-1.969036,42.290936],[-1.96772,42.290122],[-1.96656,42.289631],[-1.964724,42.28906],[-1.963217,42.288776],[-1.958921,42.288347],[-1.957564,42.288177],[-1.95644,42.287956],[-1.954151,42.287397],[-1.950985,42.286341],[-1.948093,42.285241],[-1.944915,42.283592],[-1.942539,42.282179],[-1.940953,42.281025],[-1.937807,42.278553],[-1.93509,42.275822],[-1.93357,42.274149],[-1.931358,42.271284],[-1.928669,42.267081],[-1.924319,42.259458],[-1.922904,42.257637],[-1.920703,42.255711],[-1.918375,42.253972],[-1.916304,42.252757],[-1.91329,42.251272],[-1.909788,42.249959],[-1.9078,42.249263],[-1.906454,42.248695],[-1.90451,42.247459],[-1.904018,42.24698],[-1.903783,42.246759],[-1.903443,42.246437],[-1.902649,42.245555],[-1.902102,42.244721],[-1.901544,42.243601],[-1.901254,42.242513],[-1.901138,42.241441],[-1.901211,42.24],[-1.901254,42.239329],[-1.901452,42.237217],[-1.901357,42.235179],[-1.901131,42.233126],[-1.901115,42.232979],[-1.900747,42.231475],[-1.90019,42.229387],[-1.899501,42.228077],[-1.898561,42.226067],[-1.897365,42.224218],[-1.896182,42.222695],[-1.895326,42.221682],[-1.894386,42.220667],[-1.893212,42.219568],[-1.891932,42.218464],[-1.890259,42.217162],[-1.888333,42.215886],[-1.886605,42.214888],[-1.884861,42.214005],[-1.882398,42.21289],[-1.87983,42.211903],[-1.876496,42.210657],[-1.873199,42.209405],[-1.87072,42.208376],[-1.866952,42.206708],[-1.863828,42.205217],[-1.857486,42.201954],[-1.854823,42.200405],[-1.851952,42.198374],[-1.848999,42.195856],[-1.847093,42.193982],[-1.845474,42.192224],[-1.844679,42.191266],[-1.843807,42.190143],[-1.842638,42.188555],[-1.842064,42.187682],[-1.840993,42.18596],[-1.839899,42.183965],[-1.838889,42.181824],[-1.837757,42.179274],[-1.837004,42.177717],[-1.83617,42.176214],[-1.833444,42.172191],[-1.831992,42.170261],[-1.828689,42.166711],[-1.825967,42.16428],[-1.824614,42.163159],[-1.822054,42.161247],[-1.820706,42.160351],[-1.817272,42.15824],[-1.815536,42.157283],[-1.813647,42.156331],[-1.812692,42.155873],[-1.811332,42.155262],[-1.809485,42.154475],[-1.80834,42.154022],[-1.807006,42.153522],[-1.805577,42.153025],[-1.804287,42.152601],[-1.802754,42.152133],[-1.80142,42.15175],[-1.796597,42.150503],[-1.794667,42.149945],[-1.793363,42.149512],[-1.792879,42.149336],[-1.791977,42.148972],[-1.791042,42.148561],[-1.789907,42.147995],[-1.789141,42.147581],[-1.788267,42.147062],[-1.787671,42.146677],[-1.786955,42.146175],[-1.786086,42.145502],[-1.785471,42.144989],[-1.784695,42.144274],[-1.784017,42.143601],[-1.781977,42.141398],[-1.781108,42.140553],[-1.780632,42.140123],[-1.779857,42.139481],[-1.779338,42.139076],[-1.777955,42.13812],[-1.776527,42.137246],[-1.775299,42.136542],[-1.773932,42.135792],[-1.772876,42.135251],[-1.77162,42.134631],[-1.770364,42.134047],[-1.769268,42.133573],[-1.76796,42.133015],[-1.764325,42.131597],[-1.761979,42.130627],[-1.761185,42.130268],[-1.759762,42.129534],[-1.758861,42.128994],[-1.758176,42.128519],[-1.757387,42.12791],[-1.755941,42.126739],[-1.755325,42.126272],[-1.754748,42.125864],[-1.754063,42.125427],[-1.752946,42.12478],[-1.752232,42.124426],[-1.751455,42.124092],[-1.750505,42.123729],[-1.749304,42.123325],[-1.747153,42.12266],[-1.746271,42.122355],[-1.745553,42.122082],[-1.74422,42.121483],[-1.743786,42.121258],[-1.743356,42.121024],[-1.742624,42.120587],[-1.741822,42.12006],[-1.741158,42.119556],[-1.739951,42.118502],[-1.73955,42.118094],[-1.738751,42.117193],[-1.738219,42.116483],[-1.737015,42.114772],[-1.736558,42.114206],[-1.735977,42.113551],[-1.735512,42.113075],[-1.733144,42.110861],[-1.731788,42.109478],[-1.73075,42.108363],[-1.729851,42.107304],[-1.728529,42.105672],[-1.7278,42.104686],[-1.72705,42.103582],[-1.72645,42.102661],[-1.725777,42.101567],[-1.725186,42.100543],[-1.723597,42.097718],[-1.723378,42.097381],[-1.722185,42.095405],[-1.721059,42.093683],[-1.719319,42.091387],[-1.718882,42.090967],[-1.717746,42.089624],[-1.716181,42.087943],[-1.71425,42.08614],[-1.712746,42.084908],[-1.710845,42.083405],[-1.708096,42.081437],[-1.70485,42.079314],[-1.701796,42.077591],[-1.697653,42.075493],[-1.696809,42.075011],[-1.695944,42.074482],[-1.695197,42.073981],[-1.694517,42.073492],[-1.693992,42.073064],[-1.693468,42.072605],[-1.692916,42.072002],[-1.692566,42.07158],[-1.692014,42.070718],[-1.691301,42.069154],[-1.690674,42.067322],[-1.690246,42.065504],[-1.690033,42.063815],[-1.68996,42.062182],[-1.689712,42.059778],[-1.689524,42.059012],[-1.689234,42.058261],[-1.688815,42.057421],[-1.688368,42.056731],[-1.687074,42.055204],[-1.686253,42.054532],[-1.685486,42.053982],[-1.684621,42.05351],[-1.683838,42.053118],[-1.682992,42.052799],[-1.682049,42.052498],[-1.681085,42.052227],[-1.676569,42.051197],[-1.674966,42.05078],[-1.673344,42.050273],[-1.670838,42.049314],[-1.669277,42.048598],[-1.667709,42.047778],[-1.666138,42.046835],[-1.662161,42.044317],[-1.660284,42.043313],[-1.66,42.043182],[-1.659513,42.042935],[-1.658595,42.042548],[-1.657236,42.042044],[-1.655574,42.041527],[-1.65387,42.041053],[-1.650916,42.040149],[-1.64984,42.039738],[-1.648818,42.039261],[-1.647368,42.038447],[-1.646179,42.037659],[-1.643863,42.035914],[-1.642259,42.034856],[-1.641904,42.034622],[-1.64171,42.034518],[-1.640686,42.033968],[-1.639484,42.033388],[-1.638628,42.033034],[-1.63835,42.032923],[-1.637729,42.032667],[-1.636583,42.032225],[-1.635472,42.031813],[-1.634822,42.03155],[-1.63339,42.030937],[-1.632841,42.030666],[-1.632498,42.030494],[-1.63181,42.030135],[-1.630999,42.029679],[-1.630664,42.029489],[-1.630315,42.029277],[-1.629729,42.028884],[-1.628957,42.028326],[-1.628229,42.027756],[-1.627668,42.027285],[-1.624247,42.024294],[-1.623004,42.023285],[-1.621785,42.022361],[-1.620339,42.021331],[-1.619007,42.020481],[-1.617514,42.019577],[-1.616049,42.018755],[-1.614058,42.017756],[-1.61207,42.016843],[-1.610133,42.016055],[-1.606836,42.014868],[-1.605478,42.014463],[-1.60348,42.013919],[-1.600913,42.013251],[-1.598989,42.012722],[-1.598157,42.01246],[-1.597037,42.01208],[-1.595918,42.011621],[-1.595138,42.011279],[-1.593577,42.010507],[-1.592098,42.009634],[-1.590897,42.008809],[-1.589269,42.007481],[-1.588189,42.006564],[-1.587566,42.005901],[-1.586246,42.004203],[-1.58499,42.002487],[-1.581334,41.997073],[-1.58001,41.995341],[-1.577823,41.992877],[-1.575453,41.990716],[-1.574186,41.989647],[-1.572483,41.988345],[-1.570836,41.987211],[-1.568464,41.985717],[-1.566341,41.984464],[-1.564332,41.983368],[-1.562083,41.982176],[-1.557267,41.979798],[-1.556189,41.979231],[-1.554514,41.978259],[-1.55272,41.977095],[-1.550842,41.975691],[-1.55027,41.975214],[-1.548528,41.973595],[-1.54727,41.972247],[-1.546705,41.971582],[-1.546218,41.971057],[-1.545167,41.969628],[-1.544442,41.968491],[-1.543788,41.967349],[-1.542725,41.965059],[-1.541012,41.960289],[-1.540497,41.959376],[-1.540291,41.959057],[-1.539738,41.958302],[-1.539132,41.95757],[-1.538484,41.956886],[-1.536348,41.954788],[-1.535565,41.953964],[-1.53492,41.953253],[-1.53434,41.952558],[-1.533805,41.951872],[-1.533197,41.951025],[-1.530857,41.947477],[-1.530534,41.947022],[-1.52997,41.946286],[-1.529654,41.945915],[-1.529286,41.945484],[-1.528584,41.944751],[-1.528191,41.944373],[-1.527607,41.943852],[-1.52664,41.943066],[-1.525166,41.94202],[-1.5242,41.941424],[-1.523244,41.940894],[-1.522086,41.940313],[-1.521101,41.939877],[-1.52024,41.939527],[-1.518871,41.939052],[-1.517296,41.938587],[-1.516544,41.938399],[-1.515739,41.938222],[-1.514766,41.938029],[-1.513577,41.937844],[-1.51046,41.937464],[-1.509713,41.93736],[-1.509086,41.937256],[-1.508092,41.937058],[-1.507424,41.936897],[-1.506859,41.936741],[-1.506004,41.936479],[-1.504813,41.936041],[-1.503761,41.935606],[-1.502893,41.93516],[-1.502024,41.93467],[-1.501401,41.934274],[-1.500666,41.93376],[-1.500017,41.933248],[-1.499369,41.932684],[-1.497616,41.931049],[-1.495494,41.929138],[-1.493263,41.927454],[-1.491527,41.926385],[-1.489361,41.925132],[-1.485704,41.922979],[-1.481345,41.920059],[-1.480382,41.919426],[-1.477984,41.91799],[-1.475723,41.916693],[-1.473034,41.91543],[-1.469923,41.914018],[-1.464534,41.911922],[-1.462168,41.911002],[-1.459658,41.909958],[-1.457068,41.908847],[-1.45566,41.908154],[-1.454996,41.907827],[-1.453316,41.906924],[-1.451293,41.905788],[-1.447581,41.903426],[-1.441041,41.898985],[-1.438261,41.89721],[-1.436366,41.896084],[-1.434439,41.89498],[-1.433837,41.894642],[-1.432391,41.893785],[-1.425599,41.890607],[-1.418499,41.887609],[-1.416549,41.88675],[-1.414475,41.885779],[-1.410887,41.88399],[-1.40803,41.882244],[-1.406926,41.881529],[-1.405707,41.8807],[-1.404028,41.879519],[-1.402711,41.87846],[-1.399833,41.87594],[-1.397552,41.873649],[-1.396115,41.872049],[-1.395574,41.871393],[-1.393916,41.869238],[-1.39215,41.866712],[-1.390448,41.864138],[-1.389014,41.862056],[-1.388102,41.860891],[-1.386953,41.859585],[-1.386025,41.858637],[-1.384533,41.857267],[-1.383054,41.856036],[-1.381698,41.854951],[-1.380502,41.854155],[-1.379244,41.853328],[-1.377669,41.852363],[-1.375926,41.851375],[-1.373946,41.850385],[-1.372544,41.849733],[-1.371584,41.849325],[-1.370306,41.848808],[-1.367286,41.847681],[-1.363627,41.846623],[-1.360282,41.845744],[-1.354293,41.844134],[-1.352871,41.843731],[-1.351366,41.843269],[-1.347994,41.842109],[-1.343225,41.840152],[-1.339756,41.838837],[-1.334959,41.837096],[-1.331038,41.836015],[-1.329569,41.835637],[-1.327946,41.835243],[-1.324791,41.834539],[-1.323678,41.834333],[-1.318335,41.833283],[-1.314359,41.832441],[-1.312718,41.832052],[-1.31172,41.831799],[-1.311302,41.831691],[-1.309618,41.831226],[-1.30788,41.830715],[-1.306114,41.830151],[-1.302919,41.829072],[-1.301182,41.828438],[-1.299553,41.827767],[-1.29715,41.826667],[-1.294846,41.825389],[-1.293632,41.824592],[-1.291472,41.823063],[-1.288018,41.820717],[-1.286865,41.82005],[-1.286546,41.819871],[-1.285103,41.819111],[-1.283467,41.818329],[-1.280825,41.817158],[-1.274346,41.81442],[-1.272325,41.813363],[-1.270316,41.812125],[-1.269324,41.811431],[-1.268021,41.810359],[-1.266958,41.809421],[-1.266169,41.808644],[-1.265217,41.807614],[-1.264545,41.806787],[-1.263778,41.80574],[-1.263272,41.80497],[-1.26299,41.804495],[-1.262487,41.803627],[-1.261787,41.801982],[-1.261498,41.801321],[-1.260242,41.797779],[-1.259709,41.796402],[-1.259436,41.795768],[-1.259076,41.795042],[-1.2585,41.794042],[-1.257844,41.793066],[-1.25679,41.791743],[-1.25561,41.790514],[-1.25527,41.790183],[-1.254934,41.789888],[-1.254187,41.789266],[-1.252509,41.78803],[-1.250724,41.786825],[-1.247302,41.784999],[-1.242934,41.782823],[-1.241499,41.78207],[-1.240057,41.781258],[-1.238754,41.780425],[-1.237064,41.779237],[-1.233845,41.776665],[-1.23316,41.776103],[-1.231051,41.774453],[-1.229312,41.773233],[-1.228356,41.772584],[-1.22797,41.772334],[-1.224839,41.770429],[-1.223659,41.769774],[-1.222203,41.769013],[-1.220664,41.768285],[-1.218988,41.767574],[-1.217244,41.766989],[-1.215437,41.766486],[-1.213959,41.766169],[-1.21317,41.766027],[-1.212497,41.765925],[-1.210914,41.765742],[-1.209523,41.765649],[-1.207775,41.765614],[-1.206216,41.765661],[-1.205039,41.765745],[-1.203848,41.765868],[-1.201993,41.766164],[-1.200159,41.766569],[-1.198724,41.766989],[-1.197982,41.767236],[-1.196888,41.767632],[-1.195857,41.768002],[-1.188478,41.770717],[-1.184947,41.771908],[-1.183282,41.772407],[-1.181564,41.772857],[-1.178256,41.77349],[-1.176659,41.773685],[-1.175637,41.773768],[-1.174973,41.773799],[-1.173702,41.773823],[-1.173095,41.773839],[-1.172157,41.773815],[-1.17061,41.773738],[-1.167285,41.773463],[-1.164146,41.773271],[-1.161852,41.773227],[-1.159672,41.773289],[-1.158549,41.773343],[-1.157228,41.773467],[-1.155404,41.773688],[-1.153705,41.773953],[-1.152593,41.774152],[-1.149927,41.77467],[-1.143993,41.775898],[-1.1425,41.776181],[-1.140376,41.776528],[-1.138041,41.776829],[-1.135871,41.777054],[-1.133983,41.777205],[-1.132555,41.777274],[-1.129575,41.777372],[-1.127109,41.777354],[-1.12465,41.777234],[-1.124528,41.777228],[-1.124453,41.777221],[-1.122934,41.777086],[-1.120912,41.776795],[-1.11955,41.776558],[-1.117967,41.776241],[-1.117022,41.775998],[-1.116168,41.775758],[-1.114422,41.77519],[-1.113512,41.774854],[-1.112206,41.774286],[-1.110865,41.773607],[-1.109361,41.772731],[-1.108219,41.771964],[-1.103034,41.768056],[-1.099534,41.765545],[-1.097296,41.76415],[-1.096415,41.763643],[-1.09549,41.763135],[-1.091933,41.761312],[-1.088238,41.759631],[-1.084472,41.758072],[-1.080122,41.756317],[-1.076991,41.754975],[-1.07549,41.754255],[-1.074009,41.75351],[-1.07188,41.752344],[-1.069965,41.75121],[-1.067546,41.749679],[-1.063414,41.747123],[-1.05944,41.745025],[-1.056623,41.743614],[-1.055031,41.742766],[-1.052895,41.741676],[-1.048491,41.739014],[-1.0456,41.737331],[-1.043666,41.736318],[-1.041699,41.735358],[-1.03978,41.734503],[-1.037995,41.733742],[-1.034374,41.732379],[-1.032664,41.731748],[-1.029772,41.730621],[-1.028274,41.72999],[-1.024665,41.728291],[-1.022558,41.727245],[-1.020036,41.726022],[-1.016048,41.724227],[-1.012611,41.722974],[-1.010652,41.722303],[-1.008641,41.721685],[-1.005331,41.720859],[-1.002365,41.720223],[-0.999121,41.719556],[-0.997831,41.719272],[-0.995589,41.718697],[-0.994413,41.718338],[-0.993081,41.717898],[-0.991981,41.717497],[-0.990759,41.716982],[-0.989963,41.716626],[-0.98913,41.716218],[-0.988236,41.715713],[-0.987398,41.715186],[-0.986639,41.714651],[-0.985917,41.714081],[-0.98526,41.713491],[-0.98466,41.712888],[-0.98351,41.711478],[-0.982577,41.70995],[-0.98162,41.707788],[-0.980452,41.7049],[-0.97936,41.702879],[-0.977389,41.700145],[-0.97567,41.698381],[-0.973621,41.696759],[-0.969947,41.694351],[-0.966324,41.692141],[-0.964299,41.690968],[-0.962625,41.690044],[-0.960829,41.689084],[-0.9585,41.687923],[-0.95614,41.686847],[-0.955092,41.686396],[-0.952181,41.685268],[-0.947149,41.683414],[-0.944751,41.682501],[-0.942596,41.681549],[-0.941708,41.681132],[-0.940588,41.680576],[-0.939024,41.679758],[-0.937619,41.679032],[-0.936658,41.678588],[-0.936193,41.6784],[-0.935553,41.678167],[-0.935064,41.67801],[-0.934055,41.67774],[-0.93362,41.677594],[-0.932656,41.677315],[-0.932117,41.677125],[-0.931517,41.676882],[-0.930856,41.676584],[-0.930183,41.676237],[-0.929773,41.675995],[-0.929422,41.675769],[-0.929164,41.675581],[-0.928795,41.675298],[-0.92812,41.67473],[-0.927514,41.674156],[-0.926913,41.673388],[-0.926543,41.672832],[-0.926347,41.672474],[-0.92624,41.672214],[-0.926029,41.67174],[-0.925849,41.671268],[-0.925251,41.669162],[-0.924723,41.668002],[-0.924427,41.667501],[-0.923968,41.666855],[-0.923485,41.666249],[-0.922651,41.665464],[-0.921701,41.664727],[-0.921042,41.66423],[-0.918611,41.662458],[-0.918121,41.662138],[-0.917736,41.66194],[-0.917242,41.661754],[-0.916846,41.661631],[-0.915079,41.661138],[-0.914689,41.661034],[-0.914588,41.661008],[-0.914166,41.660886],[-0.909494,41.659587],[-0.909013,41.659456],[-0.908698,41.659333],[-0.908375,41.659161],[-0.908017,41.658898],[-0.907408,41.658328],[-0.90729,41.658242],[-0.907142,41.658155],[-0.906615,41.657861],[-0.906094,41.657642],[-0.905797,41.657547],[-0.905447,41.657465],[-0.905,41.65738],[-0.903964,41.657252],[-0.902429,41.657068],[-0.901472,41.656948],[-0.901263,41.65691],[-0.900852,41.656796],[-0.900519,41.656673],[-0.900134,41.656506],[-0.899824,41.656332],[-0.898705,41.655556],[-0.898487,41.655375],[-0.898493,41.655353],[-0.898449,41.655229],[-0.898388,41.655126],[-0.898252,41.654998],[-0.898154,41.654952],[-0.897954,41.6549],[-0.897693,41.654895],[-0.897394,41.654873],[-0.897108,41.654802],[-0.89592,41.6542],[-0.895451,41.654031],[-0.894858,41.65384],[-0.894352,41.653734],[-0.893915,41.653655],[-0.893573,41.653497],[-0.89337,41.653332],[-0.893425,41.65297],[-0.893535,41.652214],[-0.893467,41.652122],[-0.8934,41.652069],[-0.893243,41.65201],[-0.891605,41.65224],[-0.891454,41.652065],[-0.891395,41.651998],[-0.89116,41.651727],[-0.891107,41.651666],[-0.890936,41.651498],[-0.890697,41.651327],[-0.890489,41.651217],[-0.890375,41.651157],[-0.889886,41.650896],[-0.889627,41.650759],[-0.889461,41.65067],[-0.889373,41.650624],[-0.889168,41.650515],[-0.888839,41.65034],[-0.888697,41.650265],[-0.88846,41.650141],[-0.888322,41.650068],[-0.887891,41.649839],[-0.887913,41.649762],[-0.887908,41.649701],[-0.887918,41.649634],[-0.887981,41.649512],[-0.888521,41.649174],[-0.888579,41.649137],[-0.88908,41.648816],[-0.889102,41.648802]]}},{"type":"Feature","properties":{"routeId":"route-003","originId":"zaragoza","destinationId":"barcelona","logicalEndpoints":[[-0.8891,41.6488],[2.1734,41.3851]],"returnedEndpoints":[[-0.889102,41.648802],[2.172227,41.38592]],"snapDistancesMeters":[0.27761883563719497,133.7549961022141],"summary":{"distanceMeters":311532.8,"durationSeconds":17653.8},"riskSnaps":[{"riskId":"closure-ap-68","kind":"segment","startIndex":1349,"endIndex":1350,"startCoordinate":[0.959797,41.421656],"endCoordinate":[0.960626,41.421367]},{"riskId":"rest-deadline-vehicle-003","kind":"segment","startIndex":2024,"endIndex":2025,"startCoordinate":[1.672226,41.330014],"endCoordinate":[1.673247,41.329675]}]},"geometry":{"type":"LineString","coordinates":[[-0.889102,41.648802],[-0.88908,41.648816],[-0.888579,41.649137],[-0.888521,41.649174],[-0.887981,41.649512],[-0.887753,41.649597],[-0.887588,41.649643],[-0.88743,41.649474],[-0.887274,41.649244],[-0.887194,41.649126],[-0.887136,41.64904],[-0.887059,41.648927],[-0.886964,41.648786],[-0.886704,41.6484],[-0.886646,41.648317],[-0.886637,41.648303],[-0.886515,41.648121],[-0.886372,41.64791],[-0.88623,41.647541],[-0.886114,41.647367],[-0.885983,41.64718],[-0.885734,41.646838],[-0.885573,41.646867],[-0.885411,41.646925],[-0.885163,41.64702],[-0.884426,41.647355],[-0.883695,41.647686],[-0.883294,41.647882],[-0.883111,41.647947],[-0.882985,41.647969],[-0.882821,41.647974],[-0.882276,41.647944],[-0.882157,41.647922],[-0.881697,41.647774],[-0.881117,41.647548],[-0.880702,41.647359],[-0.880294,41.647156],[-0.880177,41.647094],[-0.879892,41.64695],[-0.879564,41.646758],[-0.879247,41.646538],[-0.878945,41.646336],[-0.878572,41.64599],[-0.877817,41.645132],[-0.877311,41.644518],[-0.876353,41.643241],[-0.874463,41.640759],[-0.874405,41.640634],[-0.874221,41.640377],[-0.874044,41.640208],[-0.873932,41.640086],[-0.873806,41.640028],[-0.873679,41.64],[-0.873459,41.639939],[-0.873162,41.63982],[-0.871233,41.638994],[-0.871056,41.638904],[-0.869915,41.638289],[-0.868962,41.63775],[-0.868884,41.637673],[-0.868647,41.637468],[-0.868294,41.637259],[-0.867994,41.637092],[-0.867719,41.636961],[-0.867406,41.636863],[-0.867221,41.636815],[-0.866882,41.636698],[-0.866163,41.636288],[-0.864728,41.635484],[-0.863889,41.635027],[-0.863185,41.634648],[-0.862556,41.6343],[-0.861593,41.633771],[-0.861432,41.633676],[-0.861293,41.633572],[-0.860766,41.633209],[-0.860647,41.633126],[-0.86028,41.632865],[-0.859662,41.632427],[-0.85947,41.632307],[-0.858205,41.631407],[-0.857463,41.630908],[-0.857271,41.630788],[-0.856623,41.630386],[-0.856465,41.630285],[-0.854216,41.628909],[-0.853365,41.628394],[-0.850531,41.626678],[-0.849879,41.626286],[-0.849027,41.625774],[-0.848734,41.625568],[-0.848494,41.625377],[-0.847995,41.624919],[-0.846024,41.623065],[-0.845605,41.622654],[-0.845131,41.622147],[-0.844797,41.621698],[-0.844612,41.621345],[-0.844418,41.620869],[-0.844235,41.620164],[-0.844111,41.619771],[-0.843952,41.619407],[-0.843732,41.619009],[-0.843513,41.61868],[-0.842491,41.617493],[-0.841808,41.616719],[-0.841429,41.616296],[-0.840852,41.615692],[-0.84026,41.615179],[-0.837479,41.612988],[-0.832521,41.609082],[-0.831321,41.608136],[-0.829128,41.606408],[-0.828449,41.60576],[-0.827064,41.604561],[-0.825566,41.603356],[-0.825012,41.602984],[-0.824743,41.602827],[-0.824281,41.602615],[-0.823704,41.602403],[-0.82337,41.602314],[-0.823024,41.602235],[-0.82259,41.602163],[-0.82103,41.601942],[-0.817064,41.601378],[-0.816568,41.601298],[-0.816201,41.601223],[-0.81582,41.601124],[-0.815213,41.600934],[-0.814744,41.600761],[-0.810069,41.598951],[-0.808305,41.598262],[-0.805619,41.597182],[-0.802871,41.596113],[-0.801715,41.595636],[-0.800692,41.595198],[-0.796261,41.59313],[-0.793591,41.591816],[-0.790461,41.590365],[-0.787619,41.589189],[-0.785668,41.588332],[-0.785453,41.588238],[-0.777875,41.584861],[-0.776675,41.584378],[-0.772641,41.582899],[-0.771162,41.582366],[-0.76381,41.579703],[-0.762698,41.579375],[-0.762177,41.579199],[-0.760649,41.578701],[-0.760099,41.578547],[-0.758544,41.57805],[-0.757962,41.577846],[-0.757424,41.577634],[-0.756917,41.577405],[-0.756435,41.577154],[-0.755828,41.576806],[-0.755435,41.576538],[-0.754679,41.575929],[-0.754292,41.575564],[-0.753934,41.575175],[-0.753606,41.57477],[-0.753302,41.574355],[-0.753075,41.574006],[-0.752401,41.572897],[-0.75213,41.572488],[-0.751707,41.571845],[-0.751613,41.57172],[-0.751347,41.571371],[-0.75098,41.570974],[-0.750585,41.570605],[-0.750134,41.570243],[-0.749663,41.569903],[-0.749179,41.569602],[-0.748652,41.569313],[-0.748116,41.569061],[-0.747511,41.568827],[-0.745164,41.567981],[-0.742782,41.567055],[-0.740479,41.566107],[-0.739081,41.565506],[-0.736538,41.564347],[-0.732814,41.562508],[-0.729562,41.560756],[-0.729352,41.560636],[-0.725901,41.558738],[-0.722642,41.55701],[-0.718248,41.554712],[-0.713157,41.552173],[-0.712686,41.551923],[-0.708377,41.549635],[-0.70747,41.549175],[-0.705726,41.548365],[-0.704718,41.547959],[-0.701468,41.546638],[-0.694451,41.544267],[-0.692195,41.543323],[-0.691532,41.54304],[-0.692008,41.543329],[-0.692605,41.543744],[-0.69344,41.544193],[-0.694561,41.544734],[-0.694678,41.544828],[-0.694747,41.544985],[-0.694714,41.54507],[-0.694662,41.545242],[-0.694635,41.54542],[-0.69464,41.545682],[-0.694655,41.545792],[-0.6947,41.545919],[-0.694637,41.546163],[-0.694516,41.546303],[-0.693436,41.547034],[-0.693014,41.54736],[-0.692394,41.5479],[-0.691284,41.549058],[-0.689985,41.550373],[-0.685058,41.555561],[-0.684743,41.555893],[-0.682936,41.557785],[-0.682267,41.558434],[-0.680885,41.559659],[-0.680041,41.560319],[-0.678981,41.561076],[-0.677881,41.561817],[-0.673844,41.564197],[-0.673133,41.56464],[-0.672506,41.56505],[-0.671341,41.565895],[-0.670246,41.566777],[-0.669534,41.567403],[-0.66831,41.568591],[-0.667812,41.569131],[-0.666891,41.570225],[-0.666029,41.571377],[-0.665199,41.572689],[-0.664747,41.573497],[-0.663911,41.575022],[-0.663793,41.575095],[-0.66349,41.57557],[-0.663119,41.575948],[-0.662969,41.576075],[-0.662756,41.576227],[-0.662615,41.576307],[-0.662328,41.576429],[-0.661914,41.576539],[-0.661515,41.576586],[-0.661338,41.576588],[-0.661048,41.576568],[-0.660734,41.576502],[-0.660631,41.576471],[-0.660296,41.576324],[-0.659926,41.576086],[-0.659529,41.575765],[-0.659106,41.57533],[-0.658961,41.575254],[-0.658363,41.574637],[-0.658034,41.574333],[-0.657518,41.573876],[-0.657058,41.573509],[-0.65629,41.572945],[-0.655614,41.5725],[-0.654987,41.572137],[-0.654276,41.571745],[-0.653472,41.571353],[-0.652752,41.571034],[-0.651915,41.570718],[-0.650965,41.570396],[-0.649894,41.570089],[-0.648856,41.569849],[-0.647892,41.569662],[-0.647068,41.569545],[-0.64577,41.569411],[-0.644007,41.569335],[-0.642988,41.569374],[-0.641125,41.569508],[-0.639189,41.56968],[-0.638191,41.569729],[-0.63724,41.569743],[-0.636317,41.569714],[-0.635517,41.569657],[-0.634603,41.569551],[-0.633094,41.569261],[-0.63201,41.568962],[-0.631066,41.568653],[-0.630056,41.568212],[-0.629019,41.567724],[-0.628118,41.567179],[-0.626971,41.566382],[-0.624942,41.564821],[-0.623719,41.563901],[-0.622684,41.563156],[-0.620923,41.561958],[-0.61798,41.560232],[-0.614882,41.558718],[-0.611822,41.557464],[-0.607718,41.556054],[-0.602239,41.554525],[-0.599669,41.553705],[-0.597758,41.552948],[-0.595646,41.551936],[-0.593579,41.550749],[-0.590513,41.548799],[-0.588531,41.547725],[-0.58722,41.547203],[-0.586096,41.546799],[-0.582841,41.545801],[-0.581282,41.545237],[-0.580307,41.544821],[-0.579411,41.544383],[-0.576392,41.542818],[-0.575203,41.542283],[-0.573933,41.541808],[-0.572903,41.541495],[-0.571773,41.541214],[-0.570175,41.540918],[-0.56943,41.540814],[-0.568134,41.5407],[-0.567776,41.540678],[-0.566283,41.540637],[-0.565246,41.540684],[-0.563913,41.540791],[-0.563502,41.540843],[-0.562271,41.541036],[-0.561415,41.541212],[-0.560615,41.541382],[-0.560127,41.541522],[-0.554961,41.543438],[-0.552984,41.544051],[-0.551121,41.544484],[-0.549126,41.544738],[-0.548076,41.544807],[-0.547011,41.544825],[-0.545103,41.544728],[-0.543068,41.544501],[-0.541647,41.544211],[-0.540035,41.543709],[-0.538754,41.543254],[-0.537544,41.542732],[-0.536683,41.542299],[-0.536014,41.541923],[-0.534417,41.540978],[-0.532711,41.540018],[-0.531398,41.539376],[-0.53036,41.538935],[-0.528963,41.538401],[-0.527239,41.537861],[-0.523816,41.537028],[-0.521732,41.536505],[-0.520086,41.536044],[-0.516954,41.534978],[-0.5141,41.533688],[-0.511945,41.532578],[-0.510378,41.531628],[-0.507677,41.529694],[-0.504487,41.5273],[-0.501572,41.525558],[-0.498414,41.524249],[-0.494941,41.523261],[-0.491498,41.522714],[-0.489653,41.522607],[-0.487887,41.522583],[-0.484384,41.522762],[-0.480657,41.523451],[-0.476438,41.524791],[-0.474886,41.525272],[-0.474021,41.525496],[-0.473008,41.525715],[-0.472069,41.525878],[-0.470937,41.526009],[-0.47027,41.526042],[-0.466558,41.526003],[-0.466017,41.525984],[-0.465091,41.525877],[-0.464178,41.525719],[-0.463928,41.525671],[-0.462779,41.525415],[-0.459666,41.524582],[-0.458352,41.524292],[-0.457427,41.524111],[-0.456485,41.523954],[-0.455378,41.52382],[-0.453911,41.523678],[-0.452088,41.523615],[-0.449011,41.523633],[-0.448703,41.523638],[-0.447424,41.523609],[-0.446165,41.523558],[-0.444941,41.523459],[-0.444416,41.523395],[-0.443836,41.523323],[-0.442654,41.523131],[-0.439488,41.522552],[-0.43855,41.522406],[-0.437932,41.522322],[-0.437336,41.52226],[-0.436328,41.522182],[-0.435645,41.522155],[-0.434882,41.522154],[-0.434291,41.522166],[-0.433683,41.522197],[-0.432962,41.522249],[-0.432197,41.522331],[-0.431555,41.522418],[-0.430819,41.522544],[-0.429674,41.52278],[-0.428839,41.522999],[-0.427951,41.523263],[-0.427127,41.523544],[-0.426074,41.52397],[-0.424981,41.524483],[-0.42395,41.525004],[-0.421891,41.526092],[-0.421036,41.526498],[-0.420357,41.526787],[-0.419274,41.527195],[-0.418569,41.527425],[-0.417742,41.52766],[-0.417035,41.527832],[-0.416342,41.52798],[-0.415588,41.528106],[-0.414754,41.528224],[-0.413365,41.528355],[-0.412557,41.528389],[-0.411791,41.5284],[-0.411011,41.528383],[-0.410319,41.52835],[-0.409539,41.528282],[-0.408679,41.528181],[-0.407739,41.528031],[-0.406929,41.527873],[-0.406228,41.527707],[-0.405426,41.527487],[-0.404564,41.527215],[-0.403637,41.526897],[-0.401456,41.526099],[-0.40035,41.525753],[-0.399402,41.525484],[-0.398485,41.525267],[-0.397522,41.525078],[-0.396682,41.524941],[-0.394209,41.524588],[-0.393316,41.524443],[-0.39195,41.524153],[-0.390644,41.523807],[-0.389881,41.523564],[-0.38919,41.523316],[-0.387117,41.522536],[-0.385758,41.52205],[-0.384921,41.521791],[-0.384321,41.521626],[-0.383597,41.521445],[-0.382878,41.521302],[-0.381949,41.521146],[-0.381162,41.521042],[-0.380319,41.52096],[-0.379616,41.520915],[-0.378613,41.520885],[-0.377717,41.520895],[-0.376805,41.52094],[-0.37594,41.521014],[-0.375138,41.521114],[-0.37445,41.521221],[-0.373446,41.521409],[-0.372243,41.521697],[-0.37063,41.522207],[-0.364363,41.524462],[-0.360734,41.525557],[-0.357378,41.526371],[-0.35359,41.527058],[-0.351773,41.527316],[-0.350036,41.527443],[-0.347443,41.527665],[-0.343072,41.52768],[-0.340303,41.527509],[-0.338463,41.527357],[-0.336394,41.527124],[-0.334277,41.526804],[-0.332765,41.526526],[-0.331254,41.526225],[-0.330025,41.525941],[-0.328834,41.52564],[-0.326385,41.524926],[-0.325123,41.524522],[-0.323877,41.524083],[-0.321353,41.523117],[-0.315074,41.520228],[-0.31401,41.519768],[-0.312783,41.519315],[-0.311552,41.518912],[-0.309741,41.51842],[-0.308424,41.518164],[-0.307,41.517938],[-0.306171,41.517839],[-0.304935,41.517716],[-0.303866,41.517662],[-0.302804,41.517644],[-0.301273,41.517668],[-0.299128,41.51779],[-0.298218,41.517852],[-0.296682,41.517931],[-0.295419,41.517953],[-0.293925,41.517918],[-0.292629,41.51784],[-0.289734,41.517569],[-0.288314,41.517472],[-0.28726,41.517436],[-0.28585,41.517433],[-0.284628,41.517479],[-0.281025,41.517868],[-0.277442,41.518541],[-0.275176,41.518894],[-0.272565,41.519047],[-0.267674,41.518809],[-0.263841,41.518395],[-0.260153,41.518352],[-0.255513,41.51874],[-0.24989,41.519187],[-0.246808,41.519279],[-0.244382,41.519137],[-0.2399,41.518734],[-0.230365,41.517399],[-0.228275,41.517207],[-0.226598,41.517161],[-0.224131,41.517224],[-0.221254,41.517492],[-0.217018,41.518289],[-0.214314,41.519085],[-0.212598,41.519711],[-0.208957,41.521349],[-0.205201,41.523243],[-0.201663,41.524613],[-0.19934,41.525224],[-0.197759,41.525532],[-0.195058,41.525895],[-0.193012,41.525934],[-0.190771,41.525884],[-0.189035,41.525756],[-0.182303,41.524896],[-0.179093,41.524669],[-0.178284,41.524639],[-0.174185,41.524565],[-0.173035,41.52452],[-0.172013,41.52446],[-0.170502,41.524341],[-0.169275,41.524204],[-0.168415,41.524089],[-0.166898,41.52384],[-0.165181,41.523507],[-0.160323,41.522169],[-0.157413,41.521018],[-0.1534,41.519318],[-0.149945,41.518115],[-0.146492,41.517231],[-0.144185,41.516754],[-0.141693,41.516418],[-0.137706,41.516093],[-0.134135,41.516133],[-0.132141,41.516242],[-0.130188,41.516467],[-0.128136,41.51681],[-0.125763,41.517257],[-0.120224,41.518707],[-0.117656,41.519256],[-0.115446,41.519544],[-0.113142,41.51972],[-0.110017,41.519627],[-0.107147,41.519283],[-0.103899,41.518618],[-0.101122,41.517992],[-0.099631,41.517768],[-0.098059,41.517624],[-0.096981,41.517604],[-0.095736,41.517625],[-0.094854,41.517676],[-0.092079,41.517956],[-0.090761,41.51808],[-0.089336,41.518156],[-0.088063,41.518131],[-0.086376,41.518012],[-0.084905,41.517735],[-0.083468,41.517383],[-0.081854,41.516766],[-0.080482,41.516117],[-0.078477,41.514961],[-0.075474,41.513563],[-0.07363,41.513018],[-0.0716,41.512627],[-0.070183,41.512471],[-0.068307,41.512355],[-0.066116,41.512456],[-0.06343,41.512924],[-0.06028,41.513795],[-0.057813,41.514248],[-0.056052,41.514456],[-0.054256,41.514566],[-0.052342,41.514493],[-0.050796,41.5143],[-0.048117,41.513793],[-0.043762,41.513007],[-0.041548,41.512802],[-0.040057,41.512757],[-0.039077,41.512776],[-0.037848,41.512822],[-0.035522,41.51302],[-0.031082,41.513454],[-0.029094,41.513542],[-0.026918,41.513459],[-0.024524,41.513193],[-0.022951,41.512895],[-0.020013,41.512188],[-0.016463,41.510971],[-0.014508,41.510471],[-0.013027,41.510155],[-0.011659,41.510024],[-0.00992,41.509903],[-0.007598,41.509959],[-0.006055,41.510114],[-0.00393,41.51047],[0.001562,41.512065],[0.003268,41.512403],[0.005446,41.512625],[0.007128,41.51269],[0.009425,41.512578],[0.012028,41.512127],[0.014041,41.511585],[0.016884,41.510778],[0.018803,41.510311],[0.020434,41.510056],[0.022921,41.509933],[0.02476,41.509988],[0.026702,41.510229],[0.026912,41.510269],[0.028473,41.510565],[0.030702,41.511209],[0.033221,41.512264],[0.034491,41.512968],[0.036144,41.51411],[0.037179,41.515022],[0.039123,41.516705],[0.040172,41.517565],[0.041225,41.51837],[0.043324,41.519762],[0.044246,41.520312],[0.045161,41.520828],[0.045969,41.521243],[0.04713,41.521817],[0.050483,41.523257],[0.052684,41.523961],[0.054891,41.524502],[0.057454,41.524907],[0.058566,41.525015],[0.05917,41.52506],[0.060475,41.525118],[0.061538,41.525129],[0.061995,41.52512],[0.06332,41.525056],[0.064064,41.525001],[0.064748,41.524932],[0.06627,41.524721],[0.067597,41.524474],[0.068398,41.524296],[0.069289,41.524075],[0.070282,41.523783],[0.071644,41.523326],[0.07218,41.523126],[0.073369,41.522632],[0.074317,41.522187],[0.075398,41.521614],[0.076415,41.521018],[0.077111,41.520565],[0.07829,41.519717],[0.078728,41.51937],[0.079371,41.51882],[0.079973,41.518271],[0.080721,41.517524],[0.08166,41.516418],[0.083157,41.514473],[0.083627,41.513894],[0.084395,41.51306],[0.084744,41.512732],[0.085255,41.512298],[0.086006,41.511722],[0.086567,41.511345],[0.08722,41.510957],[0.087859,41.510615],[0.088324,41.510389],[0.089143,41.510044],[0.089856,41.509779],[0.090522,41.509534],[0.091721,41.50919],[0.092897,41.508823],[0.093607,41.508568],[0.094295,41.508283],[0.094675,41.508104],[0.095434,41.507702],[0.096333,41.507162],[0.097309,41.506543],[0.097853,41.506244],[0.098371,41.505981],[0.098752,41.505809],[0.100589,41.505169],[0.10235,41.50477],[0.10466,41.504494],[0.106902,41.504201],[0.108639,41.503745],[0.10952,41.503411],[0.11033,41.503004],[0.111756,41.502195],[0.112942,41.501169],[0.113946,41.500202],[0.114815,41.499397],[0.115633,41.498721],[0.116278,41.498261],[0.116683,41.497998],[0.117391,41.497584],[0.118233,41.497154],[0.118799,41.496902],[0.119421,41.496654],[0.120481,41.496291],[0.121585,41.495995],[0.122085,41.495883],[0.122556,41.495792],[0.123281,41.495676],[0.124288,41.495563],[0.1247,41.495532],[0.125962,41.495493],[0.126693,41.495507],[0.127414,41.49555],[0.128192,41.495624],[0.128644,41.495681],[0.129833,41.495877],[0.132271,41.496344],[0.134226,41.496583],[0.13648,41.496628],[0.138394,41.49644],[0.140096,41.496095],[0.141761,41.495585],[0.143482,41.494845],[0.145211,41.493864],[0.147409,41.492265],[0.149776,41.490826],[0.152095,41.489832],[0.154668,41.489087],[0.15746,41.488653],[0.160323,41.488489],[0.163991,41.488351],[0.166544,41.488111],[0.169129,41.487735],[0.171373,41.487268],[0.173544,41.486727],[0.17569,41.486057],[0.177778,41.485242],[0.180362,41.484134],[0.183085,41.482656],[0.186242,41.480892],[0.188314,41.479871],[0.190498,41.479081],[0.192897,41.478422],[0.194575,41.478089],[0.201776,41.477074],[0.204103,41.476561],[0.206325,41.476013],[0.208421,41.475287],[0.211589,41.473998],[0.218181,41.471236],[0.22266,41.469727],[0.226397,41.468822],[0.230546,41.468003],[0.23511,41.467513],[0.239716,41.46733],[0.244301,41.467493],[0.249049,41.468003],[0.253633,41.468675],[0.256145,41.468903],[0.258606,41.468838],[0.260862,41.468667],[0.26315,41.468308],[0.265361,41.467808],[0.266009,41.467618],[0.267597,41.467154],[0.269718,41.466283],[0.271804,41.465353],[0.273932,41.464536],[0.275554,41.464206],[0.276855,41.464056],[0.277944,41.464009],[0.278923,41.464028],[0.279945,41.464094],[0.281538,41.464369],[0.283091,41.464725],[0.284444,41.464987],[0.285733,41.465165],[0.286943,41.465208],[0.289254,41.465202],[0.291139,41.465281],[0.292982,41.465578],[0.295339,41.466195],[0.297524,41.466609],[0.300519,41.467108],[0.301879,41.467475],[0.303802,41.468288],[0.305133,41.469133],[0.307033,41.470608],[0.308917,41.471874],[0.310565,41.472879],[0.311977,41.473965],[0.313163,41.475301],[0.314018,41.476674],[0.314494,41.477541],[0.315025,41.478389],[0.315557,41.47902],[0.316034,41.479531],[0.317067,41.480429],[0.318326,41.481232],[0.319856,41.481978],[0.321461,41.482498],[0.323588,41.483089],[0.325649,41.483934],[0.32767,41.485199],[0.329476,41.486526],[0.331069,41.487419],[0.332657,41.488074],[0.335559,41.489082],[0.337283,41.4896],[0.337885,41.489755],[0.338421,41.48989],[0.338827,41.489993],[0.339639,41.49017],[0.340552,41.49034],[0.341914,41.490562],[0.342887,41.490696],[0.344152,41.490818],[0.34586,41.490932],[0.347297,41.49097],[0.348203,41.49096],[0.349284,41.490928],[0.350194,41.490883],[0.353295,41.490694],[0.354351,41.490682],[0.355126,41.490699],[0.356706,41.490837],[0.357814,41.491015],[0.358896,41.491245],[0.360042,41.491566],[0.361704,41.492065],[0.363026,41.492434],[0.364161,41.492684],[0.365305,41.492866],[0.365853,41.492927],[0.36703,41.493011],[0.370106,41.49306],[0.371459,41.493113],[0.372045,41.493156],[0.372655,41.493221],[0.373366,41.49331],[0.373951,41.493404],[0.375043,41.493616],[0.37603,41.493862],[0.376877,41.494094],[0.379402,41.49484],[0.380157,41.495042],[0.381271,41.495295],[0.382482,41.495506],[0.383145,41.49559],[0.384426,41.495703],[0.385595,41.495748],[0.388639,41.495785],[0.389506,41.495821],[0.390942,41.49593],[0.392353,41.496132],[0.393632,41.496384],[0.394455,41.496581],[0.3963,41.497172],[0.397207,41.497527],[0.398208,41.497967],[0.399093,41.498431],[0.400157,41.499062],[0.400814,41.499505],[0.401847,41.500297],[0.403944,41.502045],[0.405759,41.503418],[0.407781,41.504584],[0.409906,41.505632],[0.411201,41.506146],[0.412695,41.506644],[0.413801,41.506957],[0.414648,41.507163],[0.415417,41.507329],[0.416419,41.507516],[0.417637,41.507695],[0.418852,41.50783],[0.421903,41.508113],[0.423098,41.508262],[0.424097,41.508431],[0.425102,41.508648],[0.42634,41.508983],[0.427252,41.50928],[0.428246,41.50964],[0.430925,41.51067],[0.431507,41.510874],[0.432827,41.511266],[0.433653,41.51147],[0.434794,41.511702],[0.435835,41.511879],[0.437656,41.512162],[0.438932,41.512391],[0.439852,41.512591],[0.440858,41.512857],[0.44198,41.513208],[0.4424,41.513362],[0.443309,41.513726],[0.444356,41.514205],[0.444898,41.51449],[0.446848,41.515626],[0.448279,41.516488],[0.449113,41.516949],[0.450156,41.517455],[0.451242,41.517907],[0.452383,41.518304],[0.453374,41.518595],[0.454719,41.518918],[0.457697,41.519565],[0.458899,41.519883],[0.459495,41.520065],[0.460215,41.520309],[0.461059,41.520634],[0.461663,41.520893],[0.462411,41.521247],[0.463225,41.521678],[0.463862,41.52205],[0.464795,41.522668],[0.46539,41.523105],[0.465992,41.523593],[0.466648,41.524192],[0.467358,41.524911],[0.467743,41.525336],[0.468184,41.525861],[0.468598,41.526387],[0.469184,41.527177],[0.470206,41.528691],[0.471817,41.531214],[0.472936,41.532802],[0.47372,41.533815],[0.474154,41.534336],[0.474562,41.534771],[0.474952,41.535181],[0.475984,41.536177],[0.477127,41.537084],[0.477634,41.537443],[0.479065,41.538382],[0.479848,41.538866],[0.481716,41.539799],[0.482893,41.540298],[0.483882,41.540665],[0.484814,41.54098],[0.485403,41.541154],[0.486586,41.541473],[0.487161,41.541608],[0.48779,41.541744],[0.488555,41.541889],[0.489203,41.541995],[0.490563,41.542175],[0.491861,41.542292],[0.492662,41.542339],[0.494267,41.542386],[0.494882,41.542387],[0.496328,41.542355],[0.498298,41.542234],[0.500276,41.542046],[0.502111,41.541818],[0.50466,41.541435],[0.506186,41.541176],[0.512927,41.539926],[0.515886,41.539449],[0.518254,41.53912],[0.519913,41.538934],[0.521572,41.538787],[0.522968,41.538696],[0.524859,41.538613],[0.525892,41.53859],[0.52752,41.538578],[0.529057,41.538607],[0.531049,41.538692],[0.532282,41.538772],[0.53352,41.538874],[0.534368,41.538957],[0.536198,41.539169],[0.538736,41.539535],[0.5454,41.540646],[0.546595,41.540824],[0.547528,41.540957],[0.549178,41.541155],[0.549785,41.541219],[0.551642,41.541378],[0.553618,41.541499],[0.556142,41.541559],[0.558374,41.541616],[0.561009,41.541706],[0.562783,41.541822],[0.564046,41.541963],[0.565593,41.542174],[0.566291,41.542299],[0.567741,41.542593],[0.568891,41.542871],[0.570334,41.543267],[0.571321,41.543575],[0.572627,41.544038],[0.573295,41.544294],[0.573908,41.544541],[0.574731,41.5449],[0.575549,41.545285],[0.576317,41.54567],[0.577153,41.54612],[0.578534,41.546911],[0.581417,41.54867],[0.581992,41.549005],[0.582849,41.549507],[0.58471,41.550485],[0.584822,41.55054],[0.586095,41.551128],[0.586783,41.55142],[0.588086,41.55193],[0.588977,41.552252],[0.590355,41.552701],[0.591129,41.552931],[0.592752,41.553357],[0.594249,41.553683],[0.595135,41.553853],[0.595676,41.553951],[0.597016,41.554153],[0.599068,41.554383],[0.600136,41.554464],[0.600931,41.554506],[0.602036,41.554542],[0.603557,41.554547],[0.604594,41.554521],[0.605623,41.55447],[0.606605,41.5544],[0.60737,41.554333],[0.60902,41.554136],[0.610333,41.55393],[0.611542,41.553704],[0.612734,41.553447],[0.613624,41.553231],[0.614823,41.552909],[0.615622,41.552671],[0.616735,41.552312],[0.617932,41.551882],[0.618902,41.551498],[0.619155,41.551393],[0.619483,41.551255],[0.62084,41.550646],[0.621964,41.550079],[0.623018,41.549504],[0.624091,41.548874],[0.624705,41.548486],[0.625887,41.547726],[0.626636,41.54722],[0.627407,41.546713],[0.627757,41.54649],[0.628786,41.54584],[0.629516,41.545405],[0.63062,41.544818],[0.631756,41.544276],[0.632537,41.543946],[0.633659,41.543513],[0.635142,41.54302],[0.636774,41.542565],[0.639403,41.54187],[0.64018,41.541651],[0.640855,41.541432],[0.641525,41.5412],[0.64223,41.540925],[0.643188,41.540496],[0.644095,41.54006],[0.644773,41.539727],[0.646529,41.538926],[0.647971,41.53838],[0.649584,41.537885],[0.651576,41.537557],[0.653524,41.537429],[0.655472,41.537493],[0.657507,41.537769],[0.661335,41.538656],[0.663171,41.539022],[0.665257,41.539292],[0.667148,41.539378],[0.669241,41.53943],[0.671128,41.539562],[0.67299,41.539799],[0.674776,41.54023],[0.676612,41.540737],[0.68105,41.542074],[0.682955,41.542472],[0.684904,41.542761],[0.686612,41.542909],[0.68844,41.542902],[0.690749,41.542857],[0.692053,41.542722],[0.694251,41.54235],[0.696328,41.541868],[0.697873,41.541405],[0.699812,41.540673],[0.701641,41.539825],[0.703366,41.538855],[0.704901,41.537848],[0.705214,41.537612],[0.706342,41.536697],[0.709177,41.534139],[0.710696,41.53288],[0.712644,41.531351],[0.714541,41.530168],[0.716498,41.529044],[0.717479,41.528514],[0.719775,41.527508],[0.720879,41.527068],[0.722512,41.526468],[0.724559,41.525739],[0.725669,41.52533],[0.728265,41.52427],[0.730197,41.523364],[0.732051,41.522387],[0.733939,41.521127],[0.736091,41.519588],[0.737501,41.518403],[0.739355,41.51677],[0.740822,41.515523],[0.742024,41.514547],[0.743474,41.513448],[0.744152,41.512995],[0.745107,41.512389],[0.746097,41.511804],[0.747108,41.511248],[0.748145,41.510718],[0.749207,41.510219],[0.750294,41.509741],[0.751409,41.509294],[0.752532,41.508878],[0.753672,41.508494],[0.754831,41.508136],[0.75601,41.507814],[0.757208,41.507518],[0.758405,41.507255],[0.759512,41.507045],[0.76064,41.506855],[0.761741,41.506698],[0.76288,41.506567],[0.76402,41.506461],[0.765163,41.506381],[0.76631,41.506327],[0.767469,41.506307],[0.768617,41.50631],[0.769766,41.506342],[0.770895,41.506399],[0.772053,41.506485],[0.773178,41.506594],[0.774325,41.506741],[0.775448,41.506908],[0.776563,41.507098],[0.777682,41.507322],[0.778781,41.507569],[0.779879,41.507845],[0.780956,41.508145],[0.782004,41.508466],[0.783051,41.508815],[0.784069,41.509185],[0.785082,41.509582],[0.786075,41.510003],[0.787064,41.510447],[0.78994,41.511822],[0.790913,41.512267],[0.791925,41.512688],[0.79295,41.513061],[0.79401,41.513394],[0.795088,41.513684],[0.79617,41.513926],[0.79728,41.514126],[0.79785,41.514211],[0.798419,41.514284],[0.79954,41.514395],[0.800689,41.514459],[0.801834,41.51448],[0.802405,41.514471],[0.803548,41.51442],[0.804689,41.51432],[0.80582,41.514184],[0.808636,41.51374],[0.81035,41.513509],[0.810939,41.513444],[0.8122,41.51335],[0.813465,41.5133],[0.817926,41.513261],[0.820448,41.513158],[0.822971,41.512966],[0.825443,41.512561],[0.82716,41.512239],[0.829348,41.511674],[0.83103,41.511192],[0.83279,41.510639],[0.834614,41.509936],[0.836116,41.509279],[0.836643,41.50903],[0.837824,41.508435],[0.838437,41.50811],[0.839945,41.507235],[0.841708,41.506095],[0.842391,41.505602],[0.842611,41.505437],[0.843313,41.504895],[0.844194,41.504161],[0.845279,41.503206],[0.847784,41.500857],[0.848626,41.500097],[0.849786,41.499115],[0.850485,41.498559],[0.85112,41.498097],[0.851958,41.497509],[0.853758,41.496362],[0.855202,41.495527],[0.857925,41.494009],[0.85977,41.492915],[0.861057,41.49206],[0.861888,41.491462],[0.862532,41.49096],[0.86365,41.490072],[0.864547,41.489242],[0.866067,41.487728],[0.867044,41.486695],[0.867465,41.486203],[0.868144,41.485469],[0.868738,41.484779],[0.869291,41.484214],[0.869807,41.483742],[0.871153,41.482597],[0.871768,41.482134],[0.872718,41.481475],[0.873974,41.480719],[0.874776,41.48028],[0.876058,41.479649],[0.878396,41.478575],[0.879496,41.478003],[0.880932,41.477067],[0.882126,41.476109],[0.883087,41.475144],[0.883846,41.474131],[0.884163,41.473641],[0.884467,41.473077],[0.884662,41.472686],[0.885662,41.470354],[0.886049,41.469553],[0.886341,41.469026],[0.886551,41.468697],[0.886843,41.468258],[0.88718,41.467803],[0.887805,41.467011],[0.888475,41.46624],[0.889867,41.464579],[0.890258,41.464034],[0.890819,41.463131],[0.89125,41.462294],[0.891604,41.461429],[0.892331,41.459055],[0.892583,41.458304],[0.892822,41.457735],[0.893108,41.457195],[0.893412,41.456712],[0.893757,41.456235],[0.894204,41.455695],[0.894698,41.455189],[0.895421,41.454557],[0.8978,41.452765],[0.898894,41.451797],[0.899359,41.451316],[0.899891,41.450695],[0.901182,41.449003],[0.90175,41.448336],[0.902093,41.44798],[0.902629,41.44749],[0.903158,41.447067],[0.903751,41.446652],[0.90438,41.446259],[0.905006,41.445923],[0.905652,41.44562],[0.90638,41.445333],[0.907129,41.445081],[0.908007,41.444835],[0.908913,41.444645],[0.909997,41.444485],[0.911095,41.444373],[0.912194,41.444282],[0.913318,41.444149],[0.914273,41.44399],[0.915213,41.443754],[0.916064,41.443489],[0.916882,41.443181],[0.91759,41.442857],[0.918282,41.44249],[0.91895,41.442081],[0.919574,41.441635],[0.919874,41.44141],[0.920651,41.440675],[0.92098,41.440319],[0.921423,41.439797],[0.9219,41.439117],[0.922722,41.437798],[0.923506,41.436598],[0.923871,41.436107],[0.924454,41.435404],[0.924795,41.435023],[0.925405,41.434414],[0.92605,41.433831],[0.926701,41.433318],[0.927379,41.432819],[0.92846,41.432122],[0.929171,41.431727],[0.9298,41.4314],[0.930769,41.430953],[0.931442,41.430669],[0.931963,41.430477],[0.933287,41.430048],[0.934056,41.429843],[0.93481,41.429662],[0.936174,41.42938],[0.938362,41.428953],[0.939085,41.428787],[0.939885,41.428561],[0.941026,41.428171],[0.941643,41.42792],[0.94219,41.42767],[0.94304,41.427228],[0.943863,41.426733],[0.94556,41.425591],[0.946689,41.424873],[0.947186,41.42458],[0.948424,41.424002],[0.948728,41.423877],[0.94955,41.423563],[0.950298,41.423324],[0.951147,41.423097],[0.952413,41.422822],[0.953262,41.422689],[0.954598,41.422546],[0.955526,41.422467],[0.956367,41.422378],[0.957594,41.422191],[0.95806,41.422105],[0.958371,41.422043],[0.959054,41.421876],[0.959797,41.421656],[0.960626,41.421367],[0.961383,41.42107],[0.962129,41.420733],[0.962892,41.42035],[0.964162,41.419747],[0.965211,41.419289],[0.966184,41.418948],[0.967277,41.41865],[0.967991,41.418502],[0.968877,41.418357],[0.969614,41.41828],[0.970479,41.418241],[0.971255,41.418243],[0.972223,41.41828],[0.972872,41.418324],[0.973651,41.418395],[0.974461,41.418444],[0.974989,41.418451],[0.975204,41.418451],[0.976273,41.418419],[0.977184,41.418326],[0.978556,41.418084],[0.97955,41.41782],[0.980835,41.417367],[0.982864,41.416499],[0.984107,41.416034],[0.985116,41.415729],[0.986036,41.415507],[0.9871,41.415322],[0.988092,41.415194],[0.98868,41.415147],[0.989364,41.415112],[0.990609,41.415106],[0.992115,41.415181],[0.992551,41.415239],[0.992901,41.415276],[0.994685,41.415502],[0.996337,41.415673],[0.997481,41.415739],[0.998065,41.415757],[0.998596,41.415751],[0.999588,41.415704],[1.000577,41.415612],[1.00163,41.415447],[1.002569,41.415235],[1.003714,41.41492],[1.006868,41.413878],[1.007765,41.413604],[1.008674,41.413357],[1.009848,41.413098],[1.011197,41.412875],[1.015267,41.412417],[1.016543,41.412251],[1.017815,41.412033],[1.019022,41.411797],[1.022329,41.411037],[1.023487,41.410789],[1.024645,41.410579],[1.025775,41.410426],[1.026903,41.410303],[1.028089,41.410244],[1.030339,41.410204],[1.031175,41.410219],[1.032812,41.410338],[1.034933,41.410637],[1.036964,41.411068],[1.040078,41.411763],[1.040458,41.411838],[1.042037,41.412085],[1.043196,41.412201],[1.043792,41.412233],[1.044929,41.412262],[1.045544,41.412253],[1.046735,41.412194],[1.047807,41.412084],[1.048856,41.411932],[1.049969,41.411714],[1.051047,41.411447],[1.052184,41.411108],[1.054555,41.410324],[1.055213,41.410127],[1.055883,41.40995],[1.056947,41.409717],[1.057437,41.409629],[1.058078,41.409537],[1.059515,41.409423],[1.060084,41.409402],[1.061161,41.409418],[1.062027,41.409464],[1.062611,41.409527],[1.064115,41.409747],[1.064779,41.4099],[1.067678,41.410658],[1.068484,41.410841],[1.06927,41.410991],[1.069884,41.411083],[1.071059,41.411206],[1.071631,41.411235],[1.072845,41.411241],[1.073431,41.411218],[1.074095,41.411167],[1.07465,41.411102],[1.075649,41.410952],[1.076118,41.410859],[1.076719,41.410726],[1.077179,41.410606],[1.078062,41.410348],[1.080057,41.409706],[1.081193,41.409397],[1.081831,41.409267],[1.082492,41.409153],[1.083114,41.409076],[1.084243,41.409003],[1.084836,41.408994],[1.085627,41.409005],[1.087736,41.409079],[1.088401,41.409079],[1.08916,41.409055],[1.089948,41.408998],[1.091094,41.408859],[1.09445,41.408268],[1.095072,41.408189],[1.095748,41.408125],[1.096762,41.408068],[1.097194,41.40806],[1.098364,41.40809],[1.099462,41.408163],[1.101458,41.408322],[1.102495,41.408351],[1.102936,41.408354],[1.103502,41.40834],[1.104646,41.408255],[1.105258,41.408179],[1.106191,41.408027],[1.107315,41.407776],[1.109809,41.407078],[1.110786,41.406839],[1.111176,41.40676],[1.111952,41.406633],[1.112575,41.406559],[1.113187,41.406511],[1.113801,41.406487],[1.114624,41.406491],[1.115233,41.40652],[1.115926,41.406585],[1.116506,41.406658],[1.118799,41.407054],[1.119472,41.407157],[1.120631,41.407287],[1.121451,41.407304],[1.122456,41.407286],[1.122982,41.407249],[1.123598,41.407183],[1.12417,41.407102],[1.124735,41.406996],[1.125739,41.40675],[1.126353,41.406564],[1.129401,41.405486],[1.130527,41.405126],[1.132007,41.404727],[1.132723,41.40456],[1.133399,41.404421],[1.134039,41.404303],[1.135065,41.404145],[1.136484,41.40398],[1.137867,41.403861],[1.140976,41.403645],[1.142349,41.403529],[1.144117,41.403324],[1.145088,41.403172],[1.146798,41.402845],[1.148519,41.402421],[1.148697,41.402373],[1.149351,41.402193],[1.15082,41.40173],[1.152484,41.401114],[1.153229,41.400811],[1.15402,41.400463],[1.154754,41.400116],[1.155978,41.399484],[1.156724,41.39907],[1.157537,41.398579],[1.158318,41.398082],[1.159027,41.397592],[1.159875,41.396952],[1.160671,41.396316],[1.161286,41.395758],[1.161855,41.395269],[1.162522,41.394605],[1.162972,41.394194],[1.164045,41.393143],[1.165884,41.391427],[1.166903,41.390615],[1.167392,41.390261],[1.168555,41.389523],[1.169202,41.389154],[1.170249,41.388611],[1.170894,41.388327],[1.17182,41.38796],[1.172441,41.387741],[1.173023,41.387542],[1.173684,41.387345],[1.174337,41.387167],[1.174936,41.387025],[1.176351,41.386743],[1.177103,41.386635],[1.178104,41.38652],[1.17886,41.386463],[1.180039,41.386415],[1.180971,41.386419],[1.181901,41.386448],[1.183068,41.386547],[1.184211,41.386683],[1.185458,41.386885],[1.187818,41.387309],[1.188965,41.387492],[1.190253,41.387672],[1.191524,41.387804],[1.192658,41.387882],[1.193764,41.387931],[1.195284,41.387957],[1.196192,41.38793],[1.19818,41.387841],[1.20047,41.387702],[1.201377,41.387679],[1.202472,41.387663],[1.203507,41.387677],[1.204884,41.387758],[1.206368,41.387908],[1.207313,41.388042],[1.208373,41.388226],[1.209364,41.388436],[1.210968,41.388847],[1.211839,41.389102],[1.214159,41.389859],[1.215287,41.390208],[1.216518,41.390545],[1.217693,41.390818],[1.218,41.390881],[1.218501,41.390978],[1.219844,41.391191],[1.220441,41.39127],[1.221112,41.391339],[1.222677,41.391446],[1.223995,41.391476],[1.22539,41.391446],[1.229671,41.391145],[1.230565,41.391098],[1.23209,41.39107],[1.233513,41.391111],[1.234457,41.391171],[1.235251,41.391245],[1.235954,41.391327],[1.236992,41.391472],[1.239228,41.391813],[1.24075,41.392013],[1.241931,41.392119],[1.242816,41.392169],[1.243561,41.392195],[1.245004,41.392193],[1.245804,41.392162],[1.246515,41.392117],[1.247348,41.392045],[1.251165,41.391623],[1.251982,41.391553],[1.253322,41.391476],[1.25457,41.391458],[1.255277,41.391471],[1.256198,41.391507],[1.256926,41.391554],[1.257752,41.391633],[1.258927,41.391765],[1.259492,41.391848],[1.261115,41.392155],[1.262488,41.39248],[1.265423,41.393289],[1.266559,41.393559],[1.267009,41.393642],[1.268022,41.393784],[1.268583,41.393827],[1.269259,41.393852],[1.270375,41.393842],[1.271349,41.393757],[1.272451,41.393593],[1.27304,41.393468],[1.273501,41.393352],[1.273957,41.393228],[1.274497,41.393051],[1.274924,41.392901],[1.275504,41.392661],[1.276405,41.392227],[1.277534,41.391557],[1.279225,41.390438],[1.28087,41.389464],[1.281772,41.389032],[1.283113,41.388457],[1.283962,41.388138],[1.284825,41.387845],[1.287168,41.386979],[1.28909,41.386136],[1.291056,41.384977],[1.292335,41.383837],[1.293339,41.382813],[1.294231,41.381602],[1.295012,41.380179],[1.295149,41.37977],[1.295184,41.379665],[1.295423,41.378948],[1.295452,41.378862],[1.296039,41.377091],[1.296504,41.375844],[1.29686,41.375007],[1.297165,41.374379],[1.297675,41.373425],[1.298136,41.37265],[1.298614,41.371938],[1.299693,41.370453],[1.299967,41.370115],[1.300933,41.369081],[1.30184,41.368188],[1.305304,41.365003],[1.306542,41.36371],[1.307436,41.362736],[1.308393,41.361454],[1.309698,41.359618],[1.31094,41.357319],[1.311529,41.35617],[1.31261,41.354406],[1.313202,41.353511],[1.313931,41.35251],[1.314427,41.352022],[1.315125,41.350999],[1.316283,41.349753],[1.317341,41.348537],[1.31835,41.347325],[1.31938,41.34594],[1.320328,41.34431],[1.321019,41.342918],[1.321697,41.341129],[1.322002,41.339863],[1.322229,41.338626],[1.322431,41.337112],[1.322666,41.335566],[1.322942,41.333445],[1.323137,41.332139],[1.323762,41.329732],[1.324646,41.327389],[1.32529,41.326216],[1.326086,41.324973],[1.327126,41.323622],[1.328495,41.322152],[1.331679,41.318923],[1.333177,41.317195],[1.337057,41.311909],[1.338551,41.310282],[1.339984,41.309079],[1.340585,41.308645],[1.341644,41.307924],[1.343202,41.306708],[1.343945,41.306032],[1.345194,41.304767],[1.345785,41.304009],[1.346581,41.302682],[1.347104,41.301695],[1.347616,41.300348],[1.34806,41.299265],[1.34831,41.298798],[1.348767,41.298025],[1.349544,41.297013],[1.350344,41.296207],[1.351128,41.295584],[1.352119,41.294936],[1.353272,41.294334],[1.354201,41.293971],[1.355655,41.293503],[1.356935,41.293224],[1.358246,41.293083],[1.359105,41.293051],[1.35997,41.293056],[1.361464,41.293136],[1.362631,41.293297],[1.363936,41.293652],[1.364947,41.294011],[1.366638,41.294781],[1.367391,41.295208],[1.368153,41.295665],[1.369262,41.296296],[1.370148,41.296704],[1.37094,41.296992],[1.371944,41.297308],[1.373755,41.297643],[1.374484,41.29773],[1.375379,41.297765],[1.376381,41.29776],[1.377806,41.297678],[1.378716,41.297534],[1.379692,41.297305],[1.380495,41.297067],[1.381329,41.296783],[1.381927,41.296529],[1.382533,41.296244],[1.383323,41.295797],[1.384072,41.29531],[1.385803,41.294101],[1.387884,41.292811],[1.389031,41.292228],[1.390421,41.291604],[1.391232,41.2913],[1.392167,41.290973],[1.393019,41.290721],[1.393882,41.290518],[1.394702,41.290292],[1.39565,41.290098],[1.397359,41.289848],[1.397442,41.289838],[1.400991,41.289421],[1.401847,41.289286],[1.402729,41.289118],[1.403577,41.288927],[1.406044,41.288156],[1.407012,41.287868],[1.408184,41.28756],[1.408844,41.28741],[1.410561,41.287124],[1.411601,41.287024],[1.412629,41.286961],[1.413471,41.286938],[1.415233,41.286992],[1.416678,41.28714],[1.417609,41.287273],[1.418891,41.287533],[1.41957,41.28771],[1.420064,41.287836],[1.42109,41.288155],[1.423337,41.288948],[1.424367,41.28928],[1.425436,41.289572],[1.42718,41.289885],[1.428163,41.28998],[1.42915,41.290028],[1.429833,41.290038],[1.430939,41.290026],[1.432377,41.28986],[1.434046,41.289547],[1.435533,41.289094],[1.437008,41.288494],[1.440057,41.287103],[1.441777,41.286392],[1.443421,41.285837],[1.445339,41.285331],[1.447132,41.284981],[1.448946,41.284775],[1.450891,41.284675],[1.453174,41.28468],[1.453349,41.284701],[1.453701,41.284705],[1.456322,41.284851],[1.457266,41.284885],[1.458539,41.284883],[1.459372,41.284843],[1.4605,41.284737],[1.461525,41.284605],[1.46202,41.284519],[1.462125,41.284501],[1.465104,41.283973],[1.466167,41.283839],[1.467829,41.283683],[1.468886,41.283665],[1.469939,41.283666],[1.471447,41.283752],[1.473756,41.284062],[1.477068,41.284639],[1.477949,41.28476],[1.478911,41.284891],[1.479859,41.284993],[1.479969,41.285004],[1.481333,41.285112],[1.482569,41.285173],[1.483174,41.285188],[1.484408,41.285199],[1.48605,41.285159],[1.486866,41.285116],[1.48788,41.285043],[1.489116,41.284922],[1.490099,41.284794],[1.491709,41.284544],[1.492326,41.284431],[1.493759,41.28411],[1.494459,41.283965],[1.495046,41.283817],[1.496219,41.283487],[1.497503,41.283086],[1.499195,41.282482],[1.500012,41.282159],[1.501329,41.281589],[1.502206,41.281176],[1.503232,41.280662],[1.504766,41.27985],[1.505199,41.279634],[1.506908,41.278763],[1.508939,41.277835],[1.510144,41.277345],[1.511682,41.276812],[1.5131,41.276393],[1.514236,41.276094],[1.515306,41.275834],[1.518088,41.275186],[1.52004,41.274643],[1.521944,41.274037],[1.523967,41.27329],[1.528182,41.271437],[1.530783,41.270321],[1.532271,41.269763],[1.533627,41.269307],[1.53454,41.269029],[1.536423,41.268526],[1.537717,41.268229],[1.539008,41.267972],[1.540401,41.267741],[1.541646,41.267591],[1.542248,41.267545],[1.543407,41.26751],[1.544317,41.267535],[1.545299,41.267624],[1.546235,41.267779],[1.546907,41.267936],[1.547299,41.268048],[1.548045,41.268302],[1.548878,41.268662],[1.550563,41.269517],[1.551219,41.269791],[1.552628,41.270332],[1.553633,41.270786],[1.553939,41.270939],[1.55451,41.271337],[1.555247,41.271771],[1.555652,41.27204],[1.556367,41.272556],[1.556628,41.272761],[1.557239,41.273301],[1.558794,41.274807],[1.559604,41.275548],[1.560303,41.276136],[1.561044,41.27671],[1.562131,41.277472],[1.562978,41.278014],[1.564216,41.27873],[1.56672,41.279911],[1.567679,41.280312],[1.568816,41.280717],[1.570189,41.281138],[1.573846,41.282154],[1.574982,41.282584],[1.575677,41.28289],[1.576185,41.283145],[1.576858,41.283508],[1.577427,41.283863],[1.580068,41.285665],[1.580966,41.286137],[1.581685,41.286469],[1.582428,41.286771],[1.582812,41.286911],[1.583976,41.287266],[1.584369,41.287367],[1.585176,41.287546],[1.586402,41.287746],[1.587645,41.287901],[1.588472,41.288014],[1.58941,41.288174],[1.590507,41.288425],[1.591231,41.288631],[1.591402,41.288685],[1.592068,41.288915],[1.592816,41.289211],[1.593183,41.289369],[1.593895,41.289712],[1.59458,41.290088],[1.59492,41.290293],[1.595698,41.290812],[1.596497,41.291432],[1.596737,41.291633],[1.597273,41.292137],[1.597741,41.292637],[1.598192,41.293167],[1.598597,41.293731],[1.598784,41.294012],[1.599128,41.294597],[1.599909,41.296082],[1.600414,41.296951],[1.600803,41.297521],[1.601422,41.298325],[1.601874,41.298838],[1.602355,41.299331],[1.602851,41.299798],[1.603396,41.300261],[1.603953,41.300696],[1.604551,41.301121],[1.605466,41.301703],[1.60642,41.302232],[1.607401,41.302706],[1.608476,41.303143],[1.609587,41.303529],[1.610339,41.303751],[1.611109,41.303949],[1.612283,41.3042],[1.614573,41.304653],[1.615516,41.304887],[1.61675,41.305291],[1.617608,41.30563],[1.618282,41.305942],[1.618927,41.306277],[1.620423,41.307214],[1.621041,41.307688],[1.621407,41.307998],[1.622869,41.309378],[1.623538,41.309972],[1.623971,41.310311],[1.624465,41.310669],[1.624961,41.310996],[1.625848,41.311508],[1.626619,41.311895],[1.627069,41.312091],[1.627506,41.312275],[1.628404,41.312593],[1.629334,41.312868],[1.631176,41.313345],[1.631861,41.313542],[1.632529,41.313761],[1.633154,41.313996],[1.633567,41.314167],[1.634379,41.314547],[1.634864,41.314795],[1.635749,41.315323],[1.636564,41.315877],[1.637046,41.316263],[1.637456,41.316618],[1.637898,41.317033],[1.638309,41.31746],[1.638821,41.318059],[1.639065,41.318382],[1.639734,41.319404],[1.640171,41.320109],[1.640626,41.320792],[1.640872,41.321115],[1.641134,41.321439],[1.641478,41.321827],[1.642233,41.322562],[1.643029,41.323214],[1.643473,41.32354],[1.644037,41.323914],[1.644849,41.324391],[1.645731,41.324861],[1.64665,41.325327],[1.648827,41.32633],[1.64994,41.326802],[1.651883,41.327555],[1.652815,41.327887],[1.65381,41.328209],[1.655482,41.328727],[1.656452,41.328954],[1.658334,41.32944],[1.660631,41.329953],[1.661652,41.330126],[1.662225,41.330224],[1.664427,41.330586],[1.664917,41.330642],[1.666229,41.33074],[1.666621,41.330754],[1.66744,41.330752],[1.668616,41.330687],[1.669817,41.33055],[1.670595,41.330417],[1.670985,41.330337],[1.671763,41.330146],[1.672226,41.330014],[1.673247,41.329675],[1.674327,41.329247],[1.675514,41.328751],[1.67578,41.328645],[1.676668,41.328322],[1.677231,41.328146],[1.677999,41.327936],[1.678778,41.327762],[1.679577,41.327622],[1.680567,41.327492],[1.680981,41.327456],[1.681734,41.327408],[1.682492,41.327398],[1.682735,41.327401],[1.683181,41.327408],[1.683623,41.327426],[1.684431,41.327493],[1.685236,41.327589],[1.686098,41.327738],[1.686494,41.32782],[1.687227,41.327993],[1.687783,41.328147],[1.690284,41.328919],[1.690924,41.329076],[1.692285,41.329349],[1.693168,41.329466],[1.693654,41.329511],[1.694882,41.329569],[1.696126,41.329547],[1.697473,41.329431],[1.6988,41.32927],[1.699757,41.329173],[1.70055,41.329124],[1.701363,41.329108],[1.702172,41.329125],[1.702997,41.329178],[1.703413,41.329219],[1.704224,41.329326],[1.705415,41.329544],[1.706579,41.329841],[1.707343,41.330087],[1.708072,41.330357],[1.708435,41.330506],[1.709131,41.330823],[1.709635,41.331078],[1.710129,41.33135],[1.710447,41.33154],[1.711207,41.332034],[1.711658,41.332355],[1.712363,41.3329],[1.713305,41.333711],[1.713806,41.334191],[1.714283,41.33469],[1.714959,41.335454],[1.715371,41.335978],[1.715763,41.336523],[1.716124,41.337074],[1.716456,41.337634],[1.71676,41.338202],[1.717039,41.338791],[1.717425,41.339729],[1.717626,41.340325],[1.717836,41.341085],[1.718019,41.341997],[1.718086,41.342458],[1.718163,41.343223],[1.71819,41.343841],[1.718185,41.344456],[1.718075,41.346451],[1.718083,41.347378],[1.718149,41.347987],[1.718256,41.348593],[1.71841,41.349198],[1.718537,41.3496],[1.718623,41.349822],[1.718852,41.350366],[1.719142,41.350944],[1.719471,41.351498],[1.719742,41.351898],[1.720139,41.352428],[1.720583,41.352938],[1.721065,41.353435],[1.721462,41.353805],[1.72204,41.354331],[1.722616,41.354863],[1.7231,41.355349],[1.723532,41.355867],[1.724055,41.356567],[1.724333,41.356966],[1.724743,41.357646],[1.72502,41.358197],[1.725251,41.358765],[1.725439,41.359344],[1.725587,41.359929],[1.725694,41.360526],[1.725725,41.360834],[1.725774,41.361724],[1.725723,41.36341],[1.725736,41.364015],[1.725794,41.364617],[1.725896,41.365213],[1.726131,41.366098],[1.726232,41.366396],[1.72647,41.366978],[1.726742,41.36754],[1.726899,41.367815],[1.72723,41.368353],[1.727411,41.368611],[1.727817,41.36914],[1.728256,41.36965],[1.728735,41.370141],[1.729247,41.370613],[1.729671,41.370975],[1.730084,41.371271],[1.730858,41.371798],[1.73212,41.372621],[1.73302,41.373273],[1.733572,41.373732],[1.733829,41.373969],[1.734324,41.374466],[1.734785,41.374977],[1.735203,41.375512],[1.73549,41.375918],[1.735993,41.376767],[1.73627,41.377341],[1.737075,41.379242],[1.737365,41.379817],[1.737526,41.380096],[1.737878,41.380641],[1.738278,41.381185],[1.738719,41.381702],[1.739194,41.382201],[1.739698,41.382671],[1.740257,41.383132],[1.740852,41.383569],[1.741779,41.384161],[1.742434,41.384524],[1.743113,41.384855],[1.74382,41.385157],[1.744931,41.385556],[1.745688,41.385777],[1.746465,41.385969],[1.747249,41.386126],[1.748058,41.38625],[1.749272,41.38637],[1.751901,41.386516],[1.75271,41.386601],[1.753512,41.386724],[1.754301,41.386877],[1.75546,41.387168],[1.756222,41.387406],[1.756971,41.387676],[1.757698,41.387976],[1.758747,41.388492],[1.7594,41.388865],[1.760025,41.389266],[1.760907,41.389917],[1.761467,41.390376],[1.762691,41.391428],[1.763239,41.39186],[1.76413,41.392495],[1.765085,41.393087],[1.76609,41.393625],[1.766431,41.393791],[1.767142,41.394106],[1.768238,41.394534],[1.769582,41.394992],[1.769898,41.395098],[1.771024,41.395483],[1.772056,41.39591],[1.772964,41.39636],[1.773441,41.396624],[1.773836,41.396864],[1.774287,41.397154],[1.774585,41.39737],[1.775639,41.398197],[1.776336,41.398869],[1.776688,41.399261],[1.777145,41.399817],[1.777446,41.400246],[1.777765,41.400743],[1.778097,41.401335],[1.778511,41.402261],[1.778679,41.40275],[1.778838,41.40333],[1.779236,41.405412],[1.779389,41.405968],[1.779584,41.406549],[1.779791,41.407057],[1.780009,41.407504],[1.780267,41.407963],[1.780568,41.408453],[1.78119,41.409298],[1.781458,41.409598],[1.782145,41.410302],[1.782974,41.411017],[1.783558,41.411448],[1.783875,41.411665],[1.784172,41.411845],[1.785118,41.412397],[1.787126,41.41343],[1.787779,41.413797],[1.788119,41.414009],[1.78883,41.414513],[1.789257,41.414844],[1.790469,41.415855],[1.791312,41.416526],[1.791902,41.416939],[1.792676,41.417411],[1.793171,41.417676],[1.793678,41.417928],[1.794196,41.418163],[1.794759,41.41839],[1.795652,41.418708],[1.796216,41.418878],[1.797175,41.419122],[1.797569,41.419208],[1.798359,41.419349],[1.799164,41.419461],[1.799763,41.419519],[1.800576,41.419575],[1.803278,41.41974],[1.804495,41.419867],[1.805282,41.419974],[1.806423,41.420163],[1.807654,41.420424],[1.81133,41.42132],[1.812508,41.421579],[1.813691,41.4218],[1.814299,41.421898],[1.81551,41.422068],[1.817171,41.422242],[1.820565,41.422574],[1.821514,41.422689],[1.822512,41.422831],[1.824058,41.423113],[1.824836,41.423281],[1.825813,41.423522],[1.826569,41.423734],[1.827283,41.423961],[1.828049,41.424237],[1.829038,41.424639],[1.829969,41.425065],[1.830601,41.425391],[1.831397,41.425841],[1.832165,41.426307],[1.832962,41.426842],[1.833555,41.427251],[1.835304,41.428577],[1.83661,41.429655],[1.837733,41.430705],[1.838006,41.430981],[1.838531,41.43158],[1.838907,41.432061],[1.839196,41.432476],[1.839642,41.433247],[1.83984,41.433666],[1.840032,41.434166],[1.840397,41.435385],[1.840675,41.436231],[1.840827,41.436602],[1.841039,41.437035],[1.841261,41.437438],[1.841576,41.437923],[1.84186,41.43831],[1.84225,41.438772],[1.842605,41.439148],[1.843147,41.43965],[1.843552,41.439978],[1.844321,41.440526],[1.844843,41.440842],[1.845697,41.441297],[1.846228,41.441535],[1.84718,41.441902],[1.847722,41.442075],[1.848806,41.44236],[1.849905,41.44256],[1.850602,41.442656],[1.852964,41.442959],[1.853976,41.443125],[1.854766,41.443286],[1.855582,41.443489],[1.856072,41.443624],[1.856429,41.443732],[1.857632,41.444112],[1.859092,41.444562],[1.859479,41.444669],[1.860314,41.444865],[1.860872,41.444969],[1.86183,41.445111],[1.862641,41.445187],[1.863449,41.445232],[1.864657,41.445246],[1.865073,41.445246],[1.866287,41.445255],[1.867504,41.445319],[1.868703,41.445462],[1.86954,41.445606],[1.870321,41.445777],[1.871086,41.445983],[1.871459,41.4461],[1.872556,41.446485],[1.872907,41.446626],[1.873605,41.446944],[1.874175,41.44723],[1.874811,41.447589],[1.875574,41.448074],[1.876055,41.448417],[1.876731,41.448956],[1.878317,41.450391],[1.878769,41.450776],[1.87924,41.451137],[1.879734,41.45148],[1.880307,41.451839],[1.880879,41.45217],[1.881429,41.452452],[1.883564,41.453452],[1.884043,41.453692],[1.884482,41.453943],[1.885184,41.454366],[1.885855,41.454832],[1.887193,41.455894],[1.887566,41.456238],[1.889272,41.457487],[1.889877,41.457848],[1.890487,41.458173],[1.89084,41.45835],[1.891642,41.458703],[1.892533,41.459032],[1.893533,41.459341],[1.896687,41.460183],[1.897774,41.460523],[1.898686,41.460843],[1.900288,41.461434],[1.901031,41.461691],[1.901834,41.461934],[1.902624,41.462131],[1.903844,41.46237],[1.904996,41.462555],[1.906205,41.462772],[1.906909,41.462932],[1.907957,41.463201],[1.908733,41.463438],[1.909258,41.463624],[1.909865,41.46387],[1.910309,41.464069],[1.911566,41.464706],[1.912128,41.464951],[1.912677,41.46516],[1.913316,41.465372],[1.914103,41.465594],[1.916588,41.466242],[1.917345,41.466482],[1.917708,41.466616],[1.918411,41.466908],[1.919082,41.467233],[1.919725,41.467591],[1.920036,41.467785],[1.920628,41.468187],[1.921161,41.468578],[1.922161,41.469339],[1.922774,41.469757],[1.923567,41.470213],[1.924063,41.470458],[1.924417,41.470613],[1.92534,41.470961],[1.925875,41.471127],[1.926753,41.471343],[1.927449,41.471472],[1.928862,41.471675],[1.929955,41.471885],[1.931191,41.472222],[1.932408,41.472578],[1.933044,41.472732],[1.934104,41.47294],[1.934582,41.473005],[1.935227,41.47306],[1.936028,41.473089],[1.936972,41.473051],[1.937625,41.472987],[1.938112,41.472921],[1.938588,41.472827],[1.93938,41.472631],[1.939998,41.472438],[1.941195,41.47198],[1.941782,41.471729],[1.943094,41.471194],[1.944048,41.47087],[1.944509,41.47075],[1.945288,41.470571],[1.946148,41.470429],[1.946619,41.470374],[1.947464,41.470318],[1.948415,41.470312],[1.949144,41.470351],[1.949911,41.470433],[1.950558,41.470532],[1.950959,41.470603],[1.951693,41.47078],[1.95202,41.470876],[1.953485,41.471347],[1.954168,41.471549],[1.954548,41.471646],[1.955248,41.471791],[1.956009,41.471901],[1.956709,41.471959],[1.957405,41.471978],[1.95803,41.471964],[1.958388,41.471942],[1.959367,41.471823],[1.95983,41.471741],[1.960667,41.47154],[1.961064,41.471422],[1.961639,41.471227],[1.963911,41.470288],[1.964835,41.469998],[1.965207,41.469907],[1.965638,41.469806],[1.966559,41.469637],[1.967107,41.469568],[1.967792,41.469506],[1.968389,41.469486],[1.96896,41.469486],[1.970321,41.46951],[1.971029,41.469498],[1.97154,41.469469],[1.972154,41.469406],[1.972885,41.469289],[1.97352,41.469149],[1.974129,41.468977],[1.974822,41.468742],[1.975153,41.468611],[1.975795,41.468318],[1.976402,41.467986],[1.976696,41.467802],[1.976977,41.467618],[1.977505,41.467219],[1.977752,41.467009],[1.97822,41.466561],[1.978634,41.466092],[1.978817,41.465852],[1.979311,41.465084],[1.979578,41.464555],[1.979816,41.463971],[1.979913,41.463665],[1.98017,41.462755],[1.980703,41.460371],[1.981017,41.459113],[1.981414,41.457867],[1.981564,41.457459],[1.981904,41.45664],[1.982421,41.455573],[1.983012,41.454526],[1.983668,41.453505],[1.984401,41.452512],[1.98523,41.451554],[1.985684,41.451094],[1.986162,41.450654],[1.986754,41.450161],[1.987114,41.449892],[1.987936,41.449338],[1.988488,41.449002],[1.989212,41.448613],[1.989976,41.448273],[1.990622,41.448013],[1.990966,41.447888],[1.992084,41.447526],[1.993001,41.447252],[1.993546,41.447079],[1.994272,41.446814],[1.995003,41.44649],[1.995371,41.446311],[1.996012,41.445939],[1.996629,41.445532],[1.997066,41.445196],[1.997522,41.444781],[1.998041,41.444264],[1.998405,41.443845],[1.998783,41.443338],[1.999128,41.442782],[1.999473,41.442059],[2.00001,41.440565],[2.00024,41.439987],[2.000586,41.439276],[2.001062,41.438461],[2.001159,41.438237],[2.001519,41.437717],[2.002198,41.436748],[2.002413,41.436443],[2.003102,41.435375],[2.003916,41.433911],[2.004502,41.432588],[2.004893,41.431511],[2.005206,41.430429],[2.005481,41.429179],[2.006183,41.425557],[2.006605,41.424001],[2.007205,41.422314],[2.008049,41.420396],[2.00826,41.419943],[2.009089,41.418397],[2.010675,41.415575],[2.011324,41.414419],[2.011459,41.41417],[2.012095,41.413185],[2.015347,41.407393],[2.016983,41.404507],[2.017223,41.404102],[2.017638,41.403384],[2.018051,41.402747],[2.018281,41.402425],[2.018719,41.401847],[2.019138,41.401345],[2.021302,41.398854],[2.021784,41.398228],[2.022272,41.397476],[2.022527,41.397044],[2.022814,41.396495],[2.023054,41.395926],[2.023405,41.394955],[2.023702,41.394047],[2.02405,41.393042],[2.024372,41.392302],[2.024726,41.391635],[2.025285,41.390722],[2.02593,41.389815],[2.026512,41.388838],[2.02696,41.388031],[2.027357,41.387083],[2.028093,41.385121],[2.028772,41.383161],[2.028917,41.382768],[2.029358,41.381719],[2.029619,41.381262],[2.02975,41.380946],[2.030134,41.380322],[2.03034,41.379949],[2.030533,41.379574],[2.030752,41.379069],[2.030994,41.378455],[2.031189,41.378024],[2.031444,41.377567],[2.031787,41.377099],[2.032619,41.376132],[2.033164,41.375446],[2.033778,41.374604],[2.034713,41.373387],[2.035041,41.373003],[2.03527,41.372779],[2.035566,41.372535],[2.035925,41.372311],[2.036372,41.372067],[2.037604,41.371464],[2.038414,41.371038],[2.038929,41.370742],[2.039636,41.370388],[2.040431,41.370029],[2.040926,41.369879],[2.044316,41.368681],[2.044907,41.368459],[2.04551,41.368198],[2.045871,41.368021],[2.04652,41.367665],[2.046895,41.367428],[2.047486,41.36701],[2.047819,41.366743],[2.048194,41.36641],[2.048655,41.365947],[2.049123,41.365387],[2.049375,41.365043],[2.049776,41.364386],[2.05012,41.363658],[2.050286,41.363231],[2.050395,41.362892],[2.050503,41.362503],[2.050672,41.361566],[2.05075,41.360149],[2.050826,41.359384],[2.050916,41.358886],[2.051079,41.358305],[2.051291,41.357746],[2.051685,41.35695],[2.052267,41.356131],[2.052763,41.355562],[2.053248,41.355087],[2.053788,41.354627],[2.056001,41.353118],[2.056189,41.352994],[2.056283,41.352933],[2.056961,41.352487],[2.057989,41.351814],[2.058771,41.351294],[2.059609,41.350764],[2.060713,41.350125],[2.062655,41.349119],[2.06348,41.348747],[2.065077,41.348101],[2.065983,41.347777],[2.066911,41.34747],[2.068265,41.347072],[2.068766,41.34694],[2.069945,41.346661],[2.070898,41.346466],[2.071717,41.346327],[2.072646,41.346194],[2.075735,41.34585],[2.079508,41.345417],[2.0823,41.345115],[2.083054,41.345043],[2.084229,41.344997],[2.084814,41.345],[2.087129,41.345058],[2.087865,41.345031],[2.088179,41.345004],[2.088852,41.344916],[2.089259,41.344849],[2.089617,41.344772],[2.090391,41.344572],[2.091291,41.344284],[2.092062,41.343942],[2.092507,41.343717],[2.093365,41.343198],[2.094461,41.342486],[2.095094,41.342122],[2.09545,41.341943],[2.095806,41.341786],[2.096537,41.341503],[2.096947,41.341368],[2.097526,41.341206],[2.098591,41.340991],[2.0994,41.340888],[2.099908,41.340842],[2.100909,41.340783],[2.101485,41.340749],[2.101654,41.340743],[2.102817,41.340688],[2.10369,41.34065],[2.103951,41.34064],[2.104999,41.340589],[2.105181,41.340581],[2.109188,41.34039],[2.110835,41.340252],[2.111408,41.340188],[2.112831,41.339997],[2.113383,41.339904],[2.113716,41.339841],[2.114524,41.339694],[2.115314,41.339567],[2.115976,41.339494],[2.116382,41.339466],[2.116571,41.339455],[2.117007,41.339444],[2.117495,41.339451],[2.118537,41.339489],[2.119029,41.339535],[2.119486,41.339596],[2.120262,41.339732],[2.120644,41.339817],[2.121398,41.340011],[2.123104,41.340562],[2.125043,41.341229],[2.136518,41.345165],[2.137571,41.345524],[2.14045,41.346546],[2.140881,41.346713],[2.142566,41.347372],[2.14336,41.347702],[2.145283,41.348492],[2.14565,41.34865],[2.146574,41.34904],[2.147024,41.349228],[2.147332,41.349357],[2.149129,41.350123],[2.149766,41.350419],[2.150712,41.350818],[2.151364,41.351051],[2.15193,41.351224],[2.153028,41.351501],[2.153525,41.351621],[2.154253,41.351785],[2.15524,41.351979],[2.155491,41.352044],[2.156235,41.352284],[2.156547,41.35241],[2.156925,41.352576],[2.157569,41.352913],[2.158036,41.353209],[2.158408,41.353483],[2.158869,41.353885],[2.159961,41.355056],[2.160678,41.355752],[2.162963,41.357806],[2.163347,41.358112],[2.164821,41.35919],[2.165638,41.359719],[2.166468,41.360229],[2.168314,41.36155],[2.168738,41.361873],[2.169036,41.362139],[2.169357,41.36249],[2.169959,41.363288],[2.171061,41.364784],[2.171395,41.365312],[2.17144,41.36539],[2.17174,41.36596],[2.171941,41.366303],[2.172685,41.367234],[2.173513,41.368246],[2.173596,41.368385],[2.173619,41.368505],[2.173609,41.368675],[2.173548,41.368988],[2.173536,41.369112],[2.173558,41.369291],[2.173692,41.369793],[2.173965,41.371111],[2.1743,41.371526],[2.174541,41.371828],[2.175704,41.373249],[2.175837,41.373321],[2.17599,41.373329],[2.176171,41.37331],[2.176275,41.373314],[2.176532,41.37337],[2.176724,41.373464],[2.176828,41.373577],[2.176908,41.373699],[2.176939,41.373824],[2.176915,41.374013],[2.176807,41.374192],[2.176572,41.374345],[2.17648,41.374378],[2.176325,41.374422],[2.176078,41.374432],[2.175735,41.37444],[2.175687,41.374456],[2.17542,41.374624],[2.175261,41.374675],[2.173945,41.374763],[2.17332,41.374804],[2.172714,41.374849],[2.171003,41.374957],[2.170069,41.37501],[2.170187,41.37515],[2.170812,41.37577],[2.17127,41.37621],[2.171962,41.376857],[2.172036,41.376894],[2.172064,41.376873],[2.172122,41.376871],[2.17216,41.376909],[2.172141,41.376951],[2.172088,41.376965],[2.172071,41.376962],[2.171956,41.377016],[2.171609,41.377186],[2.171198,41.37739],[2.170486,41.377736],[2.170526,41.377913],[2.170511,41.377962],[2.170454,41.378023],[2.169982,41.378418],[2.169927,41.378465],[2.169214,41.379062],[2.168509,41.379653],[2.16844,41.3797],[2.168364,41.37973],[2.16824,41.37974],[2.168126,41.379725],[2.1673,41.380419],[2.16749,41.38057],[2.167714,41.380747],[2.168247,41.381128],[2.168577,41.381335],[2.168952,41.381552],[2.169532,41.381876],[2.169733,41.381978],[2.170309,41.382282],[2.171191,41.382761],[2.171647,41.382954],[2.171794,41.383056],[2.171365,41.383769],[2.170805,41.384656],[2.170842,41.384672],[2.170872,41.384702],[2.171245,41.38509],[2.171893,41.385652],[2.172227,41.38592]]}},{"type":"Feature","properties":{"routeId":"route-004","originId":"barcelona","destinationId":"valencia","logicalEndpoints":[[2.1734,41.3851],[-0.3763,39.4699]],"returnedEndpoints":[[2.172227,41.38592],[-0.376315,39.469217]],"snapDistancesMeters":[133.7549961022141,75.95715366308873],"summary":{"distanceMeters":350991.5,"durationSeconds":20458.6},"riskSnaps":[{"riskId":"rest-deadline-vehicle-004","kind":"segment","startIndex":2144,"endIndex":2145,"startCoordinate":[0.11914,40.084983],"endCoordinate":[0.118881,40.084554]},{"riskId":"severe-snow-leon","kind":"segment","startIndex":1429,"endIndex":1430,"startCoordinate":[0.746765,40.843378],"endCoordinate":[0.746271,40.842824]}]},"geometry":{"type":"LineString","coordinates":[[2.172227,41.38592],[2.171893,41.385652],[2.171245,41.38509],[2.170872,41.384702],[2.170842,41.384672],[2.170805,41.384656],[2.170308,41.385468],[2.170137,41.385755],[2.169796,41.386134],[2.169767,41.386167],[2.169695,41.386254],[2.169477,41.386515],[2.169384,41.386625],[2.169203,41.386828],[2.169147,41.386897],[2.168952,41.387111],[2.168911,41.38716],[2.168786,41.387299],[2.168548,41.387395],[2.168186,41.387251],[2.167786,41.387107],[2.166938,41.386785],[2.166824,41.386742],[2.166309,41.386546],[2.165533,41.386263],[2.165075,41.386092],[2.164697,41.38594],[2.164162,41.385493],[2.164051,41.385407],[2.163997,41.385329],[2.163982,41.385258],[2.163929,41.384912],[2.163832,41.384143],[2.163714,41.384122],[2.163196,41.383742],[2.162098,41.38289],[2.161369,41.382343],[2.160963,41.382038],[2.159832,41.381198],[2.159414,41.380909],[2.1587,41.380357],[2.157559,41.379497],[2.15642,41.378639],[2.155288,41.377787],[2.154172,41.376944],[2.153032,41.376089],[2.152274,41.375518],[2.152126,41.375394],[2.152008,41.375308],[2.151735,41.375083],[2.150112,41.375095],[2.149881,41.375136],[2.149703,41.37521],[2.149646,41.375238],[2.149536,41.375333],[2.149443,41.375385],[2.149302,41.375433],[2.149134,41.375456],[2.149035,41.375453],[2.148846,41.375406],[2.148751,41.375359],[2.148682,41.37531],[2.148576,41.375184],[2.148545,41.375111],[2.148534,41.374966],[2.148562,41.374878],[2.148556,41.37476],[2.148531,41.374718],[2.148123,41.374388],[2.147735,41.374074],[2.147073,41.373556],[2.146816,41.373348],[2.1467,41.373188],[2.146195,41.37281],[2.146183,41.372801],[2.146038,41.372692],[2.145257,41.372101],[2.144925,41.371855],[2.144736,41.371712],[2.143874,41.371064],[2.14298,41.370394],[2.142709,41.370196],[2.142449,41.369994],[2.141864,41.36956],[2.140453,41.368492],[2.140148,41.368267],[2.139474,41.367756],[2.13944,41.367731],[2.139341,41.367658],[2.1392,41.367552],[2.139007,41.367409],[2.13867,41.367195],[2.135897,41.365122],[2.135588,41.364901],[2.134911,41.364406],[2.133881,41.363633],[2.1338,41.363571],[2.132211,41.362307],[2.131531,41.361736],[2.130894,41.361279],[2.130585,41.361029],[2.130567,41.361016],[2.130506,41.36097],[2.130263,41.360789],[2.130133,41.360691],[2.129616,41.360302],[2.1292,41.360001],[2.128718,41.359643],[2.128353,41.359366],[2.127777,41.358929],[2.127654,41.358835],[2.127026,41.358363],[2.126118,41.357683],[2.125582,41.357282],[2.124015,41.35609],[2.124006,41.356083],[2.123219,41.355497],[2.12212,41.354678],[2.121392,41.354145],[2.119501,41.352735],[2.119002,41.352337],[2.118174,41.35173],[2.116707,41.350832],[2.116261,41.350541],[2.115436,41.34995],[2.114924,41.349597],[2.114572,41.349354],[2.113392,41.348376],[2.113073,41.348138],[2.112411,41.347645],[2.112159,41.347457],[2.111261,41.346796],[2.110558,41.346263],[2.109163,41.34521],[2.1087,41.344873],[2.107,41.343574],[2.102653,41.340314],[2.101658,41.339565],[2.101067,41.339122],[2.100841,41.33894],[2.100503,41.338696],[2.099516,41.337985],[2.099072,41.337649],[2.098344,41.337092],[2.097747,41.336663],[2.097341,41.33639],[2.097161,41.336268],[2.096766,41.336031],[2.096173,41.335712],[2.095447,41.335374],[2.094852,41.335145],[2.094323,41.334971],[2.094039,41.33487],[2.090942,41.33379],[2.086148,41.332168],[2.085188,41.331792],[2.08483,41.331657],[2.083863,41.331218],[2.083589,41.331116],[2.082987,41.330929],[2.082423,41.33082],[2.081857,41.330756],[2.081102,41.330743],[2.080501,41.330784],[2.077978,41.331104],[2.076596,41.331278],[2.075785,41.331402],[2.074932,41.33152],[2.071819,41.331951],[2.066616,41.332638],[2.06623,41.332696],[2.065799,41.33273],[2.063469,41.332771],[2.063239,41.332798],[2.062998,41.332861],[2.062319,41.333103],[2.061902,41.333166],[2.061534,41.333152],[2.061065,41.333048],[2.059872,41.332736],[2.059588,41.332649],[2.059346,41.332556],[2.059037,41.332464],[2.058677,41.332344],[2.057961,41.332058],[2.057023,41.331577],[2.056039,41.331036],[2.052649,41.329137],[2.051946,41.328739],[2.050384,41.327842],[2.049329,41.327268],[2.048239,41.326624],[2.047049,41.325861],[2.046354,41.325377],[2.045837,41.324998],[2.041604,41.321858],[2.040284,41.320898],[2.039933,41.320606],[2.039041,41.319941],[2.038388,41.319427],[2.037763,41.318912],[2.03706,41.318299],[2.036283,41.317565],[2.035321,41.316594],[2.034646,41.315847],[2.034153,41.315274],[2.033617,41.314603],[2.03058,41.310606],[2.029957,41.309792],[2.028018,41.307244],[2.027446,41.306499],[2.026834,41.305741],[2.026528,41.30539],[2.025873,41.304654],[2.025283,41.304023],[2.02467,41.303396],[2.022639,41.3014],[2.022161,41.300916],[2.021585,41.300343],[2.020845,41.299651],[2.020636,41.29946],[2.019786,41.298799],[2.019073,41.29829],[2.013563,41.29486],[2.013142,41.294598],[2.012913,41.294453],[2.012802,41.294379],[2.011151,41.293355],[2.009395,41.292301],[2.007043,41.290984],[2.004638,41.289709],[2.002369,41.288479],[2.002012,41.288272],[2.000285,41.287249],[1.99936,41.286653],[1.996735,41.284878],[1.995545,41.284075],[1.994359,41.283247],[1.9925,41.28201],[1.989395,41.279911],[1.988184,41.279119],[1.987467,41.278693],[1.986728,41.278287],[1.985805,41.27782],[1.984832,41.277359],[1.983372,41.276732],[1.981891,41.276178],[1.980541,41.275717],[1.976465,41.274401],[1.974446,41.273791],[1.973849,41.273592],[1.972865,41.273236],[1.971825,41.272782],[1.971118,41.272407],[1.970696,41.272156],[1.969992,41.271685],[1.968187,41.270378],[1.967799,41.270125],[1.966965,41.269629],[1.966644,41.269451],[1.966206,41.269236],[1.965352,41.268867],[1.964868,41.268682],[1.963814,41.268341],[1.963378,41.26822],[1.962927,41.26812],[1.962519,41.268035],[1.961426,41.267819],[1.960403,41.267676],[1.942864,41.265778],[1.93992,41.265452],[1.937107,41.26511],[1.935986,41.264912],[1.934742,41.264604],[1.934082,41.264414],[1.930877,41.263391],[1.929774,41.263056],[1.929153,41.262914],[1.928605,41.262818],[1.928334,41.262781],[1.92774,41.262735],[1.925974,41.262661],[1.923144,41.262614],[1.922653,41.262597],[1.922118,41.262555],[1.921584,41.262491],[1.920543,41.262302],[1.919937,41.262137],[1.919363,41.26195],[1.91879,41.261721],[1.916736,41.260697],[1.915655,41.26033],[1.914645,41.260034],[1.913615,41.259826],[1.912039,41.259551],[1.910615,41.259421],[1.909267,41.259384],[1.907269,41.259369],[1.905796,41.259305],[1.905174,41.259265],[1.904591,41.259195],[1.904178,41.259128],[1.9039,41.259066],[1.903366,41.258918],[1.902725,41.258672],[1.902124,41.258359],[1.901704,41.258075],[1.901326,41.257771],[1.900618,41.257091],[1.900012,41.256589],[1.899505,41.256168],[1.898904,41.25574],[1.89816,41.255317],[1.897387,41.255],[1.896462,41.254714],[1.895705,41.254453],[1.894954,41.254143],[1.894283,41.253814],[1.893946,41.253583],[1.893441,41.253188],[1.893184,41.252917],[1.892942,41.252633],[1.892248,41.251593],[1.891874,41.251139],[1.891691,41.250965],[1.891429,41.250743],[1.890984,41.25043],[1.890651,41.250237],[1.890403,41.25012],[1.889371,41.249774],[1.888216,41.249556],[1.886731,41.249489],[1.885066,41.249579],[1.883947,41.249581],[1.88239,41.249493],[1.880671,41.249307],[1.878662,41.249262],[1.876673,41.249397],[1.875098,41.249576],[1.873379,41.249847],[1.871608,41.250158],[1.870443,41.250289],[1.869696,41.250262],[1.868958,41.250188],[1.868177,41.250072],[1.867436,41.249915],[1.867081,41.249826],[1.866367,41.249604],[1.86569,41.249338],[1.865045,41.249024],[1.864436,41.248663],[1.864145,41.248467],[1.863616,41.248053],[1.863369,41.247832],[1.863134,41.247601],[1.862712,41.247124],[1.861882,41.245981],[1.861584,41.245635],[1.861327,41.245387],[1.860933,41.245074],[1.860649,41.244885],[1.860185,41.244631],[1.859708,41.244421],[1.859341,41.244291],[1.858799,41.244145],[1.85836,41.244062],[1.857877,41.244001],[1.857289,41.243974],[1.856908,41.243985],[1.856528,41.244016],[1.85597,41.244102],[1.855404,41.244228],[1.855254,41.244265],[1.853327,41.244916],[1.85105,41.245458],[1.849486,41.245671],[1.848628,41.245814],[1.847878,41.245914],[1.847099,41.245991],[1.846546,41.24603],[1.8456,41.246067],[1.84469,41.246079],[1.843214,41.246053],[1.840478,41.245999],[1.839329,41.24595],[1.837177,41.245774],[1.834437,41.245479],[1.833031,41.245413],[1.83172,41.245404],[1.830765,41.245437],[1.82968,41.245501],[1.829059,41.245568],[1.827966,41.245713],[1.82644,41.24597],[1.824961,41.246181],[1.824271,41.246249],[1.823254,41.246286],[1.822873,41.246272],[1.822473,41.246244],[1.822037,41.246191],[1.82158,41.246116],[1.820916,41.245969],[1.819758,41.245677],[1.819185,41.245535],[1.818616,41.245427],[1.818213,41.245371],[1.817648,41.245336],[1.817029,41.245321],[1.816728,41.245331],[1.815964,41.245403],[1.815666,41.245447],[1.81509,41.245563],[1.814432,41.24574],[1.813914,41.24594],[1.80972,41.247467],[1.806724,41.248603],[1.806238,41.24881],[1.805341,41.249192],[1.804499,41.249597],[1.80133,41.251152],[1.800342,41.251557],[1.799344,41.251918],[1.797924,41.252336],[1.797431,41.252463],[1.795994,41.25274],[1.795004,41.252886],[1.793792,41.252998],[1.793206,41.253031],[1.792558,41.253041],[1.79185,41.253035],[1.790809,41.252974],[1.789949,41.252877],[1.789441,41.252794],[1.788353,41.252561],[1.787978,41.252465],[1.787307,41.252259],[1.786604,41.252004],[1.785849,41.251682],[1.785006,41.251266],[1.784592,41.251026],[1.783623,41.250388],[1.783492,41.25028],[1.782922,41.249801],[1.782074,41.249001],[1.780922,41.247876],[1.780115,41.247156],[1.779746,41.24684],[1.778997,41.246261],[1.778146,41.245669],[1.777577,41.245304],[1.776982,41.244954],[1.776383,41.244624],[1.775133,41.244007],[1.773936,41.243499],[1.77328,41.243253],[1.772414,41.242964],[1.772251,41.242913],[1.771515,41.242694],[1.770699,41.24248],[1.76991,41.242288],[1.769028,41.242124],[1.768612,41.242062],[1.767859,41.241982],[1.767517,41.241963],[1.767139,41.24195],[1.766442,41.241958],[1.766291,41.241965],[1.765449,41.242033],[1.764423,41.242161],[1.764079,41.242214],[1.763106,41.242382],[1.762256,41.242552],[1.760933,41.242872],[1.759819,41.243192],[1.759244,41.243378],[1.758045,41.243808],[1.757068,41.244211],[1.756404,41.244527],[1.754661,41.245398],[1.754308,41.245596],[1.753111,41.246342],[1.752369,41.246858],[1.751613,41.247432],[1.750977,41.247962],[1.750506,41.24839],[1.750051,41.248803],[1.749257,41.249634],[1.747487,41.251566],[1.746448,41.252616],[1.745263,41.253663],[1.74423,41.254444],[1.743278,41.255087],[1.742269,41.255698],[1.741304,41.25619],[1.740455,41.256549],[1.739734,41.256803],[1.739358,41.256919],[1.738969,41.257027],[1.738204,41.257206],[1.737721,41.257299],[1.736995,41.257405],[1.736185,41.257486],[1.735384,41.257525],[1.734844,41.257526],[1.734728,41.257525],[1.734588,41.257522],[1.733534,41.257459],[1.73313,41.257417],[1.732288,41.257292],[1.732168,41.257269],[1.731502,41.257135],[1.731141,41.257042],[1.730385,41.256826],[1.730006,41.256699],[1.729645,41.256569],[1.728927,41.256273],[1.727198,41.255457],[1.726197,41.255032],[1.725397,41.254761],[1.725019,41.254651],[1.724627,41.254546],[1.723838,41.25437],[1.722075,41.254051],[1.721288,41.253894],[1.720508,41.25371],[1.719758,41.253498],[1.719008,41.253257],[1.718462,41.253055],[1.715422,41.251792],[1.714336,41.251378],[1.713588,41.251121],[1.712467,41.250778],[1.711314,41.250475],[1.709941,41.25018],[1.709355,41.250072],[1.708632,41.249963],[1.707753,41.249842],[1.706538,41.249722],[1.703493,41.249533],[1.702463,41.249453],[1.701643,41.249362],[1.700599,41.249202],[1.700296,41.249143],[1.699441,41.248965],[1.698326,41.248679],[1.697754,41.248508],[1.6973,41.248361],[1.69622,41.247965],[1.695183,41.247504],[1.694231,41.247025],[1.693823,41.246799],[1.692849,41.246203],[1.692477,41.245954],[1.692037,41.245631],[1.690737,41.244649],[1.690227,41.244293],[1.689683,41.243961],[1.688989,41.243609],[1.688223,41.243297],[1.687024,41.242868],[1.686528,41.242674],[1.686074,41.242477],[1.685346,41.242088],[1.685012,41.241885],[1.684701,41.24168],[1.684087,41.241199],[1.68355,41.240694],[1.683026,41.240083],[1.682594,41.239442],[1.68233,41.23894],[1.682129,41.238416],[1.681928,41.237721],[1.681839,41.237],[1.681748,41.235778],[1.681678,41.235362],[1.681519,41.234784],[1.681309,41.234228],[1.681068,41.233752],[1.680778,41.233289],[1.68061,41.233055],[1.680045,41.232395],[1.67922,41.23152],[1.678742,41.230922],[1.678376,41.230362],[1.677997,41.229646],[1.677841,41.229282],[1.677694,41.228803],[1.677556,41.228116],[1.677514,41.227866],[1.677294,41.225574],[1.677028,41.224277],[1.676911,41.223844],[1.676768,41.223417],[1.676288,41.222217],[1.675909,41.221443],[1.6753,41.220443],[1.674991,41.219993],[1.674695,41.21959],[1.674098,41.218857],[1.673827,41.218556],[1.673605,41.21831],[1.673083,41.217794],[1.672432,41.217198],[1.671718,41.216611],[1.670918,41.216081],[1.670078,41.215619],[1.669598,41.215399],[1.66913,41.215209],[1.668276,41.214906],[1.667118,41.214597],[1.666001,41.214331],[1.665198,41.214083],[1.664411,41.213753],[1.663531,41.213291],[1.663245,41.213114],[1.66222,41.212347],[1.660866,41.210774],[1.660588,41.210487],[1.660092,41.210049],[1.659632,41.209701],[1.659358,41.209525],[1.659023,41.209326],[1.658503,41.209056],[1.658327,41.208971],[1.657863,41.208787],[1.657236,41.208556],[1.656768,41.208416],[1.65647,41.208344],[1.656154,41.208273],[1.655731,41.208202],[1.655317,41.208142],[1.654691,41.208094],[1.654282,41.208082],[1.654056,41.208104],[1.653462,41.208182],[1.650107,41.208382],[1.649604,41.208374],[1.64921,41.208369],[1.648755,41.208406],[1.648056,41.208492],[1.647115,41.208642],[1.6459,41.208893],[1.64501,41.209135],[1.643937,41.209488],[1.6428,41.209943],[1.64182,41.210412],[1.64145,41.21061],[1.640626,41.21109],[1.639322,41.211903],[1.638747,41.212239],[1.637642,41.212837],[1.636773,41.213239],[1.635851,41.213618],[1.635448,41.213766],[1.634543,41.214066],[1.633938,41.214242],[1.633012,41.214472],[1.63224,41.214618],[1.631814,41.214675],[1.631,41.21474],[1.630374,41.214753],[1.629596,41.214727],[1.628999,41.214668],[1.628383,41.21457],[1.627803,41.214452],[1.627204,41.214298],[1.626679,41.214126],[1.62585,41.213806],[1.625021,41.213429],[1.623982,41.212983],[1.62325,41.212723],[1.62272,41.212571],[1.622337,41.212479],[1.621503,41.212322],[1.620875,41.212248],[1.620502,41.212219],[1.619891,41.212206],[1.619243,41.212222],[1.618615,41.212265],[1.618099,41.212322],[1.616649,41.212527],[1.615457,41.212655],[1.614473,41.212701],[1.6136,41.212705],[1.612997,41.212686],[1.611935,41.2126],[1.611419,41.212532],[1.610448,41.212372],[1.609481,41.21215],[1.608758,41.211999],[1.60851,41.21192],[1.606726,41.211224],[1.60454,41.210385],[1.603964,41.210203],[1.603323,41.210023],[1.602074,41.209731],[1.600879,41.209559],[1.59735,41.209351],[1.595099,41.209333],[1.591864,41.209405],[1.586354,41.2094],[1.586228,41.209399],[1.584507,41.20936],[1.583101,41.209287],[1.582285,41.209225],[1.580652,41.209056],[1.578925,41.20882],[1.574488,41.208075],[1.573006,41.207862],[1.572855,41.207843],[1.572007,41.207749],[1.570143,41.207613],[1.568841,41.207564],[1.567927,41.207551],[1.566231,41.207587],[1.565397,41.207636],[1.563659,41.207687],[1.562718,41.207674],[1.561534,41.207601],[1.560769,41.207515],[1.560197,41.207429],[1.559601,41.20732],[1.558622,41.207098],[1.557673,41.206824],[1.556734,41.206492],[1.555657,41.206035],[1.55485,41.205626],[1.553679,41.204942],[1.553089,41.204563],[1.552043,41.20385],[1.551037,41.203106],[1.550193,41.202442],[1.546998,41.19983],[1.546027,41.199087],[1.545088,41.198414],[1.544268,41.197868],[1.54298,41.19707],[1.541971,41.196497],[1.540837,41.195903],[1.539971,41.195482],[1.539185,41.195136],[1.538758,41.194951],[1.538281,41.194751],[1.537831,41.194569],[1.53756,41.194455],[1.5367,41.194172],[1.535704,41.193898],[1.535113,41.19376],[1.533879,41.193559],[1.533302,41.193497],[1.53225,41.193427],[1.531606,41.193422],[1.530964,41.193452],[1.530083,41.193527],[1.529333,41.193612],[1.528457,41.193738],[1.527728,41.193909],[1.527128,41.194067],[1.526474,41.194263],[1.525875,41.194468],[1.525328,41.194689],[1.524838,41.194914],[1.52427,41.195198],[1.52347,41.195671],[1.522732,41.196154],[1.522087,41.196679],[1.521407,41.197243],[1.520922,41.197664],[1.520557,41.19796],[1.520127,41.19826],[1.518975,41.198901],[1.518206,41.199375],[1.517407,41.199907],[1.517229,41.199956],[1.516379,41.200385],[1.516259,41.200446],[1.515613,41.200788],[1.515148,41.201061],[1.514519,41.201454],[1.513016,41.202507],[1.512708,41.202706],[1.512225,41.202974],[1.511692,41.203201],[1.51111,41.203377],[1.510729,41.203456],[1.510349,41.203511],[1.509928,41.203543],[1.509536,41.203549],[1.509128,41.203528],[1.50875,41.203489],[1.508406,41.203429],[1.508184,41.203375],[1.507588,41.203193],[1.507225,41.203046],[1.506737,41.202791],[1.506281,41.202484],[1.506011,41.20226],[1.505659,41.201896],[1.505279,41.20137],[1.504744,41.200547],[1.504546,41.20028],[1.504333,41.200028],[1.50384,41.199536],[1.503544,41.19929],[1.502948,41.198874],[1.502297,41.198514],[1.501509,41.19817],[1.500864,41.19795],[1.500107,41.197726],[1.498566,41.197293],[1.497394,41.196994],[1.497027,41.196882],[1.496294,41.196636],[1.495583,41.19636],[1.49488,41.196056],[1.494088,41.195671],[1.492878,41.194981],[1.491815,41.194193],[1.491634,41.194031],[1.491339,41.193763],[1.490743,41.193225],[1.489497,41.191914],[1.488871,41.191309],[1.48829,41.190813],[1.487625,41.190323],[1.486846,41.189821],[1.48579,41.189253],[1.483911,41.188369],[1.483095,41.187953],[1.482357,41.187509],[1.481462,41.186863],[1.480925,41.186423],[1.48005,41.185669],[1.478702,41.184443],[1.477632,41.183683],[1.476403,41.182993],[1.475328,41.18252],[1.47391,41.182076],[1.472348,41.181753],[1.470803,41.181595],[1.469155,41.181604],[1.465787,41.181916],[1.463971,41.181901],[1.463054,41.181812],[1.459979,41.181355],[1.45921,41.181277],[1.458443,41.181226],[1.457956,41.181214],[1.453854,41.181314],[1.452733,41.181247],[1.451523,41.181119],[1.450872,41.181025],[1.450111,41.180941],[1.44929,41.180875],[1.448132,41.180847],[1.447744,41.180843],[1.446183,41.180952],[1.445275,41.181049],[1.444921,41.181107],[1.44444,41.181196],[1.442158,41.181724],[1.440719,41.181979],[1.439037,41.182108],[1.437286,41.182043],[1.435715,41.181804],[1.434205,41.181417],[1.432651,41.180835],[1.431364,41.180196],[1.430904,41.179866],[1.430085,41.179317],[1.429175,41.178477],[1.42836,41.177573],[1.427621,41.176436],[1.426737,41.174459],[1.426102,41.173148],[1.425371,41.172047],[1.424566,41.171209],[1.423604,41.170376],[1.422463,41.169646],[1.421442,41.169129],[1.419854,41.168483],[1.418214,41.167856],[1.416994,41.167242],[1.41674,41.167094],[1.415974,41.166624],[1.415614,41.166376],[1.414412,41.165498],[1.413236,41.16478],[1.411829,41.16418],[1.410215,41.163669],[1.408696,41.163385],[1.406928,41.163178],[1.404793,41.162895],[1.403873,41.162705],[1.402864,41.16243],[1.401971,41.162143],[1.399577,41.161233],[1.398542,41.1609],[1.397711,41.160679],[1.396732,41.16047],[1.395953,41.160343],[1.394984,41.160225],[1.392645,41.160005],[1.391872,41.159905],[1.390586,41.159661],[1.389534,41.159396],[1.389183,41.159295],[1.388571,41.159089],[1.387457,41.158655],[1.38635,41.158166],[1.385295,41.157731],[1.384342,41.157395],[1.383914,41.157273],[1.383166,41.157095],[1.382102,41.156899],[1.381373,41.156815],[1.380626,41.156762],[1.37964,41.15674],[1.378658,41.156763],[1.376501,41.156949],[1.375654,41.15698],[1.374801,41.156983],[1.373975,41.156964],[1.373268,41.156908],[1.372496,41.156819],[1.371322,41.156623],[1.370164,41.156346],[1.369552,41.156161],[1.368148,41.155648],[1.367393,41.155307],[1.366588,41.1549],[1.365966,41.15455],[1.365441,41.154209],[1.364842,41.153788],[1.364191,41.153238],[1.363577,41.152684],[1.362084,41.151194],[1.3614,41.150561],[1.360965,41.15021],[1.360353,41.14976],[1.359883,41.149444],[1.358816,41.148837],[1.358207,41.148541],[1.357525,41.148235],[1.356252,41.147767],[1.355343,41.147474],[1.353438,41.146776],[1.351996,41.146078],[1.350762,41.14529],[1.349636,41.144397],[1.348534,41.143244],[1.348242,41.142904],[1.347916,41.142508],[1.347562,41.14205],[1.347033,41.141416],[1.346706,41.141065],[1.346334,41.1407],[1.345956,41.140362],[1.345414,41.139934],[1.344456,41.139299],[1.343577,41.138811],[1.34268,41.138413],[1.341993,41.138159],[1.341182,41.137912],[1.340363,41.137712],[1.339583,41.137566],[1.338711,41.13745],[1.337959,41.137407],[1.33719,41.137387],[1.335645,41.13743],[1.334109,41.137662],[1.333568,41.137777],[1.332547,41.13805],[1.331319,41.138536],[1.330544,41.13891],[1.329794,41.139334],[1.329201,41.1397],[1.328392,41.140243],[1.327026,41.141274],[1.325603,41.142375],[1.324333,41.143282],[1.323191,41.143945],[1.321818,41.144611],[1.320798,41.145008],[1.31981,41.145342],[1.318754,41.145631],[1.316531,41.146159],[1.315514,41.146425],[1.314928,41.146608],[1.314488,41.146731],[1.313595,41.14704],[1.312873,41.147345],[1.311129,41.148178],[1.309252,41.149103],[1.308327,41.149475],[1.30738,41.149811],[1.305977,41.150183],[1.305237,41.150331],[1.304485,41.150446],[1.303648,41.150552],[1.302729,41.150611],[1.301766,41.150631],[1.300807,41.1506],[1.300015,41.150534],[1.299206,41.150436],[1.297436,41.150084],[1.296645,41.149874],[1.296019,41.14967],[1.295191,41.149369],[1.294366,41.149024],[1.293079,41.148357],[1.291726,41.147602],[1.290869,41.147189],[1.29013,41.146889],[1.289476,41.146666],[1.288807,41.146479],[1.288032,41.1463],[1.287233,41.146149],[1.286282,41.146038],[1.285312,41.145974],[1.284463,41.14597],[1.284032,41.145985],[1.283597,41.146011],[1.279963,41.146344],[1.27912,41.146399],[1.278224,41.146434],[1.27717,41.146427],[1.276152,41.146398],[1.274381,41.146249],[1.272645,41.146014],[1.271651,41.14583],[1.270675,41.14562],[1.268809,41.145177],[1.266577,41.144572],[1.264097,41.143958],[1.262289,41.143622],[1.261031,41.143413],[1.259328,41.143234],[1.257612,41.14313],[1.257165,41.143129],[1.256471,41.143103],[1.254745,41.143127],[1.253033,41.143222],[1.251895,41.143328],[1.250768,41.143467],[1.249227,41.1437],[1.244504,41.144534],[1.243904,41.144633],[1.241507,41.145005],[1.239762,41.145219],[1.239319,41.145264],[1.237521,41.14541],[1.236059,41.145489],[1.235039,41.145528],[1.233804,41.145539],[1.231767,41.145505],[1.229961,41.145435],[1.229376,41.145398],[1.227963,41.145296],[1.22731,41.145233],[1.225708,41.14506],[1.222513,41.144687],[1.220909,41.14453],[1.219706,41.144439],[1.218399,41.144371],[1.217382,41.144335],[1.21618,41.144323],[1.213191,41.1444],[1.209968,41.144548],[1.208456,41.14458],[1.206805,41.144592],[1.204668,41.144523],[1.203796,41.144471],[1.202708,41.144379],[1.200126,41.144065],[1.198078,41.143735],[1.196838,41.143492],[1.19544,41.143196],[1.193946,41.14282],[1.192473,41.142418],[1.190432,41.141761],[1.188932,41.141216],[1.186982,41.140448],[1.185442,41.139737],[1.184483,41.13927],[1.183319,41.13866],[1.182665,41.1383],[1.181232,41.137453],[1.179432,41.136317],[1.177981,41.135392],[1.176993,41.134789],[1.175922,41.134168],[1.175444,41.133908],[1.174933,41.13364],[1.173886,41.13313],[1.172814,41.132657],[1.171716,41.132215],[1.170623,41.131819],[1.170077,41.131639],[1.168436,41.131144],[1.166382,41.13061],[1.162638,41.129698],[1.16153,41.1294],[1.16044,41.129079],[1.159301,41.128705],[1.158147,41.12828],[1.15673,41.127692],[1.155854,41.127288],[1.155343,41.12704],[1.154333,41.126513],[1.153185,41.125857],[1.151928,41.125055],[1.151174,41.124525],[1.150302,41.123874],[1.149873,41.123532],[1.149053,41.122834],[1.148277,41.122129],[1.146601,41.12055],[1.145935,41.119962],[1.14537,41.11952],[1.144759,41.119101],[1.144444,41.118906],[1.144115,41.118715],[1.14345,41.118363],[1.143099,41.118192],[1.142389,41.11789],[1.141282,41.117479],[1.138826,41.116682],[1.137742,41.116273],[1.137024,41.115965],[1.136332,41.11563],[1.135652,41.11527],[1.13501,41.114889],[1.134126,41.114299],[1.133498,41.113815],[1.132939,41.113345],[1.13234,41.112784],[1.132085,41.112516],[1.130749,41.111036],[1.129546,41.109759],[1.129499,41.10971],[1.129315,41.109519],[1.128648,41.108857],[1.12795,41.108226],[1.127483,41.107832],[1.126923,41.107393],[1.126425,41.107024],[1.125358,41.106305],[1.124274,41.105647],[1.12279,41.104878],[1.120722,41.103978],[1.119202,41.103424],[1.11818,41.1031],[1.116953,41.102742],[1.114388,41.102079],[1.112481,41.101682],[1.109482,41.101175],[1.105703,41.10049],[1.104182,41.100127],[1.102863,41.099759],[1.101468,41.099309],[1.099664,41.098628],[1.098313,41.098031],[1.096337,41.097048],[1.095218,41.096408],[1.09342,41.095267],[1.090737,41.093508],[1.088677,41.092227],[1.087346,41.091458],[1.084855,41.090127],[1.082634,41.089062],[1.080272,41.088045],[1.07913,41.087588],[1.078129,41.087206],[1.076164,41.086501],[1.073876,41.085768],[1.071967,41.085224],[1.070755,41.084904],[1.068813,41.084436],[1.067054,41.084066],[1.063884,41.083504],[1.061219,41.083133],[1.05832,41.082844],[1.056434,41.082716],[1.053668,41.0826],[1.052337,41.082581],[1.048405,41.082599],[1.046961,41.082568],[1.045459,41.082489],[1.044087,41.082358],[1.042677,41.082178],[1.04166,41.082011],[1.040553,41.081797],[1.039043,41.08145],[1.037951,41.081167],[1.0366,41.080752],[1.035576,41.080406],[1.034351,41.079939],[1.030622,41.078372],[1.02921,41.077799],[1.025721,41.076553],[1.02365,41.075838],[1.022656,41.07548],[1.02202,41.075231],[1.020455,41.074576],[1.019232,41.074036],[1.015862,41.072468],[1.014351,41.071809],[1.013043,41.071277],[1.011622,41.070757],[1.010321,41.070311],[1.006729,41.069185],[1.00491,41.068586],[1.003926,41.068233],[1.002657,41.067735],[1.00153,41.067256],[1.000704,41.066893],[0.998984,41.066063],[0.997443,41.065231],[0.995916,41.064326],[0.994487,41.063394],[0.993148,41.062451],[0.992145,41.061686],[0.988228,41.0584],[0.986712,41.057184],[0.985599,41.056346],[0.983965,41.055201],[0.983074,41.054637],[0.981734,41.053821],[0.979743,41.052719],[0.977769,41.051734],[0.976334,41.051088],[0.974573,41.050355],[0.969694,41.048572],[0.968031,41.047928],[0.966183,41.047123],[0.964808,41.046466],[0.963639,41.045863],[0.963015,41.045512],[0.961106,41.044377],[0.957703,41.04217],[0.956294,41.041346],[0.955155,41.04075],[0.954311,41.040336],[0.953883,41.040142],[0.952358,41.039506],[0.950635,41.038877],[0.949291,41.038463],[0.947907,41.038097],[0.94636,41.037759],[0.945291,41.037556],[0.944093,41.037372],[0.942605,41.037192],[0.941231,41.037084],[0.940159,41.037032],[0.938891,41.03701],[0.937632,41.037024],[0.936268,41.037084],[0.936199,41.037088],[0.93345,41.037244],[0.932022,41.037274],[0.93068,41.03724],[0.929544,41.037176],[0.92807,41.037022],[0.926576,41.036798],[0.925076,41.036492],[0.923645,41.036122],[0.922375,41.035735],[0.921159,41.035295],[0.920027,41.034835],[0.919077,41.034389],[0.917758,41.033696],[0.916713,41.033074],[0.915557,41.032291],[0.914713,41.031658],[0.913669,41.03077],[0.912619,41.02975],[0.911826,41.028856],[0.911601,41.028591],[0.911108,41.027935],[0.910531,41.027101],[0.909951,41.026127],[0.909502,41.025239],[0.909045,41.024199],[0.908714,41.023282],[0.908233,41.02174],[0.907825,41.020115],[0.907584,41.018897],[0.90736,41.017336],[0.907235,41.015972],[0.907179,41.014697],[0.907183,41.013758],[0.907183,41.013672],[0.907247,41.01209],[0.90744,41.010375],[0.907668,41.008984],[0.907994,41.007503],[0.908752,41.00467],[0.909024,41.003584],[0.90909,41.003079],[0.909155,41.00228],[0.909151,41.001479],[0.909069,41.000488],[0.908859,40.999476],[0.908734,40.998983],[0.908518,40.998281],[0.908029,40.997199],[0.907859,40.996864],[0.907411,40.996088],[0.906933,40.995391],[0.906119,40.994385],[0.905297,40.993543],[0.905026,40.993292],[0.904957,40.993228],[0.904473,40.99281],[0.903605,40.992142],[0.901892,40.990928],[0.900933,40.990215],[0.900234,40.989643],[0.899576,40.989057],[0.89888,40.988386],[0.897617,40.987172],[0.897186,40.986803],[0.897114,40.986742],[0.896646,40.986342],[0.895837,40.985736],[0.894735,40.985023],[0.894534,40.984922],[0.893717,40.984466],[0.893279,40.984226],[0.890359,40.9829],[0.889607,40.982541],[0.888216,40.981818],[0.886838,40.981009],[0.885647,40.980219],[0.884809,40.979602],[0.88399,40.978911],[0.883178,40.978172],[0.882447,40.977399],[0.881657,40.97645],[0.880991,40.97552],[0.880608,40.974925],[0.878791,40.971751],[0.87788,40.970319],[0.877103,40.969218],[0.875911,40.967704],[0.874888,40.966541],[0.873828,40.965449],[0.872729,40.964411],[0.87138,40.963236],[0.86815,40.960597],[0.867027,40.959568],[0.866363,40.958871],[0.865947,40.958394],[0.865418,40.957738],[0.864849,40.956971],[0.864109,40.955797],[0.862795,40.953495],[0.86232,40.952722],[0.862109,40.952374],[0.861196,40.951027],[0.86038,40.949936],[0.858819,40.948089],[0.857072,40.946114],[0.855584,40.94455],[0.851917,40.941041],[0.849727,40.938841],[0.840421,40.928868],[0.837736,40.925883],[0.836493,40.924563],[0.835214,40.923255],[0.832205,40.920267],[0.830925,40.918953],[0.829649,40.917615],[0.827647,40.915444],[0.82528,40.912977],[0.823941,40.911642],[0.822358,40.910129],[0.819264,40.907314],[0.818036,40.906136],[0.817452,40.905544],[0.816377,40.904413],[0.813411,40.901096],[0.811981,40.899582],[0.810319,40.89789],[0.810248,40.897818],[0.807738,40.895355],[0.806286,40.893887],[0.805294,40.89284],[0.803482,40.890878],[0.802193,40.889541],[0.800998,40.888384],[0.799171,40.886706],[0.798542,40.886106],[0.796751,40.884345],[0.794438,40.881965],[0.792434,40.879751],[0.791792,40.87909],[0.791061,40.878299],[0.789993,40.877251],[0.788994,40.876343],[0.787555,40.875133],[0.78564,40.873635],[0.784352,40.872658],[0.782667,40.871289],[0.781412,40.870245],[0.777805,40.867174],[0.775803,40.86551],[0.773799,40.863909],[0.771192,40.861871],[0.768209,40.859464],[0.766615,40.858077],[0.764346,40.856058],[0.76344,40.855209],[0.761792,40.85378],[0.761096,40.853218],[0.760242,40.85258],[0.759787,40.852216],[0.758538,40.851339],[0.757244,40.850488],[0.756286,40.849888],[0.755241,40.849283],[0.752814,40.847943],[0.751811,40.847372],[0.75087,40.846794],[0.749852,40.8461],[0.74899,40.845447],[0.748364,40.84493],[0.74778,40.844411],[0.746765,40.843378],[0.746271,40.842824],[0.745838,40.842297],[0.745426,40.841748],[0.744974,40.841097],[0.744043,40.839578],[0.743182,40.837954],[0.742497,40.836725],[0.742111,40.836091],[0.741746,40.835539],[0.740989,40.834526],[0.740221,40.833622],[0.739409,40.832782],[0.738535,40.831975],[0.737828,40.831402],[0.737167,40.830911],[0.735959,40.830086],[0.735218,40.829628],[0.734466,40.829189],[0.731732,40.82765],[0.729435,40.826267],[0.728773,40.825837],[0.72733,40.824752],[0.724864,40.823043],[0.721665,40.820941],[0.720118,40.820086],[0.718232,40.81911],[0.713781,40.817049],[0.710567,40.815516],[0.708141,40.814485],[0.707048,40.814062],[0.70659,40.813911],[0.703389,40.812685],[0.702801,40.812441],[0.701773,40.811981],[0.701349,40.811764],[0.700685,40.811417],[0.700165,40.811117],[0.699336,40.810585],[0.693651,40.806488],[0.691337,40.805276],[0.689776,40.804563],[0.688033,40.803978],[0.686181,40.803524],[0.682822,40.803012],[0.680894,40.802737],[0.678931,40.802283],[0.677575,40.801881],[0.676169,40.801389],[0.674891,40.800886],[0.673126,40.800031],[0.672267,40.799555],[0.670637,40.798499],[0.668801,40.797073],[0.664823,40.793394],[0.663664,40.792387],[0.662192,40.791196],[0.661821,40.790916],[0.660526,40.789938],[0.657387,40.787843],[0.653231,40.785318],[0.651709,40.784345],[0.65011,40.783271],[0.648646,40.782255],[0.646838,40.780953],[0.644577,40.77922],[0.642414,40.77748],[0.641407,40.776641],[0.64008,40.775472],[0.638225,40.773773],[0.636076,40.771691],[0.634106,40.769872],[0.632345,40.768403],[0.630137,40.766727],[0.629146,40.766028],[0.628113,40.765334],[0.627121,40.764699],[0.6253,40.763603],[0.623624,40.762668],[0.621103,40.761394],[0.619183,40.760496],[0.618125,40.760053],[0.615064,40.75886],[0.613006,40.758122],[0.611579,40.757649],[0.60837,40.756596],[0.60661,40.755928],[0.605016,40.755229],[0.60365,40.754537],[0.602397,40.753832],[0.601966,40.753573],[0.601582,40.75334],[0.599975,40.752245],[0.599378,40.751771],[0.599024,40.751512],[0.59737,40.750148],[0.595527,40.748105],[0.594211,40.746402],[0.593301,40.74484],[0.592639,40.743527],[0.592183,40.742474],[0.591632,40.740902],[0.591111,40.739087],[0.590899,40.738567],[0.590659,40.737865],[0.590337,40.737151],[0.589376,40.735703],[0.589147,40.735435],[0.588467,40.734727],[0.587766,40.734089],[0.587028,40.733514],[0.58578,40.732696],[0.584598,40.732103],[0.583245,40.73156],[0.578366,40.73007],[0.577597,40.729816],[0.576207,40.729313],[0.574443,40.728573],[0.572777,40.72778],[0.57157,40.727131],[0.570407,40.726464],[0.569413,40.725836],[0.568146,40.724983],[0.566823,40.724009],[0.565172,40.722607],[0.563622,40.721163],[0.562334,40.719628],[0.559624,40.716608],[0.556163,40.713364],[0.555558,40.712694],[0.55471,40.711674],[0.552734,40.708958],[0.552214,40.708339],[0.551043,40.707097],[0.549798,40.706008],[0.546944,40.703866],[0.545486,40.702633],[0.544875,40.702045],[0.542558,40.699628],[0.541808,40.698938],[0.541451,40.698634],[0.540466,40.697852],[0.53982,40.697392],[0.539158,40.696952],[0.538344,40.69645],[0.536891,40.695659],[0.534865,40.694585],[0.533989,40.694093],[0.533268,40.693648],[0.53257,40.693179],[0.531696,40.692533],[0.530974,40.691953],[0.530091,40.691151],[0.529086,40.690132],[0.528784,40.689788],[0.527992,40.688794],[0.527398,40.687937],[0.526737,40.686839],[0.526482,40.686367],[0.526249,40.685878],[0.52588,40.685011],[0.525057,40.682795],[0.524747,40.682049],[0.524269,40.681114],[0.524019,40.680699],[0.523589,40.680069],[0.523265,40.679625],[0.522883,40.679159],[0.522559,40.678795],[0.522233,40.678448],[0.521596,40.677838],[0.521202,40.677485],[0.520594,40.677008],[0.519752,40.676363],[0.519385,40.676108],[0.518772,40.675643],[0.51817,40.675156],[0.517517,40.67458],[0.51687,40.67392],[0.516453,40.673458],[0.515973,40.67286],[0.515558,40.672285],[0.515221,40.671783],[0.514769,40.670957],[0.51455,40.67051],[0.514153,40.669525],[0.514127,40.669446],[0.51399,40.669026],[0.513652,40.667742],[0.513242,40.666105],[0.512809,40.664809],[0.512305,40.663572],[0.511303,40.661318],[0.510964,40.660478],[0.510667,40.659642],[0.510295,40.658331],[0.509718,40.655854],[0.509488,40.654989],[0.509302,40.654381],[0.509032,40.653611],[0.508694,40.652773],[0.50815,40.65162],[0.507693,40.650784],[0.504621,40.645694],[0.502286,40.640983],[0.502248,40.640921],[0.500496,40.638056],[0.500076,40.63742],[0.499376,40.636431],[0.497912,40.63459],[0.496673,40.633114],[0.49545,40.631811],[0.49321,40.629578],[0.491892,40.628167],[0.491154,40.627317],[0.491096,40.627247],[0.488002,40.623462],[0.484898,40.620175],[0.484444,40.619747],[0.484377,40.619684],[0.48337,40.618735],[0.480432,40.615529],[0.478697,40.613385],[0.478222,40.612684],[0.477573,40.611772],[0.475434,40.608302],[0.473949,40.605198],[0.472025,40.600722],[0.471299,40.599232],[0.470746,40.598235],[0.469352,40.596057],[0.468313,40.594604],[0.466336,40.592334],[0.464378,40.590473],[0.462424,40.588815],[0.45951,40.586543],[0.457495,40.584708],[0.456328,40.583527],[0.454708,40.581981],[0.453639,40.581074],[0.452008,40.579822],[0.451491,40.579458],[0.450589,40.578865],[0.44973,40.578328],[0.44892,40.577857],[0.447723,40.577201],[0.446997,40.576834],[0.445733,40.57624],[0.442637,40.574891],[0.441266,40.574253],[0.440139,40.57368],[0.438923,40.572988],[0.438442,40.572699],[0.437683,40.57221],[0.437125,40.571829],[0.436405,40.571305],[0.43536,40.570484],[0.43458,40.569811],[0.433474,40.568747],[0.43301,40.568259],[0.432001,40.567101],[0.431345,40.566254],[0.430762,40.565421],[0.430202,40.56453],[0.429736,40.563712],[0.428619,40.561414],[0.427893,40.559917],[0.426843,40.55799],[0.42654,40.557509],[0.426106,40.556843],[0.425408,40.555764],[0.424909,40.55505],[0.422721,40.552034],[0.421724,40.550479],[0.420684,40.548533],[0.419934,40.546794],[0.419349,40.545005],[0.41888,40.543003],[0.418627,40.541099],[0.418546,40.539273],[0.418599,40.536224],[0.418604,40.535457],[0.418561,40.533358],[0.418244,40.530012],[0.417856,40.527864],[0.416297,40.52162],[0.41592,40.51964],[0.415585,40.517326],[0.415388,40.515339],[0.415263,40.513247],[0.415237,40.512148],[0.415238,40.511111],[0.415288,40.509345],[0.415424,40.507349],[0.41575,40.504188],[0.41583,40.502618],[0.41583,40.500911],[0.415798,40.499966],[0.415721,40.49881],[0.415544,40.497192],[0.415123,40.494487],[0.414968,40.493068],[0.414924,40.491789],[0.414937,40.491198],[0.414973,40.490562],[0.415063,40.489641],[0.415167,40.488955],[0.415317,40.488177],[0.415486,40.487467],[0.415794,40.486402],[0.416056,40.485652],[0.416426,40.484721],[0.417755,40.48184],[0.418142,40.480914],[0.418461,40.479976],[0.418661,40.479183],[0.418835,40.478236],[0.418902,40.477627],[0.418914,40.477138],[0.418923,40.476371],[0.418897,40.475796],[0.41882,40.475033],[0.418705,40.474374],[0.41845,40.473322],[0.418156,40.472453],[0.41784,40.471682],[0.417449,40.470908],[0.41695,40.470055],[0.416481,40.469363],[0.416032,40.468767],[0.415455,40.468079],[0.414671,40.46726],[0.414209,40.466834],[0.413477,40.466186],[0.411383,40.464409],[0.410187,40.463319],[0.409074,40.462205],[0.408133,40.461198],[0.407535,40.460496],[0.406513,40.45921],[0.405825,40.458245],[0.404364,40.456061],[0.403238,40.454416],[0.402441,40.453326],[0.401735,40.452424],[0.401067,40.451625],[0.400428,40.450898],[0.399024,40.449427],[0.394939,40.445401],[0.394113,40.444503],[0.393169,40.443414],[0.391666,40.441453],[0.390845,40.440254],[0.390055,40.438987],[0.389171,40.437382],[0.388606,40.436227],[0.386757,40.432157],[0.38624,40.431107],[0.385465,40.429658],[0.384935,40.428749],[0.384442,40.427948],[0.383404,40.426382],[0.382956,40.42575],[0.382169,40.424688],[0.381361,40.423674],[0.380379,40.422517],[0.379532,40.421574],[0.37616,40.418054],[0.375178,40.416978],[0.37395,40.41549],[0.373277,40.414613],[0.372795,40.413909],[0.372384,40.41325],[0.37198,40.412523],[0.37169,40.411934],[0.371381,40.411242],[0.371077,40.410432],[0.370836,40.409675],[0.370669,40.40903],[0.370527,40.408357],[0.370432,40.407815],[0.37034,40.40703],[0.370283,40.406111],[0.370312,40.40492],[0.370423,40.403777],[0.370603,40.402489],[0.370702,40.401616],[0.370704,40.400862],[0.370641,40.40025],[0.370522,40.399615],[0.370306,40.398901],[0.370043,40.398249],[0.369797,40.397754],[0.369581,40.397382],[0.369318,40.396994],[0.368845,40.396381],[0.368317,40.395809],[0.3678,40.395311],[0.367198,40.394838],[0.366539,40.394381],[0.365787,40.393942],[0.365045,40.393572],[0.364362,40.393276],[0.363656,40.393024],[0.362769,40.392768],[0.361941,40.392582],[0.361181,40.392449],[0.358122,40.392085],[0.356777,40.391861],[0.355743,40.391637],[0.354535,40.391321],[0.353391,40.390961],[0.352375,40.390588],[0.351443,40.390191],[0.350434,40.389715],[0.349564,40.389254],[0.34865,40.388708],[0.347639,40.388028],[0.346638,40.387248],[0.345891,40.3866],[0.345373,40.386097],[0.344671,40.385358],[0.344192,40.384784],[0.34378,40.384245],[0.343418,40.383733],[0.341831,40.381275],[0.341295,40.380518],[0.340667,40.379712],[0.340053,40.37902],[0.339469,40.378416],[0.338936,40.377912],[0.338093,40.377174],[0.335515,40.375043],[0.334438,40.374087],[0.33351,40.373188],[0.332716,40.372357],[0.331926,40.371451],[0.331156,40.370487],[0.329282,40.367962],[0.32862,40.367133],[0.328018,40.366455],[0.327219,40.365649],[0.326566,40.365049],[0.326033,40.364605],[0.325253,40.364],[0.324316,40.36333],[0.321704,40.361553],[0.320659,40.360795],[0.319783,40.360104],[0.317844,40.35848],[0.31777,40.358418],[0.316828,40.35764],[0.316103,40.357088],[0.315269,40.35651],[0.314587,40.356068],[0.313802,40.355605],[0.312783,40.355057],[0.311658,40.354524],[0.310703,40.354123],[0.309804,40.353779],[0.308627,40.353388],[0.307695,40.353117],[0.306184,40.352749],[0.305411,40.352584],[0.305307,40.352562],[0.302434,40.35195],[0.301285,40.351681],[0.299753,40.351264],[0.298149,40.350761],[0.296928,40.35033],[0.295677,40.349847],[0.294634,40.349406],[0.291172,40.347873],[0.290139,40.347462],[0.288977,40.347056],[0.287833,40.346715],[0.286672,40.346418],[0.285386,40.346141],[0.282421,40.345573],[0.281407,40.345352],[0.28053,40.345135],[0.279319,40.344785],[0.278138,40.344391],[0.277285,40.34406],[0.276177,40.343591],[0.275074,40.343053],[0.274046,40.342492],[0.273203,40.341984],[0.272572,40.341571],[0.271725,40.340972],[0.270813,40.340253],[0.269829,40.339374],[0.268852,40.338381],[0.26719,40.336556],[0.266212,40.335513],[0.264969,40.334263],[0.263462,40.332877],[0.259372,40.329371],[0.258583,40.328643],[0.257727,40.327814],[0.25662,40.326673],[0.255881,40.325847],[0.254825,40.32458],[0.251962,40.320923],[0.25047,40.319136],[0.249358,40.317898],[0.248388,40.316889],[0.244414,40.312996],[0.243483,40.31204],[0.242665,40.311129],[0.241737,40.310043],[0.240947,40.309035],[0.240234,40.308068],[0.23955,40.30706],[0.238803,40.305851],[0.238214,40.304824],[0.2362,40.301074],[0.23569,40.300185],[0.23502,40.299101],[0.23431,40.298035],[0.233477,40.2969],[0.231129,40.293958],[0.230754,40.293473],[0.230385,40.292957],[0.229889,40.292177],[0.229516,40.291477],[0.22916,40.29073],[0.228868,40.289977],[0.228668,40.289354],[0.228464,40.288551],[0.228298,40.287587],[0.228234,40.286913],[0.228212,40.286369],[0.228221,40.285831],[0.228272,40.285056],[0.228392,40.284223],[0.228553,40.283444],[0.228778,40.282677],[0.229076,40.281858],[0.229423,40.28109],[0.230018,40.280016],[0.230443,40.27936],[0.23103,40.278569],[0.231854,40.277546],[0.233116,40.275928],[0.233534,40.275344],[0.234151,40.274329],[0.234413,40.273889],[0.234872,40.27299],[0.235327,40.271944],[0.235742,40.270804],[0.235975,40.270004],[0.236233,40.268851],[0.236377,40.267927],[0.236439,40.267122],[0.236441,40.266365],[0.236353,40.265345],[0.236143,40.264205],[0.235902,40.263415],[0.235599,40.262574],[0.235068,40.261503],[0.234426,40.260391],[0.232792,40.257784],[0.232034,40.256449],[0.231446,40.255298],[0.229905,40.252056],[0.229346,40.251002],[0.228693,40.249892],[0.228099,40.249008],[0.227445,40.24811],[0.226535,40.246977],[0.225644,40.245971],[0.224767,40.245075],[0.223078,40.24354],[0.220933,40.241753],[0.218814,40.239941],[0.217739,40.238972],[0.216772,40.238042],[0.215752,40.237013],[0.212975,40.234073],[0.212045,40.233155],[0.211403,40.232566],[0.21043,40.231761],[0.209544,40.23111],[0.20894,40.230682],[0.2081,40.230138],[0.207245,40.22963],[0.206243,40.229088],[0.205534,40.228735],[0.20474,40.228367],[0.20354,40.227858],[0.202396,40.227426],[0.2011,40.227001],[0.19944,40.226543],[0.197062,40.225978],[0.195767,40.225657],[0.194746,40.225345],[0.193921,40.22504],[0.193082,40.224689],[0.192247,40.224303],[0.191171,40.22371],[0.190561,40.223327],[0.189668,40.222697],[0.188929,40.222115],[0.188206,40.221464],[0.187502,40.220722],[0.186953,40.220061],[0.186411,40.219316],[0.185436,40.217805],[0.18432,40.21613],[0.183462,40.215004],[0.182731,40.214121],[0.180914,40.212076],[0.180137,40.211168],[0.179395,40.210246],[0.178598,40.209157],[0.178,40.208245],[0.177271,40.207009],[0.176674,40.205849],[0.176107,40.204563],[0.175705,40.20349],[0.175403,40.202553],[0.175159,40.201682],[0.174197,40.197571],[0.173807,40.196104],[0.17342,40.19485],[0.172944,40.193469],[0.172618,40.192609],[0.172219,40.191642],[0.171669,40.190424],[0.170809,40.188706],[0.170178,40.187554],[0.169471,40.18637],[0.168785,40.185304],[0.167782,40.183851],[0.166839,40.182439],[0.165955,40.181049],[0.164949,40.179314],[0.16391,40.177377],[0.163044,40.175598],[0.162321,40.173983],[0.161842,40.172817],[0.161051,40.170798],[0.16007,40.168566],[0.159228,40.166847],[0.157705,40.164178],[0.156357,40.162068],[0.155082,40.160256],[0.15416,40.15905],[0.153142,40.157793],[0.152026,40.156496],[0.15125,40.155631],[0.150564,40.154822],[0.149608,40.153631],[0.148684,40.152397],[0.147941,40.151326],[0.147444,40.150587],[0.146572,40.149173],[0.146044,40.148244],[0.145538,40.147302],[0.144735,40.145656],[0.143945,40.143811],[0.143554,40.1428],[0.143145,40.141602],[0.14294,40.140967],[0.142189,40.138372],[0.142082,40.138054],[0.141793,40.137194],[0.141277,40.135829],[0.140623,40.134278],[0.139902,40.132754],[0.1389,40.130879],[0.138139,40.129609],[0.137331,40.128347],[0.134611,40.1243],[0.13402,40.123329],[0.133544,40.122463],[0.133099,40.12158],[0.13244,40.120063],[0.132275,40.119623],[0.131894,40.118463],[0.131595,40.117391],[0.131376,40.116412],[0.131244,40.115654],[0.131111,40.114732],[0.130997,40.113642],[0.130897,40.112127],[0.130839,40.111557],[0.130864,40.111459],[0.130767,40.109043],[0.130684,40.107448],[0.130639,40.107247],[0.130537,40.105931],[0.130374,40.104761],[0.130175,40.103723],[0.129925,40.102732],[0.129693,40.101939],[0.129399,40.101123],[0.129064,40.100296],[0.128524,40.099164],[0.127986,40.09819],[0.127489,40.097389],[0.126973,40.096632],[0.126504,40.096005],[0.125916,40.095273],[0.125026,40.094272],[0.12315,40.092311],[0.122733,40.091813],[0.122368,40.09131],[0.122067,40.090836],[0.121758,40.090261],[0.121462,40.089555],[0.120875,40.088021],[0.120518,40.087244],[0.120134,40.086538],[0.11914,40.084983],[0.118881,40.084554],[0.118658,40.084126],[0.118454,40.083668],[0.118328,40.083303],[0.118219,40.082907],[0.118141,40.082562],[0.118075,40.081994],[0.118056,40.081609],[0.118073,40.081232],[0.118098,40.080849],[0.118206,40.080274],[0.118387,40.079653],[0.118616,40.079091],[0.118868,40.078599],[0.119621,40.077264],[0.119867,40.076761],[0.120057,40.076255],[0.120171,40.075855],[0.120278,40.075341],[0.120333,40.074846],[0.120341,40.074384],[0.12031,40.073894],[0.120232,40.073398],[0.120052,40.072743],[0.119824,40.072164],[0.119484,40.071513],[0.119099,40.07095],[0.11873,40.070494],[0.118313,40.070068],[0.117891,40.069688],[0.11743,40.06933],[0.116922,40.068987],[0.116466,40.068718],[0.115879,40.068425],[0.115297,40.068177],[0.114738,40.067977],[0.114082,40.067778],[0.113415,40.067623],[0.112739,40.06751],[0.112036,40.067438],[0.111369,40.067403],[0.110719,40.067409],[0.110219,40.067431],[0.10979,40.067473],[0.109332,40.067531],[0.108784,40.067625],[0.106518,40.068129],[0.105577,40.068331],[0.104843,40.068461],[0.104214,40.068553],[0.103596,40.068621],[0.102928,40.068673],[0.102168,40.068699],[0.10142,40.068695],[0.100631,40.06866],[0.099976,40.068603],[0.099281,40.068517],[0.098576,40.068405],[0.097767,40.06824],[0.096598,40.067964],[0.093239,40.067115],[0.09226,40.066899],[0.091316,40.066712],[0.090668,40.066602],[0.089603,40.066447],[0.088482,40.066329],[0.087499,40.066262],[0.086023,40.066216],[0.08523,40.066223],[0.08432,40.066256],[0.082609,40.066364],[0.081853,40.066413],[0.081185,40.066457],[0.080514,40.066481],[0.079843,40.066487],[0.079172,40.066474],[0.078503,40.066442],[0.077835,40.066392],[0.077071,40.066297],[0.076314,40.066175],[0.075565,40.066025],[0.074827,40.065847],[0.074101,40.065643],[0.073388,40.065413],[0.07269,40.065156],[0.07201,40.064875],[0.071436,40.06461],[0.068994,40.063358],[0.068395,40.063075],[0.067518,40.062708],[0.066723,40.062435],[0.065906,40.062204],[0.06507,40.062016],[0.06422,40.061872],[0.063359,40.061771],[0.062491,40.061716],[0.061412,40.06171],[0.060811,40.061738],[0.060075,40.061806],[0.05889,40.061975],[0.056545,40.062435],[0.056022,40.06252],[0.055528,40.062586],[0.054926,40.06264],[0.05443,40.062668],[0.053324,40.062675],[0.052816,40.06265],[0.052067,40.06258],[0.051342,40.062481],[0.050663,40.062354],[0.050037,40.062206],[0.049318,40.061998],[0.048549,40.061737],[0.04764,40.061345],[0.047027,40.06104],[0.046346,40.060642],[0.045713,40.060218],[0.045172,40.059804],[0.044683,40.059377],[0.04415,40.05884],[0.043731,40.058352],[0.043342,40.057837],[0.042956,40.057228],[0.042584,40.056488],[0.041828,40.054603],[0.04154,40.053972],[0.041227,40.053388],[0.040863,40.052803],[0.040554,40.052357],[0.040197,40.051901],[0.039772,40.051401],[0.039294,40.050912],[0.038733,40.050394],[0.038068,40.049853],[0.037416,40.049385],[0.03678,40.048978],[0.036093,40.048586],[0.03525,40.04816],[0.034412,40.047783],[0.031961,40.046759],[0.03048,40.046097],[0.029692,40.04572],[0.028863,40.045301],[0.028013,40.044842],[0.026741,40.044104],[0.022799,40.04166],[0.021272,40.040754],[0.019904,40.039971],[0.017603,40.038734],[0.016454,40.038151],[0.014853,40.037368],[0.013256,40.036629],[0.011851,40.036023],[0.01024,40.03537],[0.008718,40.0348],[0.007039,40.034221],[0.006713,40.034113],[0.005496,40.033723],[0.004255,40.033355],[0.003148,40.033047],[0.001974,40.032745],[-0.000225,40.032208],[-0.001755,40.031793],[-0.003203,40.031374],[-0.00732,40.030112],[-0.008337,40.029829],[-0.008818,40.029705],[-0.010101,40.029415],[-0.011086,40.029235],[-0.012039,40.029094],[-0.01317,40.028969],[-0.014109,40.0289],[-0.015057,40.028853],[-0.016178,40.028835],[-0.019366,40.028836],[-0.020672,40.028794],[-0.021164,40.028764],[-0.021759,40.028725],[-0.022512,40.02864],[-0.023262,40.028537],[-0.024745,40.028279],[-0.025604,40.028089],[-0.026941,40.027726],[-0.028277,40.027289],[-0.029853,40.026655],[-0.030485,40.026356],[-0.030995,40.026108],[-0.031208,40.026],[-0.031708,40.025736],[-0.032281,40.025396],[-0.032742,40.025109],[-0.033811,40.024389],[-0.034534,40.023845],[-0.035151,40.023325],[-0.035958,40.02258],[-0.036977,40.021511],[-0.038726,40.019578],[-0.039698,40.018576],[-0.040562,40.017776],[-0.042037,40.016561],[-0.043285,40.015657],[-0.044585,40.014824],[-0.047108,40.013352],[-0.048053,40.012762],[-0.049162,40.011955],[-0.050045,40.011174],[-0.05101,40.010142],[-0.052522,40.008271],[-0.053286,40.007533],[-0.053955,40.007003],[-0.05474,40.006512],[-0.055635,40.006082],[-0.056497,40.00576],[-0.057272,40.00553],[-0.058184,40.005336],[-0.060965,40.004913],[-0.062035,40.004658],[-0.063038,40.00434],[-0.06375,40.004065],[-0.064968,40.003477],[-0.066017,40.002827],[-0.066593,40.002395],[-0.068606,40.000798],[-0.069125,40.000417],[-0.069916,39.999894],[-0.070749,39.99942],[-0.071245,39.999152],[-0.072329,39.998629],[-0.073394,39.998196],[-0.075095,39.997577],[-0.076897,39.996889],[-0.078025,39.996367],[-0.079494,39.995521],[-0.080829,39.994558],[-0.081838,39.993699],[-0.082657,39.992986],[-0.083696,39.992193],[-0.084295,39.991825],[-0.0853,39.991283],[-0.086623,39.990684],[-0.087463,39.990282],[-0.088482,39.98974],[-0.089318,39.989188],[-0.089947,39.988676],[-0.092026,39.986702],[-0.092706,39.986104],[-0.093595,39.985398],[-0.094431,39.984827],[-0.095088,39.984431],[-0.096243,39.983837],[-0.096469,39.983706],[-0.097533,39.983226],[-0.099354,39.98248],[-0.100836,39.981838],[-0.101112,39.981701],[-0.101792,39.98134],[-0.102287,39.981021],[-0.103434,39.980259],[-0.104661,39.979241],[-0.106574,39.977557],[-0.107536,39.976787],[-0.108594,39.976042],[-0.109205,39.975643],[-0.112501,39.973674],[-0.113361,39.973082],[-0.113862,39.972706],[-0.114627,39.972048],[-0.115617,39.971101],[-0.116886,39.969752],[-0.117869,39.968756],[-0.118646,39.968085],[-0.119728,39.967275],[-0.120363,39.96686],[-0.123422,39.96499],[-0.12416,39.964477],[-0.124909,39.963894],[-0.125619,39.963256],[-0.126379,39.962454],[-0.126913,39.961807],[-0.127495,39.960975],[-0.127908,39.960302],[-0.128265,39.959593],[-0.128494,39.959061],[-0.128705,39.958501],[-0.128965,39.957618],[-0.129137,39.956731],[-0.129208,39.956113],[-0.129258,39.955042],[-0.129287,39.953116],[-0.129367,39.951971],[-0.129545,39.950856],[-0.129662,39.950332],[-0.129942,39.949373],[-0.130229,39.948593],[-0.130568,39.947804],[-0.132148,39.944702],[-0.132523,39.943887],[-0.132758,39.943327],[-0.133145,39.942178],[-0.133433,39.941041],[-0.133658,39.939753],[-0.133975,39.936598],[-0.134086,39.935722],[-0.134217,39.93498],[-0.134346,39.934409],[-0.134594,39.93347],[-0.135296,39.931333],[-0.135647,39.930201],[-0.135861,39.929366],[-0.136083,39.92825],[-0.136165,39.927575],[-0.136231,39.926645],[-0.136236,39.925899],[-0.136204,39.925148],[-0.136115,39.924201],[-0.135975,39.923354],[-0.135221,39.919653],[-0.135117,39.918995],[-0.134989,39.918047],[-0.13493,39.917295],[-0.134905,39.916467],[-0.13491,39.915909],[-0.134916,39.915667],[-0.134988,39.914377],[-0.135246,39.911519],[-0.135291,39.910695],[-0.135283,39.909317],[-0.135149,39.90796],[-0.134882,39.906624],[-0.134451,39.90522],[-0.133923,39.903927],[-0.132322,39.900474],[-0.131338,39.89789],[-0.131201,39.897532],[-0.130103,39.894243],[-0.129737,39.893279],[-0.128573,39.890588],[-0.127053,39.887582],[-0.126099,39.885535],[-0.124545,39.881574],[-0.123825,39.87932],[-0.123638,39.878674],[-0.123279,39.877353],[-0.122831,39.875408],[-0.122528,39.873782],[-0.122355,39.872351],[-0.122237,39.87052],[-0.122217,39.869288],[-0.122275,39.868023],[-0.122421,39.866339],[-0.122639,39.864887],[-0.122662,39.864752],[-0.123314,39.861125],[-0.12349,39.859958],[-0.123735,39.857817],[-0.123834,39.856719],[-0.123853,39.856493],[-0.123991,39.85493],[-0.124088,39.85409],[-0.124215,39.853129],[-0.124357,39.852343],[-0.124574,39.851267],[-0.124731,39.850633],[-0.12498,39.849701],[-0.125234,39.848861],[-0.125325,39.848598],[-0.125654,39.847645],[-0.125958,39.846855],[-0.126277,39.846092],[-0.126391,39.845833],[-0.126866,39.8448],[-0.127501,39.84359],[-0.128405,39.842029],[-0.129119,39.840912],[-0.129936,39.839743],[-0.131207,39.838129],[-0.132284,39.836886],[-0.136173,39.832783],[-0.136449,39.832468],[-0.137701,39.830987],[-0.139642,39.828518],[-0.14048,39.827535],[-0.141768,39.82611],[-0.143374,39.824483],[-0.144804,39.82316],[-0.146403,39.821798],[-0.151037,39.818149],[-0.152541,39.816845],[-0.153703,39.815742],[-0.154916,39.814478],[-0.155936,39.813313],[-0.156655,39.812447],[-0.157682,39.811099],[-0.158402,39.810077],[-0.159056,39.809044],[-0.159554,39.808206],[-0.160146,39.80717],[-0.160622,39.806246],[-0.161068,39.805359],[-0.162134,39.803206],[-0.16291,39.801773],[-0.163776,39.800317],[-0.164544,39.799135],[-0.165257,39.798116],[-0.166101,39.796973],[-0.166954,39.795882],[-0.168191,39.794434],[-0.170545,39.791894],[-0.172081,39.790145],[-0.173533,39.788401],[-0.175106,39.786603],[-0.17602,39.785636],[-0.177317,39.784352],[-0.178776,39.783018],[-0.180355,39.781688],[-0.18132,39.78092],[-0.182488,39.780046],[-0.18382,39.779094],[-0.185171,39.77818],[-0.185768,39.777796],[-0.187285,39.776873],[-0.192494,39.773934],[-0.193759,39.773165],[-0.194873,39.772447],[-0.19574,39.771845],[-0.19734,39.770676],[-0.198492,39.769749],[-0.199789,39.768635],[-0.200643,39.767835],[-0.201584,39.766902],[-0.202591,39.765834],[-0.203417,39.764897],[-0.204279,39.763835],[-0.205315,39.762435],[-0.205907,39.761576],[-0.206673,39.760371],[-0.207371,39.759187],[-0.20803,39.757973],[-0.208643,39.756725],[-0.209519,39.754771],[-0.209802,39.754053],[-0.21062,39.752145],[-0.211205,39.75095],[-0.211692,39.750114],[-0.212171,39.749368],[-0.212712,39.748629],[-0.21319,39.748034],[-0.213882,39.747259],[-0.214722,39.746413],[-0.217687,39.743685],[-0.218934,39.742457],[-0.220224,39.741087],[-0.22124,39.739924],[-0.221877,39.739145],[-0.222994,39.737709],[-0.223887,39.736462],[-0.224456,39.73561],[-0.224835,39.735019],[-0.225926,39.733195],[-0.226716,39.731712],[-0.22737,39.730364],[-0.227585,39.729888],[-0.22836,39.72817],[-0.229416,39.72617],[-0.229783,39.725541],[-0.23016,39.724896],[-0.23095,39.723656],[-0.23119,39.72329],[-0.232005,39.722095],[-0.233106,39.720641],[-0.233794,39.719791],[-0.235643,39.717382],[-0.236748,39.715746],[-0.238295,39.71323],[-0.239138,39.711976],[-0.239873,39.710995],[-0.240662,39.710047],[-0.241613,39.709043],[-0.242269,39.708407],[-0.242831,39.707909],[-0.243603,39.707276],[-0.244378,39.706714],[-0.245107,39.706253],[-0.245681,39.705935],[-0.246238,39.705655],[-0.246892,39.705366],[-0.247548,39.705116],[-0.248106,39.704935],[-0.248788,39.70475],[-0.249539,39.704583],[-0.250094,39.704497],[-0.250863,39.704378],[-0.252366,39.70415],[-0.253243,39.703977],[-0.253979,39.703793],[-0.254816,39.703532],[-0.257158,39.702645],[-0.258072,39.702344],[-0.258934,39.702128],[-0.259729,39.701977],[-0.260434,39.701879],[-0.260979,39.701834],[-0.261741,39.701783],[-0.263295,39.701703],[-0.264049,39.701636],[-0.265007,39.701508],[-0.265776,39.701357],[-0.266495,39.701171],[-0.267941,39.700724],[-0.268568,39.700458],[-0.269509,39.699964],[-0.270255,39.699508],[-0.271655,39.69859],[-0.272364,39.698152],[-0.273019,39.697813],[-0.27359,39.697574],[-0.274155,39.697342],[-0.274993,39.697048],[-0.276952,39.696408],[-0.277748,39.696127],[-0.278498,39.695826],[-0.279437,39.695398],[-0.2803,39.694955],[-0.281091,39.694489],[-0.281823,39.694015],[-0.28252,39.693503],[-0.283102,39.693038],[-0.285425,39.691002],[-0.286687,39.689963],[-0.287513,39.689356],[-0.288822,39.688481],[-0.292195,39.68639],[-0.294217,39.684988],[-0.295498,39.683945],[-0.296488,39.683047],[-0.297741,39.681761],[-0.298781,39.68051],[-0.299626,39.67924],[-0.299869,39.678776],[-0.300115,39.678309],[-0.300534,39.677299],[-0.300768,39.676578],[-0.30093,39.67598],[-0.301075,39.675219],[-0.301192,39.674138],[-0.301236,39.673004],[-0.301363,39.670901],[-0.301497,39.670075],[-0.30163,39.669521],[-0.301838,39.668838],[-0.302022,39.668312],[-0.302287,39.667687],[-0.302534,39.667189],[-0.303079,39.666216],[-0.303966,39.664754],[-0.304357,39.664068],[-0.304644,39.663497],[-0.304874,39.662965],[-0.30513,39.662277],[-0.3053,39.661729],[-0.305422,39.661222],[-0.305519,39.660703],[-0.305603,39.66001],[-0.305636,39.659478],[-0.305644,39.658903],[-0.305552,39.657828],[-0.305449,39.657201],[-0.305347,39.656731],[-0.305056,39.65578],[-0.304785,39.65509],[-0.304261,39.65404],[-0.304037,39.653653],[-0.303449,39.652763],[-0.302228,39.651005],[-0.301627,39.650008],[-0.301254,39.649267],[-0.300939,39.648493],[-0.300699,39.647772],[-0.300526,39.647117],[-0.300369,39.646277],[-0.300287,39.645474],[-0.300268,39.644762],[-0.300324,39.643805],[-0.300408,39.64313],[-0.300552,39.642422],[-0.300772,39.641635],[-0.301033,39.640943],[-0.301205,39.640594],[-0.301394,39.640269],[-0.301753,39.639727],[-0.302312,39.638963],[-0.302777,39.638216],[-0.30302,39.637716],[-0.303267,39.637016],[-0.303604,39.635832],[-0.303601,39.635692],[-0.303887,39.634656],[-0.303941,39.634336],[-0.303952,39.633969],[-0.303923,39.633646],[-0.303853,39.633319],[-0.303773,39.633055],[-0.303642,39.632751],[-0.303596,39.63265],[-0.303525,39.632504],[-0.303477,39.632405],[-0.303196,39.631911],[-0.302969,39.631595],[-0.302683,39.631257],[-0.302289,39.630837],[-0.30197,39.630528],[-0.30161,39.630201],[-0.300461,39.629248],[-0.299957,39.628833],[-0.298342,39.6275],[-0.29761,39.62688],[-0.297257,39.626545],[-0.296887,39.626154],[-0.296676,39.6259],[-0.296319,39.625412],[-0.296008,39.624875],[-0.295847,39.624531],[-0.295616,39.623979],[-0.295416,39.623283],[-0.295287,39.622539],[-0.294902,39.617666],[-0.294929,39.617445],[-0.294789,39.615875],[-0.294657,39.613965],[-0.294401,39.610758],[-0.294302,39.609515],[-0.293632,39.600765],[-0.293612,39.600517],[-0.293172,39.594779],[-0.293162,39.593646],[-0.293207,39.592934],[-0.293523,39.590033],[-0.293714,39.58831],[-0.294156,39.584413],[-0.294405,39.582113],[-0.295611,39.571238],[-0.295772,39.569788],[-0.296287,39.565151],[-0.296322,39.56498],[-0.2972,39.557093],[-0.297503,39.554375],[-0.297518,39.554082],[-0.297975,39.550034],[-0.298013,39.549854],[-0.298125,39.549047],[-0.298263,39.548443],[-0.298461,39.547849],[-0.29869,39.547265],[-0.299014,39.546639],[-0.29935,39.546133],[-0.299874,39.545462],[-0.308061,39.536081],[-0.308635,39.535402],[-0.308974,39.534954],[-0.310274,39.533042],[-0.31147,39.531307],[-0.311559,39.531124],[-0.313,39.528976],[-0.314245,39.527134],[-0.31834,39.521028],[-0.318864,39.520209],[-0.319203,39.519613],[-0.319563,39.518865],[-0.319852,39.518163],[-0.320429,39.51649],[-0.320681,39.515818],[-0.320945,39.515256],[-0.321326,39.51456],[-0.32166,39.514022],[-0.322715,39.512525],[-0.323675,39.511242],[-0.324483,39.510002],[-0.324813,39.509419],[-0.32509,39.508868],[-0.32533,39.508328],[-0.325524,39.507793],[-0.325801,39.506786],[-0.326022,39.505788],[-0.326151,39.504279],[-0.326079,39.502209],[-0.326043,39.501737],[-0.325973,39.499756],[-0.326006,39.499363],[-0.326068,39.498992],[-0.326208,39.498423],[-0.326459,39.497852],[-0.326662,39.497448],[-0.32699,39.496952],[-0.327265,39.496577],[-0.32765,39.496151],[-0.327955,39.495863],[-0.328363,39.495527],[-0.328765,39.495223],[-0.329168,39.494989],[-0.330343,39.494359],[-0.333606,39.492686],[-0.335338,39.491824],[-0.33695,39.490935],[-0.343292,39.486886],[-0.343521,39.486734],[-0.343641,39.48665],[-0.34373,39.486628],[-0.34663,39.484765],[-0.348338,39.483717],[-0.349194,39.483172],[-0.34971,39.48287],[-0.350786,39.482233],[-0.351132,39.482112],[-0.351193,39.482126],[-0.351366,39.482143],[-0.351622,39.482107],[-0.351813,39.482023],[-0.351961,39.481898],[-0.352042,39.48177],[-0.352079,39.481618],[-0.35207,39.481507],[-0.352012,39.48136],[-0.351903,39.481232],[-0.351832,39.481178],[-0.351664,39.481095],[-0.351571,39.481068],[-0.351417,39.481052],[-0.351267,39.481052],[-0.351061,39.4811],[-0.350648,39.481187],[-0.350501,39.481195],[-0.350419,39.481182],[-0.347705,39.4804],[-0.347215,39.480258],[-0.345445,39.47975],[-0.346172,39.47823],[-0.346211,39.478142],[-0.346564,39.477299],[-0.34685,39.476588],[-0.347209,39.475722],[-0.34722,39.475696],[-0.347236,39.475658],[-0.347523,39.474961],[-0.347564,39.474894],[-0.347771,39.474395],[-0.34785,39.474291],[-0.347934,39.47423],[-0.348059,39.474202],[-0.348181,39.474102],[-0.348202,39.474048],[-0.348209,39.473926],[-0.348139,39.473801],[-0.34812,39.473653],[-0.348136,39.473571],[-0.348196,39.473316],[-0.348494,39.472597],[-0.348876,39.471663],[-0.348935,39.471528],[-0.349273,39.470692],[-0.349512,39.470145],[-0.349527,39.470132],[-0.349581,39.46998],[-0.349577,39.46996],[-0.349869,39.469246],[-0.349946,39.469064],[-0.35044,39.46785],[-0.351395,39.465528],[-0.351503,39.465252],[-0.351989,39.464041],[-0.352098,39.463781],[-0.352349,39.463151],[-0.352703,39.462325],[-0.353291,39.46087],[-0.353376,39.460735],[-0.353434,39.460736],[-0.355443,39.461164],[-0.356685,39.461441],[-0.356835,39.461496],[-0.356919,39.461587],[-0.357019,39.461638],[-0.357201,39.461661],[-0.35732,39.461637],[-0.357372,39.461615],[-0.357656,39.461575],[-0.357825,39.461592],[-0.360241,39.46212],[-0.360277,39.462128],[-0.360446,39.462182],[-0.36067,39.462249],[-0.361606,39.462444],[-0.362236,39.46258],[-0.362385,39.462613],[-0.362786,39.4627],[-0.363436,39.462841],[-0.364177,39.463003],[-0.364415,39.462913],[-0.364788,39.462759],[-0.365884,39.46229],[-0.366921,39.461846],[-0.367913,39.46142],[-0.368911,39.460993],[-0.3697,39.460656],[-0.370153,39.461229],[-0.370686,39.461865],[-0.371024,39.462267],[-0.371194,39.462469],[-0.371722,39.463096],[-0.371889,39.463286],[-0.372129,39.463425],[-0.372446,39.463607],[-0.372518,39.463646],[-0.372677,39.463759],[-0.373587,39.46469],[-0.373684,39.464814],[-0.373738,39.464885],[-0.373834,39.465013],[-0.373916,39.465141],[-0.374408,39.46608],[-0.374861,39.467011],[-0.374896,39.467054],[-0.375038,39.46713],[-0.375193,39.467119],[-0.375446,39.467155],[-0.375939,39.467279],[-0.37626,39.467388],[-0.376513,39.467452],[-0.376807,39.467524],[-0.376969,39.467761],[-0.376975,39.467815],[-0.376907,39.468315],[-0.376804,39.469081],[-0.376747,39.469179],[-0.376655,39.469221],[-0.376315,39.469217]]}},{"type":"Feature","properties":{"routeId":"route-005","originId":"valencia","destinationId":"granada","logicalEndpoints":[[-0.3763,39.4699],[-3.5986,37.1773]],"returnedEndpoints":[[-0.376315,39.469217],[-3.598616,37.177316]],"snapDistancesMeters":[75.95715366308873,2.2748007312364793],"summary":{"distanceMeters":506808,"durationSeconds":26461.4},"riskSnaps":[{"riskId":"rest-deadline-vehicle-005","kind":"segment","startIndex":3815,"endIndex":3816,"startCoordinate":[-3.493051,37.982919],"endCoordinate":[-3.493663,37.982647]}]},"geometry":{"type":"LineString","coordinates":[[-0.376315,39.469217],[-0.375944,39.469212],[-0.375686,39.46916],[-0.375447,39.469143],[-0.374949,39.469145],[-0.374822,39.469148],[-0.373871,39.469153],[-0.373854,39.468045],[-0.373825,39.467965],[-0.373765,39.467883],[-0.374282,39.467531],[-0.3746,39.467315],[-0.374862,39.467163],[-0.375038,39.46713],[-0.375193,39.467119],[-0.375446,39.467155],[-0.375939,39.467279],[-0.37626,39.467388],[-0.376513,39.467452],[-0.376807,39.467524],[-0.377121,39.467601],[-0.377307,39.467651],[-0.377841,39.46778],[-0.378067,39.467783],[-0.378155,39.467803],[-0.378733,39.467955],[-0.378816,39.467982],[-0.379061,39.46805],[-0.37927,39.468103],[-0.379602,39.468182],[-0.379771,39.468206],[-0.380103,39.468274],[-0.380453,39.468394],[-0.380697,39.468481],[-0.381253,39.468719],[-0.38147,39.468829],[-0.382002,39.469236],[-0.382633,39.469727],[-0.382676,39.469761],[-0.383377,39.470317],[-0.383482,39.470368],[-0.384698,39.470342],[-0.384816,39.470367],[-0.384864,39.470391],[-0.385013,39.470417],[-0.385273,39.470389],[-0.385568,39.470244],[-0.386177,39.47011],[-0.386864,39.469972],[-0.386973,39.46995],[-0.387167,39.469948],[-0.387459,39.469889],[-0.388348,39.469705],[-0.388599,39.469655],[-0.388697,39.469635],[-0.388784,39.469618],[-0.38891,39.469593],[-0.389673,39.469433],[-0.390048,39.469357],[-0.391474,39.469066],[-0.391623,39.469041],[-0.392836,39.468767],[-0.393195,39.468694],[-0.395171,39.468289],[-0.395541,39.468301],[-0.395924,39.468304],[-0.396324,39.468304],[-0.396698,39.468316],[-0.39695,39.468338],[-0.39783,39.4685],[-0.399246,39.468753],[-0.399613,39.468816],[-0.400026,39.468893],[-0.400985,39.46907],[-0.402731,39.469389],[-0.402964,39.46939],[-0.405088,39.469788],[-0.405632,39.469887],[-0.406206,39.46997],[-0.406955,39.470014],[-0.407442,39.470011],[-0.40994,39.469908],[-0.410128,39.469895],[-0.410644,39.469862],[-0.411122,39.469823],[-0.413023,39.469697],[-0.41313,39.46969],[-0.413583,39.469661],[-0.415214,39.469556],[-0.416239,39.46947],[-0.417441,39.469366],[-0.417997,39.469323],[-0.418034,39.469319],[-0.418377,39.469281],[-0.4191,39.46925],[-0.419791,39.469282],[-0.420292,39.469338],[-0.420541,39.469377],[-0.424491,39.469901],[-0.424912,39.469969],[-0.425298,39.470041],[-0.4258,39.470165],[-0.426357,39.470349],[-0.427794,39.47089],[-0.428142,39.471021],[-0.428178,39.471035],[-0.428489,39.471152],[-0.430316,39.471829],[-0.43086,39.472034],[-0.431115,39.472131],[-0.431488,39.472272],[-0.438088,39.474769],[-0.438388,39.474901],[-0.442727,39.476543],[-0.442759,39.476556],[-0.444354,39.47716],[-0.444662,39.477257],[-0.451015,39.479667],[-0.451791,39.479974],[-0.45192,39.480023],[-0.453252,39.480529],[-0.453619,39.480648],[-0.455343,39.4813],[-0.456074,39.481523],[-0.45645,39.481607],[-0.457231,39.481718],[-0.457907,39.481744],[-0.458432,39.481729],[-0.458813,39.481695],[-0.459209,39.48164],[-0.462593,39.480947],[-0.46572,39.480279],[-0.465979,39.48024],[-0.473374,39.478688],[-0.47359,39.478623],[-0.480213,39.477228],[-0.480821,39.477093],[-0.481552,39.476911],[-0.482263,39.476691],[-0.483346,39.476254],[-0.484972,39.47544],[-0.485169,39.47536],[-0.485981,39.474995],[-0.486697,39.474767],[-0.489511,39.474063],[-0.490045,39.473925],[-0.497274,39.472089],[-0.497761,39.472021],[-0.498337,39.471957],[-0.498884,39.471944],[-0.504592,39.47232],[-0.506302,39.472437],[-0.510472,39.472721],[-0.514409,39.472948],[-0.517915,39.473117],[-0.519871,39.473199],[-0.521123,39.473197],[-0.523259,39.473164],[-0.525687,39.473118],[-0.527017,39.473041],[-0.527697,39.47291],[-0.528349,39.472725],[-0.529435,39.472302],[-0.530636,39.471829],[-0.531106,39.471685],[-0.531698,39.471568],[-0.532252,39.471508],[-0.532419,39.471475],[-0.532952,39.471467],[-0.533506,39.471512],[-0.534077,39.471605],[-0.53835,39.472433],[-0.538913,39.472538],[-0.540354,39.472752],[-0.542365,39.472878],[-0.563551,39.473201],[-0.56374,39.473224],[-0.565431,39.473239],[-0.567478,39.473261],[-0.568261,39.473269],[-0.569358,39.47331],[-0.569819,39.47335],[-0.570905,39.473445],[-0.572661,39.473664],[-0.574047,39.473836],[-0.575226,39.473952],[-0.576782,39.474034],[-0.582887,39.474132],[-0.583218,39.474138],[-0.584943,39.474166],[-0.585216,39.47417],[-0.586237,39.474188],[-0.586831,39.474176],[-0.588695,39.474201],[-0.588928,39.474217],[-0.591792,39.474247],[-0.604619,39.474411],[-0.608059,39.474466],[-0.608274,39.474446],[-0.609144,39.474447],[-0.610137,39.474424],[-0.618377,39.474106],[-0.618655,39.474108],[-0.623231,39.473914],[-0.635647,39.473426],[-0.637407,39.473356],[-0.637656,39.473332],[-0.639868,39.473233],[-0.641176,39.473224],[-0.642638,39.473279],[-0.644,39.473382],[-0.644861,39.47343],[-0.645448,39.473424],[-0.646353,39.473385],[-0.647727,39.473243],[-0.64888,39.473064],[-0.649066,39.473046],[-0.649715,39.472937],[-0.650982,39.472803],[-0.653193,39.472696],[-0.685625,39.471344],[-0.688268,39.471239],[-0.68881,39.471201],[-0.692739,39.471045],[-0.693734,39.470984],[-0.694923,39.470861],[-0.69632,39.470648],[-0.697203,39.470475],[-0.698739,39.470096],[-0.699286,39.469948],[-0.700475,39.469553],[-0.701187,39.469277],[-0.701851,39.468984],[-0.702772,39.468551],[-0.703769,39.468041],[-0.704996,39.467308],[-0.705406,39.467024],[-0.706156,39.466504],[-0.707124,39.465729],[-0.708136,39.464789],[-0.708764,39.464138],[-0.710376,39.462163],[-0.711124,39.461341],[-0.711952,39.460526],[-0.712821,39.459748],[-0.713958,39.458826],[-0.71469,39.458277],[-0.715485,39.457744],[-0.716276,39.457264],[-0.718226,39.456176],[-0.720309,39.455138],[-0.721146,39.454775],[-0.722175,39.454373],[-0.72319,39.454013],[-0.724478,39.453607],[-0.726006,39.453187],[-0.727205,39.452914],[-0.728463,39.452669],[-0.731005,39.452256],[-0.731867,39.452083],[-0.732569,39.451938],[-0.733396,39.451744],[-0.733574,39.451681],[-0.734031,39.451564],[-0.734827,39.451351],[-0.736112,39.450963],[-0.737639,39.45045],[-0.740033,39.449568],[-0.740928,39.449185],[-0.743575,39.447941],[-0.745371,39.447136],[-0.746733,39.446614],[-0.747701,39.446275],[-0.748688,39.44596],[-0.758937,39.443432],[-0.759471,39.443276],[-0.759968,39.443102],[-0.760561,39.44284],[-0.761255,39.442474],[-0.761808,39.442099],[-0.767487,39.437867],[-0.767687,39.437707],[-0.769248,39.436545],[-0.769995,39.436054],[-0.770587,39.435749],[-0.771187,39.435499],[-0.771931,39.435254],[-0.775594,39.434243],[-0.777261,39.433783],[-0.777774,39.433661],[-0.77826,39.433592],[-0.778686,39.433558],[-0.779134,39.433542],[-0.779556,39.433551],[-0.779969,39.433586],[-0.780535,39.433673],[-0.781559,39.433882],[-0.782143,39.433971],[-0.782523,39.434009],[-0.782879,39.434021],[-0.783332,39.434009],[-0.783708,39.433976],[-0.784193,39.433906],[-0.784762,39.433791],[-0.785325,39.433607],[-0.785786,39.433409],[-0.786369,39.433107],[-0.787078,39.43269],[-0.78752,39.432478],[-0.788059,39.432268],[-0.788377,39.432166],[-0.788735,39.432082],[-0.789152,39.432005],[-0.789736,39.431945],[-0.790312,39.431949],[-0.791692,39.432036],[-0.792244,39.432049],[-0.792592,39.432035],[-0.793169,39.431969],[-0.793783,39.431861],[-0.794323,39.431716],[-0.794888,39.43151],[-0.795399,39.431276],[-0.795775,39.431063],[-0.797369,39.429992],[-0.797932,39.429677],[-0.798481,39.429434],[-0.798824,39.429315],[-0.79953,39.429131],[-0.80005,39.429047],[-0.800697,39.428971],[-0.801476,39.428929],[-0.802878,39.428923],[-0.804306,39.428964],[-0.805724,39.429041],[-0.807142,39.429172],[-0.808557,39.429346],[-0.809954,39.429562],[-0.811343,39.42983],[-0.812711,39.430132],[-0.814055,39.430478],[-0.81579,39.430994],[-0.817562,39.431618],[-0.818304,39.431935],[-0.819007,39.432319],[-0.819421,39.432601],[-0.819869,39.432972],[-0.820108,39.433221],[-0.820367,39.433526],[-0.820694,39.434007],[-0.82093,39.434468],[-0.821034,39.434723],[-0.821544,39.435959],[-0.821894,39.436655],[-0.822176,39.437131],[-0.822464,39.437569],[-0.822809,39.438028],[-0.823202,39.438487],[-0.823816,39.439141],[-0.824487,39.439732],[-0.825059,39.440157],[-0.825633,39.440536],[-0.826184,39.440867],[-0.826841,39.441215],[-0.827747,39.44162],[-0.82869,39.441969],[-0.829214,39.442132],[-0.830096,39.44236],[-0.831687,39.442716],[-0.832636,39.442955],[-0.834445,39.443493],[-0.835235,39.44368],[-0.835961,39.443806],[-0.837417,39.444023],[-0.838144,39.444156],[-0.83881,39.444325],[-0.839542,39.444561],[-0.84016,39.444814],[-0.840831,39.445132],[-0.841309,39.445409],[-0.841909,39.445803],[-0.842915,39.44654],[-0.844029,39.447288],[-0.844675,39.447655],[-0.84526,39.447946],[-0.845766,39.448166],[-0.846309,39.448382],[-0.846821,39.448566],[-0.847585,39.448783],[-0.848335,39.448946],[-0.849195,39.449104],[-0.85021,39.449255],[-0.851328,39.449451],[-0.852246,39.449693],[-0.852873,39.449919],[-0.85349,39.450192],[-0.854199,39.450585],[-0.854626,39.45088],[-0.855717,39.45172],[-0.85621,39.452079],[-0.856681,39.452364],[-0.857108,39.45258],[-0.85748,39.452738],[-0.857876,39.452882],[-0.858188,39.452979],[-0.858771,39.453124],[-0.859415,39.453244],[-0.861177,39.453442],[-0.862509,39.453568],[-0.865238,39.453869],[-0.865807,39.45398],[-0.866409,39.454166],[-0.866923,39.454376],[-0.867125,39.45446],[-0.867463,39.45464],[-0.867844,39.454893],[-0.868181,39.455163],[-0.86845,39.455417],[-0.868713,39.455721],[-0.868963,39.456078],[-0.86969,39.457294],[-0.870087,39.457856],[-0.870467,39.458281],[-0.870837,39.458641],[-0.871305,39.459023],[-0.871824,39.459378],[-0.872436,39.459716],[-0.872765,39.45988],[-0.873152,39.460035],[-0.87417,39.460349],[-0.874825,39.460494],[-0.87556,39.460603],[-0.876174,39.460646],[-0.876748,39.46066],[-0.877253,39.460639],[-0.877952,39.460589],[-0.878746,39.460509],[-0.886183,39.459697],[-0.88761,39.459512],[-0.888167,39.459417],[-0.888795,39.45929],[-0.889373,39.459148],[-0.889921,39.45899],[-0.890468,39.45881],[-0.893486,39.457779],[-0.894412,39.457533],[-0.894925,39.457425],[-0.89568,39.457303],[-0.896217,39.457244],[-0.897086,39.457192],[-0.898672,39.457125],[-0.899179,39.457075],[-0.899702,39.457002],[-0.900304,39.456866],[-0.900698,39.456749],[-0.901238,39.456538],[-0.901589,39.456372],[-0.902098,39.456088],[-0.903233,39.455293],[-0.903527,39.45511],[-0.903817,39.454943],[-0.904367,39.454687],[-0.904906,39.454501],[-0.905344,39.454388],[-0.905904,39.454291],[-0.906178,39.454264],[-0.906457,39.454248],[-0.906973,39.454246],[-0.907669,39.454287],[-0.908743,39.454416],[-0.910848,39.454582],[-0.911447,39.454606],[-0.912042,39.4546],[-0.912817,39.454561],[-0.913854,39.454433],[-0.914578,39.454309],[-0.91566,39.454046],[-0.91723,39.453556],[-0.917815,39.453404],[-0.918219,39.45332],[-0.918651,39.453253],[-0.919468,39.453178],[-0.92377,39.453118],[-0.925439,39.453105],[-0.926042,39.453071],[-0.926469,39.453023],[-0.92741,39.452873],[-0.928121,39.452708],[-0.928524,39.452577],[-0.928964,39.452428],[-0.929267,39.452322],[-0.930595,39.451813],[-0.931345,39.451528],[-0.931697,39.451417],[-0.932017,39.451337],[-0.93254,39.451219],[-0.933201,39.451115],[-0.933857,39.451076],[-0.934225,39.451079],[-0.934681,39.451108],[-0.935359,39.451216],[-0.935757,39.451313],[-0.936511,39.451583],[-0.937862,39.452149],[-0.941642,39.453814],[-0.942971,39.454454],[-0.943984,39.455002],[-0.944791,39.455461],[-0.949329,39.458167],[-0.949846,39.458415],[-0.950328,39.458608],[-0.95084,39.458768],[-0.951519,39.45892],[-0.954964,39.459408],[-0.955295,39.459467],[-0.957398,39.459761],[-0.958478,39.459897],[-0.968821,39.461334],[-0.969645,39.461462],[-0.970557,39.461653],[-0.989631,39.46629],[-0.996645,39.467963],[-0.996762,39.467991],[-1.00309,39.469501],[-1.004662,39.469964],[-1.006239,39.470385],[-1.006892,39.470546],[-1.014766,39.472389],[-1.01641,39.472739],[-1.017594,39.472957],[-1.017946,39.473037],[-1.020149,39.473484],[-1.038975,39.477942],[-1.039843,39.47822],[-1.042004,39.479017],[-1.042865,39.479315],[-1.043592,39.479504],[-1.044227,39.479627],[-1.04479,39.479702],[-1.045549,39.479758],[-1.046326,39.479749],[-1.047065,39.479691],[-1.04771,39.479599],[-1.04842,39.479475],[-1.049128,39.479349],[-1.049752,39.479266],[-1.050257,39.479257],[-1.050844,39.479276],[-1.05137,39.479335],[-1.05204,39.479481],[-1.052675,39.479693],[-1.053586,39.480062],[-1.059398,39.482531],[-1.060043,39.48281],[-1.060193,39.482933],[-1.06079,39.483195],[-1.061236,39.483466],[-1.061621,39.483786],[-1.061905,39.484082],[-1.062634,39.484972],[-1.06288,39.48522],[-1.063157,39.485432],[-1.063418,39.485585],[-1.063799,39.485735],[-1.06426,39.485874],[-1.064691,39.485944],[-1.065282,39.485955],[-1.065799,39.485888],[-1.066229,39.485773],[-1.066343,39.485727],[-1.066682,39.485588],[-1.067123,39.485369],[-1.06785,39.485024],[-1.068479,39.484799],[-1.069145,39.484635],[-1.069683,39.484566],[-1.069946,39.484549],[-1.070563,39.48451],[-1.072816,39.484407],[-1.073575,39.484417],[-1.076703,39.484666],[-1.077348,39.484739],[-1.078384,39.484815],[-1.078873,39.484835],[-1.079062,39.484828],[-1.080311,39.484886],[-1.080799,39.484915],[-1.081714,39.48497],[-1.084028,39.485102],[-1.084307,39.48516],[-1.084502,39.48525],[-1.084632,39.485357],[-1.084783,39.485387],[-1.084909,39.485361],[-1.08499,39.485317],[-1.085035,39.485269],[-1.085215,39.48521],[-1.085395,39.485196],[-1.08551,39.485194],[-1.085678,39.485203],[-1.085926,39.485217],[-1.087342,39.48529],[-1.08771,39.485301],[-1.088002,39.485283],[-1.088316,39.485236],[-1.088469,39.485191],[-1.088674,39.485147],[-1.088792,39.485142],[-1.088844,39.485171],[-1.088937,39.485194],[-1.089035,39.485187],[-1.089107,39.48516],[-1.089138,39.48514],[-1.089793,39.485008],[-1.090267,39.484917],[-1.094045,39.484079],[-1.094369,39.484017],[-1.09472,39.483934],[-1.094883,39.483895],[-1.09518,39.483832],[-1.095519,39.483754],[-1.095619,39.483731],[-1.095996,39.483644],[-1.096156,39.483611],[-1.097399,39.483351],[-1.09782,39.483282],[-1.098226,39.483241],[-1.098622,39.483222],[-1.09917,39.483243],[-1.099723,39.483291],[-1.099865,39.483305],[-1.10029,39.483344],[-1.100534,39.483371],[-1.100792,39.483395],[-1.101179,39.483434],[-1.101816,39.483489],[-1.102063,39.48351],[-1.102382,39.483539],[-1.103252,39.483618],[-1.105316,39.48382],[-1.105559,39.483852],[-1.106097,39.483862],[-1.106305,39.483918],[-1.106342,39.483958],[-1.10646,39.484029],[-1.106531,39.484049],[-1.10668,39.484054],[-1.106753,39.484039],[-1.106842,39.484002],[-1.106914,39.483947],[-1.106964,39.48388],[-1.106989,39.483804],[-1.106972,39.483683],[-1.107038,39.483563],[-1.107085,39.483517],[-1.10714,39.48348],[-1.107498,39.483334],[-1.107853,39.483195],[-1.10847,39.482889],[-1.109204,39.482514],[-1.111859,39.48116],[-1.113319,39.480415],[-1.115464,39.47933],[-1.11576,39.479172],[-1.115966,39.479034],[-1.116141,39.478882],[-1.116474,39.478533],[-1.116815,39.478178],[-1.117227,39.477748],[-1.11785,39.477093],[-1.118232,39.47672],[-1.118347,39.476622],[-1.118432,39.476571],[-1.118521,39.476528],[-1.119749,39.476054],[-1.120082,39.475935],[-1.121013,39.475585],[-1.122736,39.474937],[-1.124016,39.474452],[-1.124605,39.474217],[-1.124791,39.474146],[-1.12609,39.473653],[-1.126835,39.473365],[-1.127257,39.473215],[-1.130853,39.471896],[-1.136442,39.469798],[-1.14176,39.46778],[-1.143455,39.467114],[-1.143564,39.467073],[-1.146737,39.465875],[-1.149068,39.464991],[-1.159948,39.4608],[-1.163793,39.459247],[-1.164602,39.45892],[-1.164733,39.45886],[-1.16688,39.458003],[-1.172621,39.455663],[-1.174405,39.454957],[-1.177921,39.453532],[-1.184889,39.450688],[-1.185084,39.450605],[-1.196767,39.445866],[-1.196923,39.445827],[-1.199404,39.444849],[-1.200605,39.444364],[-1.201805,39.443863],[-1.202975,39.443368],[-1.206123,39.44213],[-1.207587,39.441536],[-1.208089,39.441327],[-1.208677,39.441049],[-1.209306,39.440786],[-1.210388,39.440351],[-1.217452,39.437487],[-1.218765,39.436929],[-1.22603,39.433999],[-1.226607,39.433765],[-1.228232,39.43309],[-1.231442,39.431757],[-1.232082,39.431543],[-1.232518,39.431441],[-1.232756,39.431409],[-1.233066,39.431373],[-1.233729,39.431359],[-1.234173,39.431406],[-1.234983,39.431601],[-1.238716,39.432619],[-1.239016,39.432692],[-1.239304,39.432736],[-1.239519,39.432743],[-1.239851,39.432708],[-1.240098,39.432649],[-1.240318,39.432567],[-1.240559,39.432455],[-1.243194,39.430864],[-1.243537,39.430704],[-1.243782,39.430629],[-1.244187,39.430577],[-1.244557,39.430579],[-1.244978,39.430656],[-1.247028,39.431371],[-1.247211,39.431436],[-1.247658,39.431576],[-1.247951,39.431617],[-1.2483,39.431614],[-1.24861,39.431557],[-1.249077,39.431399],[-1.251395,39.430345],[-1.252117,39.430081],[-1.252647,39.429947],[-1.253512,39.429816],[-1.254356,39.429711],[-1.256373,39.429502],[-1.257565,39.429414],[-1.259497,39.429271],[-1.260987,39.429143],[-1.270255,39.428473],[-1.272477,39.428343],[-1.277263,39.427961],[-1.277744,39.427919],[-1.279777,39.427776],[-1.280244,39.427763],[-1.280464,39.427776],[-1.280683,39.427799],[-1.281067,39.427869],[-1.281534,39.428014],[-1.28258,39.428379],[-1.28303,39.428493],[-1.283398,39.428536],[-1.283768,39.428526],[-1.284272,39.428468],[-1.284768,39.428391],[-1.285222,39.428292],[-1.285664,39.428147],[-1.286021,39.427977],[-1.286198,39.427877],[-1.28637,39.427751],[-1.286662,39.427484],[-1.288096,39.425936],[-1.290237,39.423888],[-1.291162,39.422498],[-1.291413,39.422255],[-1.291463,39.422192],[-1.291843,39.421965],[-1.292125,39.421823],[-1.292182,39.421795],[-1.293348,39.421208],[-1.293498,39.421133],[-1.294408,39.420675],[-1.294673,39.420541],[-1.295028,39.420363],[-1.295894,39.419911],[-1.298379,39.418677],[-1.298889,39.41843],[-1.299062,39.418334],[-1.300061,39.417828],[-1.300559,39.417574],[-1.301173,39.417312],[-1.301663,39.4172],[-1.302173,39.417142],[-1.306287,39.416781],[-1.306782,39.416726],[-1.307012,39.416674],[-1.307221,39.416589],[-1.307569,39.416332],[-1.308091,39.415678],[-1.308764,39.415086],[-1.309783,39.414263],[-1.310183,39.414051],[-1.310645,39.413925],[-1.310902,39.413906],[-1.311475,39.413933],[-1.312817,39.414043],[-1.313029,39.414047],[-1.313354,39.414024],[-1.313679,39.413967],[-1.314312,39.41379],[-1.320412,39.411948],[-1.321618,39.411575],[-1.322198,39.411352],[-1.322955,39.410872],[-1.325198,39.409027],[-1.325798,39.408448],[-1.327263,39.406815],[-1.327733,39.406432],[-1.328145,39.406302],[-1.328632,39.406252],[-1.328862,39.406271],[-1.329298,39.406305],[-1.329525,39.40626],[-1.330631,39.405744],[-1.330915,39.405677],[-1.331702,39.405628],[-1.331918,39.40559],[-1.332014,39.405557],[-1.33228,39.405427],[-1.332455,39.405284],[-1.332615,39.405072],[-1.332858,39.404608],[-1.332945,39.40448],[-1.333062,39.404367],[-1.333189,39.404275],[-1.333438,39.404167],[-1.333724,39.40411],[-1.333984,39.404111],[-1.334708,39.404169],[-1.33503,39.404134],[-1.335348,39.404006],[-1.335511,39.403895],[-1.335642,39.403751],[-1.335745,39.403566],[-1.335783,39.40332],[-1.335758,39.403158],[-1.335725,39.403063],[-1.335408,39.402529],[-1.335338,39.402323],[-1.33533,39.402082],[-1.335447,39.401587],[-1.335471,39.401383],[-1.335467,39.401258],[-1.335412,39.400955],[-1.33536,39.400802],[-1.335039,39.400077],[-1.33501,39.399914],[-1.335024,39.399702],[-1.335116,39.399451],[-1.335178,39.399343],[-1.335333,39.399166],[-1.336997,39.397867],[-1.33718,39.397697],[-1.337361,39.397433],[-1.337454,39.397177],[-1.338128,39.394224],[-1.338163,39.393895],[-1.338161,39.393734],[-1.338091,39.392631],[-1.338161,39.392166],[-1.338274,39.391881],[-1.338454,39.391517],[-1.339347,39.390055],[-1.339658,39.38966],[-1.339851,39.389478],[-1.340139,39.389268],[-1.341319,39.388539],[-1.341487,39.388419],[-1.341656,39.388283],[-1.341968,39.38794],[-1.343328,39.385973],[-1.344252,39.38439],[-1.344321,39.384202],[-1.344356,39.383945],[-1.34435,39.383825],[-1.344248,39.38343],[-1.343387,39.381257],[-1.34329,39.380909],[-1.34327,39.380735],[-1.343293,39.380492],[-1.34384,39.377789],[-1.34384,39.377621],[-1.343811,39.377395],[-1.343529,39.37663],[-1.343516,39.376307],[-1.34354,39.376172],[-1.343752,39.37567],[-1.343816,39.375456],[-1.343854,39.375102],[-1.343859,39.374743],[-1.343894,39.37438],[-1.344074,39.373597],[-1.344127,39.373238],[-1.344133,39.373076],[-1.343945,39.371542],[-1.343966,39.371262],[-1.343996,39.371129],[-1.344114,39.370827],[-1.344213,39.370648],[-1.344861,39.36969],[-1.344991,39.369468],[-1.3451,39.369167],[-1.345138,39.368903],[-1.34513,39.368634],[-1.345101,39.368446],[-1.344704,39.3667],[-1.344753,39.366117],[-1.344964,39.365807],[-1.345261,39.365553],[-1.345969,39.365159],[-1.346457,39.364763],[-1.347511,39.363394],[-1.347822,39.362865],[-1.347905,39.362407],[-1.347733,39.361835],[-1.346129,39.359437],[-1.345986,39.358979],[-1.345971,39.358598],[-1.346784,39.355693],[-1.346878,39.355461],[-1.347003,39.355219],[-1.34769,39.354093],[-1.347985,39.353645],[-1.348188,39.353413],[-1.348529,39.353104],[-1.34961,39.352388],[-1.350106,39.352079],[-1.350291,39.35193],[-1.350463,39.351776],[-1.350699,39.351455],[-1.350774,39.351305],[-1.350844,39.351104],[-1.350884,39.350884],[-1.350892,39.350538],[-1.35069,39.3477],[-1.350565,39.34649],[-1.35046,39.3458],[-1.350345,39.345192],[-1.350074,39.344147],[-1.349864,39.343468],[-1.349313,39.342152],[-1.348849,39.341151],[-1.348735,39.340892],[-1.348631,39.340773],[-1.347438,39.338277],[-1.346594,39.336547],[-1.344587,39.33247],[-1.344019,39.331427],[-1.343653,39.330844],[-1.343399,39.330498],[-1.343041,39.330064],[-1.342551,39.329552],[-1.342041,39.329108],[-1.341623,39.328809],[-1.341265,39.32859],[-1.340548,39.328144],[-1.339554,39.327711],[-1.339039,39.327534],[-1.338508,39.327372],[-1.33764,39.327145],[-1.335841,39.326753],[-1.33445,39.32649],[-1.33227,39.326129],[-1.327441,39.32552],[-1.32503,39.32516],[-1.32331,39.324961],[-1.322933,39.324889],[-1.322808,39.324834],[-1.322648,39.324727],[-1.322381,39.32448],[-1.322287,39.32437],[-1.322171,39.324182],[-1.322121,39.324066],[-1.322104,39.323995],[-1.322116,39.323803],[-1.322184,39.323644],[-1.322267,39.323529],[-1.322442,39.323359],[-1.322992,39.322901],[-1.323787,39.322261],[-1.323978,39.322082],[-1.324073,39.32195],[-1.324142,39.321791],[-1.324169,39.321656],[-1.324135,39.321092],[-1.324052,39.320859],[-1.323495,39.320231],[-1.32339,39.320074],[-1.323355,39.31999],[-1.323336,39.319854],[-1.323385,39.319631],[-1.323479,39.319389],[-1.323551,39.319269],[-1.323611,39.319187],[-1.323754,39.319076],[-1.324182,39.318906],[-1.324319,39.318812],[-1.324421,39.318699],[-1.324592,39.318335],[-1.324721,39.318115],[-1.324834,39.317965],[-1.324984,39.31782],[-1.325354,39.31765],[-1.327024,39.31709],[-1.327831,39.316974],[-1.327954,39.316941],[-1.328111,39.316864],[-1.328192,39.316774],[-1.328225,39.316653],[-1.328225,39.316528],[-1.328154,39.316405],[-1.327756,39.315981],[-1.3277,39.315866],[-1.327679,39.315715],[-1.327726,39.315603],[-1.327822,39.315471],[-1.327973,39.315375],[-1.328209,39.315296],[-1.328466,39.315234],[-1.328648,39.315164],[-1.328976,39.314964],[-1.329131,39.314786],[-1.329388,39.31455],[-1.329581,39.314409],[-1.329852,39.314277],[-1.329968,39.314195],[-1.330072,39.314105],[-1.330156,39.313989],[-1.330172,39.313872],[-1.330136,39.31376],[-1.330053,39.313649],[-1.329906,39.313554],[-1.329352,39.313315],[-1.329201,39.313229],[-1.329083,39.313138],[-1.329024,39.313034],[-1.329013,39.31293],[-1.329043,39.312845],[-1.329152,39.312661],[-1.329491,39.312187],[-1.330032,39.311636],[-1.330756,39.310943],[-1.330896,39.310789],[-1.330966,39.310639],[-1.330998,39.310386],[-1.33093,39.309813],[-1.330935,39.309602],[-1.33096,39.309502],[-1.331036,39.309344],[-1.331164,39.309157],[-1.331341,39.308971],[-1.331534,39.308805],[-1.331636,39.308742],[-1.331899,39.308647],[-1.332682,39.308494],[-1.332908,39.308431],[-1.333106,39.308344],[-1.333277,39.308228],[-1.333455,39.308074],[-1.333745,39.307717],[-1.33404,39.307136],[-1.33412,39.306933],[-1.334254,39.306285],[-1.334378,39.305808],[-1.33449,39.305634],[-1.334645,39.305505],[-1.334855,39.305451],[-1.335085,39.305422],[-1.335322,39.305455],[-1.335477,39.305509],[-1.335654,39.305625],[-1.33581,39.305783],[-1.335954,39.305962],[-1.336105,39.306107],[-1.336276,39.306199],[-1.336458,39.306257],[-1.336657,39.306273],[-1.336855,39.306253],[-1.337006,39.30621],[-1.337124,39.306149],[-1.337274,39.306015],[-1.337521,39.30573],[-1.337676,39.305597],[-1.33795,39.305431],[-1.338325,39.305252],[-1.339103,39.304924],[-1.33935,39.304771],[-1.339532,39.304592],[-1.339747,39.304339],[-1.339828,39.304176],[-1.339871,39.304039],[-1.339887,39.303911],[-1.339694,39.30323],[-1.339656,39.303014],[-1.339677,39.302849],[-1.339752,39.302695],[-1.339886,39.302517],[-1.340031,39.302405],[-1.340267,39.302297],[-1.340535,39.302226],[-1.341313,39.302201],[-1.341555,39.302218],[-1.341769,39.302264],[-1.341909,39.302322],[-1.342086,39.302425],[-1.342268,39.302558],[-1.34266,39.302953],[-1.342837,39.303085],[-1.343051,39.303202],[-1.343266,39.303256],[-1.343497,39.303276],[-1.344671,39.303335],[-1.344913,39.303326],[-1.345095,39.303301],[-1.345256,39.303247],[-1.345396,39.303177],[-1.345605,39.303036],[-1.345986,39.30272],[-1.346356,39.302475],[-1.34649,39.302413],[-1.346776,39.302345],[-1.34697,39.302335],[-1.347166,39.30237],[-1.347257,39.302409],[-1.347427,39.302558],[-1.347674,39.302866],[-1.347846,39.30301],[-1.348019,39.303106],[-1.348195,39.303164],[-1.348276,39.303177],[-1.348522,39.303196],[-1.348671,39.303193],[-1.349006,39.303148],[-1.350068,39.30287],[-1.350342,39.302816],[-1.350712,39.302816],[-1.351702,39.302865],[-1.351989,39.302853],[-1.352218,39.302808],[-1.35242,39.302737],[-1.352627,39.302611],[-1.352874,39.302388],[-1.35309,39.302146],[-1.353163,39.302065],[-1.356908,39.297763],[-1.357213,39.297436],[-1.357491,39.297176],[-1.357762,39.296952],[-1.358745,39.296236],[-1.359184,39.29596],[-1.359667,39.295721],[-1.360189,39.295536],[-1.368254,39.293488],[-1.368847,39.293294],[-1.369156,39.293168],[-1.373118,39.291382],[-1.373992,39.291059],[-1.374254,39.290981],[-1.374928,39.290815],[-1.39065,39.28747],[-1.39119,39.287346],[-1.391537,39.28724],[-1.394124,39.286266],[-1.394759,39.286018],[-1.395162,39.285831],[-1.395495,39.285645],[-1.396021,39.285298],[-1.397703,39.283921],[-1.398338,39.283395],[-1.398761,39.283056],[-1.398973,39.282875],[-1.399133,39.282748],[-1.399783,39.282193],[-1.400031,39.281952],[-1.400287,39.281672],[-1.400909,39.2809],[-1.401129,39.280696],[-1.401543,39.280385],[-1.401672,39.280302],[-1.401879,39.280169],[-1.40211,39.280059],[-1.402229,39.280011],[-1.40232,39.279976],[-1.402431,39.279941],[-1.402525,39.279916],[-1.403035,39.279832],[-1.403457,39.279841],[-1.403628,39.279853],[-1.40787,39.28058],[-1.409528,39.280888],[-1.414026,39.28188],[-1.414283,39.281906],[-1.414637,39.281888],[-1.415149,39.281821],[-1.416253,39.281617],[-1.416691,39.281562],[-1.416958,39.281555],[-1.417564,39.281611],[-1.42171,39.282166],[-1.42214,39.282193],[-1.423045,39.282175],[-1.426605,39.282032],[-1.428294,39.281981],[-1.428997,39.281999],[-1.429527,39.28204],[-1.439587,39.283288],[-1.44096,39.283399],[-1.441848,39.283439],[-1.442755,39.283464],[-1.443687,39.28345],[-1.444928,39.28341],[-1.445748,39.28336],[-1.446542,39.28329],[-1.447256,39.283211],[-1.448763,39.282995],[-1.450555,39.282634],[-1.451907,39.282297],[-1.453387,39.281857],[-1.454573,39.281442],[-1.455265,39.281176],[-1.456644,39.280578],[-1.457502,39.280171],[-1.459095,39.279339],[-1.460778,39.278461],[-1.462037,39.277848],[-1.463546,39.277183],[-1.464072,39.276999],[-1.465363,39.276536],[-1.466991,39.276081],[-1.467796,39.275892],[-1.468719,39.275704],[-1.470529,39.27537],[-1.470916,39.275294],[-1.474844,39.274595],[-1.476676,39.274241],[-1.479226,39.273852],[-1.479573,39.273795],[-1.481585,39.273588],[-1.483557,39.273507],[-1.484281,39.273477],[-1.484957,39.273473],[-1.485719,39.273498],[-1.486985,39.273585],[-1.48787,39.273668],[-1.489147,39.273834],[-1.489871,39.273947],[-1.490665,39.274092],[-1.492,39.274387],[-1.492725,39.274565],[-1.493953,39.274914],[-1.495546,39.275446],[-1.4967,39.275902],[-1.497252,39.276139],[-1.497992,39.27648],[-1.498801,39.276876],[-1.499562,39.277273],[-1.501132,39.278175],[-1.502965,39.279216],[-1.503798,39.279649],[-1.504234,39.279858],[-1.504526,39.279998],[-1.505664,39.280466],[-1.506694,39.280856],[-1.507359,39.281081],[-1.50856,39.281438],[-1.509869,39.281757],[-1.511082,39.281998],[-1.511768,39.282114],[-1.512509,39.282214],[-1.513324,39.28231],[-1.51408,39.282372],[-1.514762,39.282418],[-1.515478,39.282444],[-1.516403,39.282451],[-1.517326,39.282434],[-1.527105,39.282007],[-1.528495,39.281919],[-1.529879,39.281807],[-1.530898,39.281708],[-1.532325,39.281546],[-1.534503,39.281238],[-1.535956,39.281006],[-1.537115,39.280786],[-1.539245,39.280337],[-1.541364,39.279818],[-1.542952,39.279395],[-1.54499,39.278784],[-1.545993,39.27846],[-1.547699,39.277862],[-1.553594,39.275683],[-1.553946,39.275554],[-1.554561,39.275328],[-1.556352,39.274665],[-1.557934,39.274038],[-1.559331,39.273428],[-1.559696,39.273254],[-1.561121,39.272543],[-1.562623,39.271725],[-1.563513,39.271193],[-1.565011,39.270225],[-1.565988,39.269538],[-1.567199,39.268614],[-1.56781,39.268122],[-1.568427,39.267588],[-1.56943,39.266679],[-1.570653,39.265474],[-1.571305,39.264799],[-1.572937,39.263109],[-1.575825,39.260125],[-1.576351,39.259631],[-1.577329,39.258798],[-1.57759,39.258601],[-1.578082,39.258235],[-1.578858,39.257687],[-1.579866,39.257061],[-1.580438,39.256731],[-1.581055,39.256403],[-1.581908,39.255988],[-1.582155,39.255871],[-1.583018,39.25551],[-1.583217,39.255427],[-1.584216,39.255046],[-1.585059,39.25477],[-1.588165,39.253829],[-1.589922,39.253238],[-1.594535,39.251649],[-1.594749,39.251565],[-1.595162,39.251323],[-1.596403,39.250407],[-1.596686,39.250227],[-1.596935,39.250097],[-1.604446,39.247151],[-1.605338,39.246841],[-1.614258,39.243945],[-1.614406,39.243899],[-1.621162,39.241701],[-1.621831,39.241485],[-1.622642,39.241247],[-1.632508,39.238843],[-1.633664,39.23856],[-1.634789,39.238285],[-1.635243,39.238175],[-1.635721,39.238058],[-1.636087,39.237969],[-1.636336,39.237912],[-1.637929,39.237522],[-1.644026,39.23603],[-1.644519,39.235923],[-1.650773,39.234937],[-1.651349,39.234811],[-1.651896,39.234647],[-1.713133,39.21352],[-1.713997,39.213224],[-1.714316,39.213114],[-1.717203,39.212128],[-1.717391,39.212064],[-1.720125,39.211115],[-1.721524,39.210629],[-1.721653,39.210584],[-1.721913,39.210494],[-1.722346,39.210344],[-1.722482,39.210297],[-1.723355,39.209994],[-1.72441,39.209628],[-1.724462,39.209609],[-1.725421,39.209277],[-1.725603,39.209213],[-1.725649,39.209197],[-1.725825,39.209136],[-1.72654,39.208886],[-1.726748,39.208824],[-1.726878,39.208777],[-1.727425,39.208552],[-1.727876,39.208281],[-1.728314,39.207894],[-1.728422,39.207761],[-1.728634,39.207456],[-1.729171,39.20667],[-1.72932,39.206446],[-1.729369,39.206371],[-1.730565,39.204581],[-1.730722,39.204351],[-1.731171,39.203698],[-1.732005,39.202425],[-1.738464,39.192753],[-1.738766,39.192205],[-1.738937,39.19178],[-1.739047,39.191276],[-1.73907,39.190745],[-1.738948,39.189442],[-1.738971,39.188983],[-1.739072,39.188451],[-1.739257,39.187944],[-1.739597,39.187383],[-1.739991,39.186904],[-1.740331,39.186563],[-1.740879,39.186014],[-1.744846,39.182014],[-1.746143,39.180708],[-1.746477,39.180276],[-1.746703,39.179902],[-1.746929,39.179403],[-1.747064,39.178887],[-1.747109,39.178328],[-1.747059,39.177781],[-1.746893,39.176946],[-1.746844,39.176549],[-1.74686,39.176065],[-1.746953,39.175547],[-1.747089,39.175127],[-1.747282,39.174689],[-1.751387,39.16703],[-1.75285,39.164253],[-1.754728,39.160743],[-1.754781,39.160642],[-1.75527,39.159757],[-1.755532,39.15924],[-1.755803,39.158738],[-1.755967,39.158444],[-1.756338,39.157757],[-1.756516,39.157346],[-1.7566,39.157152],[-1.756938,39.156173],[-1.757025,39.155746],[-1.757057,39.15525],[-1.75705,39.154896],[-1.756998,39.15447],[-1.756786,39.153385],[-1.756731,39.152747],[-1.75676,39.152225],[-1.756826,39.151817],[-1.756975,39.15132],[-1.757162,39.150904],[-1.757406,39.150477],[-1.757648,39.15012],[-1.758103,39.149617],[-1.758503,39.149248],[-1.76145,39.147141],[-1.76175,39.146905],[-1.761994,39.146679],[-1.762154,39.146505],[-1.762472,39.146053],[-1.76263,39.145761],[-1.762747,39.145479],[-1.763243,39.144131],[-1.763258,39.144087],[-1.763396,39.14372],[-1.763449,39.143591],[-1.763517,39.143446],[-1.763602,39.143254],[-1.763769,39.142931],[-1.764028,39.142556],[-1.764514,39.14204],[-1.765006,39.141681],[-1.765523,39.141366],[-1.76638,39.140987],[-1.767699,39.140479],[-1.768526,39.140048],[-1.769645,39.139303],[-1.7702,39.138879],[-1.770695,39.138417],[-1.771353,39.137672],[-1.774665,39.133023],[-1.775018,39.132558],[-1.785717,39.117438],[-1.792591,39.107756],[-1.799021,39.098638],[-1.80936,39.084068],[-1.809622,39.083669],[-1.810565,39.082366],[-1.8144,39.076968],[-1.828661,39.056842],[-1.831961,39.052167],[-1.832284,39.05171],[-1.833243,39.050353],[-1.833484,39.049983],[-1.833852,39.049508],[-1.833991,39.04935],[-1.835089,39.047869],[-1.84825,39.029302],[-1.848416,39.029072],[-1.85187,39.024189],[-1.853317,39.022127],[-1.854865,39.019819],[-1.855393,39.019101],[-1.855881,39.018373],[-1.856517,39.017358],[-1.857103,39.016324],[-1.857459,39.01577],[-1.857875,39.015225],[-1.857941,39.01515],[-1.858441,39.014493],[-1.858502,39.014407],[-1.858838,39.014058],[-1.859218,39.013724],[-1.85974,39.013321],[-1.860055,39.013098],[-1.860571,39.012781],[-1.861005,39.012543],[-1.861812,39.012173],[-1.862682,39.0119],[-1.862913,39.011845],[-1.863598,39.011724],[-1.864392,39.011635],[-1.865212,39.011619],[-1.867502,39.011764],[-1.870063,39.011927],[-1.871471,39.011966],[-1.872617,39.01193],[-1.874394,39.011732],[-1.874968,39.011647],[-1.875524,39.011541],[-1.877171,39.01115],[-1.877721,39.010989],[-1.900194,39.002984],[-1.900907,39.00272],[-1.902909,39.002024],[-1.904183,39.001566],[-1.905729,39.00101],[-1.907705,39.000297],[-1.909721,38.999561],[-1.912277,38.998654],[-1.913238,38.99823],[-1.913986,38.997827],[-1.914582,38.99745],[-1.915071,38.997086],[-1.915315,38.996885],[-1.915805,38.996441],[-1.916063,38.996192],[-1.91663,38.995526],[-1.916968,38.995056],[-1.917128,38.994805],[-1.917296,38.994518],[-1.917595,38.993907],[-1.917835,38.993265],[-1.918006,38.992579],[-1.918106,38.991944],[-1.918177,38.990783],[-1.918272,38.98835],[-1.918264,38.987419],[-1.918201,38.986875],[-1.917884,38.984667],[-1.917826,38.983792],[-1.917824,38.983198],[-1.917858,38.982519],[-1.917901,38.982197],[-1.918055,38.981431],[-1.918294,38.980609],[-1.918493,38.98004],[-1.918605,38.979758],[-1.918861,38.979206],[-1.919303,38.978393],[-1.919642,38.977872],[-1.919979,38.977422],[-1.920417,38.976881],[-1.921055,38.976156],[-1.922954,38.974094],[-1.926326,38.970467],[-1.926772,38.969936],[-1.928102,38.968481],[-1.928767,38.967762],[-1.929113,38.967424],[-1.92991,38.966807],[-1.930482,38.966444],[-1.931109,38.966114],[-1.931628,38.965885],[-1.933214,38.965239],[-1.934811,38.964616],[-1.938491,38.96314],[-1.939649,38.962686],[-1.941229,38.962036],[-1.942161,38.961601],[-1.94277,38.961246],[-1.94819,38.959102],[-1.953091,38.957143],[-1.953132,38.95714],[-1.956532,38.955791],[-1.958285,38.955092],[-1.978254,38.947144],[-1.978743,38.94695],[-1.999683,38.938627],[-2.001647,38.937846],[-2.003504,38.937108],[-2.017487,38.931547],[-2.019329,38.930814],[-2.032083,38.925735],[-2.032415,38.925605],[-2.032697,38.925495],[-2.033114,38.925327],[-2.03331,38.925251],[-2.033577,38.925139],[-2.034223,38.924887],[-2.034423,38.924812],[-2.034597,38.924738],[-2.034792,38.924666],[-2.035731,38.92429],[-2.03593,38.924208],[-2.036039,38.924164],[-2.036433,38.924017],[-2.046848,38.919858],[-2.046978,38.91981],[-2.047206,38.919724],[-2.055216,38.916525],[-2.072491,38.90964],[-2.08057,38.906419],[-2.08194,38.905893],[-2.086069,38.904229],[-2.111527,38.894084],[-2.112105,38.893854],[-2.112547,38.893678],[-2.125055,38.888693],[-2.127558,38.887695],[-2.128303,38.887377],[-2.137564,38.882843],[-2.138212,38.882559],[-2.138923,38.882326],[-2.14157,38.88169],[-2.142245,38.881528],[-2.14262,38.881435],[-2.143516,38.881226],[-2.143691,38.881165],[-2.143804,38.88113],[-2.144298,38.880918],[-2.145548,38.880231],[-2.145808,38.880102],[-2.146731,38.879576],[-2.14705,38.879406],[-2.148458,38.878644],[-2.148592,38.878585],[-2.148619,38.878572],[-2.149053,38.878397],[-2.149429,38.878293],[-2.149608,38.878253],[-2.149915,38.878218],[-2.150152,38.878222],[-2.150769,38.878232],[-2.152995,38.878335],[-2.154105,38.878409],[-2.154699,38.8785],[-2.155003,38.878575],[-2.155829,38.878879],[-2.159815,38.880708],[-2.160114,38.880807],[-2.160433,38.88089],[-2.160938,38.880999],[-2.161811,38.88116],[-2.162284,38.881286],[-2.165866,38.882493],[-2.168464,38.883374],[-2.168948,38.88353],[-2.16942,38.883682],[-2.170062,38.883925],[-2.170795,38.884288],[-2.171322,38.884655],[-2.17239,38.885389],[-2.172945,38.885702],[-2.173518,38.885934],[-2.174538,38.886303],[-2.174904,38.8864],[-2.175675,38.886533],[-2.17603,38.886548],[-2.176401,38.886542],[-2.17699,38.886496],[-2.177236,38.886457],[-2.177525,38.886382],[-2.178137,38.886187],[-2.18717,38.882694],[-2.187681,38.882529],[-2.188095,38.882449],[-2.188521,38.882426],[-2.188976,38.882445],[-2.190074,38.882665],[-2.190438,38.882697],[-2.190732,38.882678],[-2.191076,38.882598],[-2.191347,38.882503],[-2.191625,38.882338],[-2.191921,38.882069],[-2.192792,38.88088],[-2.192966,38.880609],[-2.193145,38.880165],[-2.193349,38.879534],[-2.193475,38.879295],[-2.193674,38.879077],[-2.193933,38.878889],[-2.194161,38.878786],[-2.194433,38.878718],[-2.194742,38.878686],[-2.195085,38.878705],[-2.195419,38.878785],[-2.195698,38.878909],[-2.196008,38.879104],[-2.196366,38.879387],[-2.196638,38.879557],[-2.196872,38.879647],[-2.197221,38.879724],[-2.197516,38.879745],[-2.197726,38.87973],[-2.197924,38.879696],[-2.198287,38.879602],[-2.199291,38.879198],[-2.199987,38.87887],[-2.200248,38.878659],[-2.200449,38.8784],[-2.200552,38.878183],[-2.201521,38.874957],[-2.201585,38.874742],[-2.20171,38.874453],[-2.201889,38.874168],[-2.202056,38.873947],[-2.202312,38.873706],[-2.202912,38.873193],[-2.203298,38.872862],[-2.203479,38.87268],[-2.203698,38.872433],[-2.203829,38.872177],[-2.204569,38.870199],[-2.204616,38.869978],[-2.204626,38.869653],[-2.204353,38.867614],[-2.20437,38.86729],[-2.204454,38.866885],[-2.205248,38.864323],[-2.205633,38.863082],[-2.20569,38.8628],[-2.205699,38.86251],[-2.205592,38.86175],[-2.205594,38.861531],[-2.205681,38.861149],[-2.205832,38.86082],[-2.206033,38.860586],[-2.206253,38.860409],[-2.20657,38.860227],[-2.206858,38.860128],[-2.207155,38.86007],[-2.207501,38.860047],[-2.207907,38.860088],[-2.208241,38.860179],[-2.209528,38.860684],[-2.210108,38.86082],[-2.210445,38.860851],[-2.211043,38.860857],[-2.211376,38.860818],[-2.211794,38.86072],[-2.212173,38.860587],[-2.212557,38.860404],[-2.21548,38.85861],[-2.215839,38.858331],[-2.21611,38.85809],[-2.216502,38.85767],[-2.216891,38.857372],[-2.217186,38.857216],[-2.217481,38.857102],[-2.217818,38.857005],[-2.218346,38.856936],[-2.219448,38.856845],[-2.21981,38.856795],[-2.220244,38.856691],[-2.224046,38.855574],[-2.224505,38.8554],[-2.224862,38.855183],[-2.225006,38.855072],[-2.225168,38.854916],[-2.225365,38.85464],[-2.225539,38.854298],[-2.227192,38.850029],[-2.227307,38.849848],[-2.227386,38.849758],[-2.227471,38.849646],[-2.228014,38.849056],[-2.228106,38.848947],[-2.228221,38.848821],[-2.228361,38.848661],[-2.228537,38.848469],[-2.22896,38.848],[-2.229172,38.847749],[-2.229304,38.847544],[-2.229532,38.846999],[-2.229928,38.846022],[-2.230092,38.845542],[-2.23019,38.845107],[-2.23027,38.844034],[-2.230314,38.843801],[-2.230385,38.843588],[-2.230512,38.843321],[-2.230702,38.843052],[-2.230945,38.842808],[-2.231165,38.842625],[-2.231397,38.842464],[-2.231687,38.842313],[-2.232769,38.841846],[-2.233636,38.841431],[-2.234722,38.840868],[-2.235149,38.840626],[-2.235484,38.840394],[-2.237652,38.838639],[-2.238508,38.837888],[-2.241656,38.834695],[-2.245179,38.831305],[-2.245517,38.831057],[-2.245722,38.830949],[-2.245958,38.830884],[-2.246228,38.830856],[-2.246521,38.830874],[-2.246762,38.830935],[-2.246981,38.831035],[-2.247375,38.831329],[-2.247674,38.831521],[-2.247965,38.831644],[-2.248322,38.831734],[-2.24865,38.831755],[-2.24905,38.83175],[-2.250081,38.831693],[-2.250417,38.831646],[-2.250713,38.83156],[-2.251729,38.831148],[-2.251962,38.831007],[-2.252226,38.830774],[-2.252401,38.830527],[-2.252522,38.830334],[-2.25282,38.829737],[-2.253084,38.829307],[-2.253352,38.828945],[-2.253549,38.828756],[-2.253864,38.828498],[-2.254833,38.827864],[-2.255119,38.827706],[-2.255318,38.827622],[-2.255576,38.827545],[-2.255788,38.827509],[-2.256279,38.827486],[-2.256611,38.827443],[-2.25803,38.827134],[-2.258533,38.826992],[-2.259111,38.826763],[-2.259688,38.826495],[-2.259981,38.826387],[-2.260257,38.826313],[-2.260565,38.826273],[-2.260976,38.826284],[-2.261674,38.82637],[-2.262076,38.826395],[-2.262405,38.82637],[-2.262703,38.826319],[-2.263544,38.826077],[-2.263793,38.826031],[-2.264075,38.826022],[-2.264341,38.826051],[-2.264646,38.826132],[-2.264916,38.826263],[-2.265519,38.826622],[-2.265901,38.826776],[-2.266325,38.826881],[-2.266819,38.827027],[-2.267056,38.827149],[-2.267678,38.827627],[-2.268091,38.827861],[-2.268402,38.827974],[-2.268675,38.828026],[-2.268944,38.828048],[-2.269258,38.828031],[-2.27219,38.827638],[-2.2725,38.827529],[-2.272678,38.82741],[-2.272841,38.827228],[-2.272939,38.827074],[-2.272979,38.826975],[-2.27301,38.826822],[-2.273007,38.826653],[-2.272957,38.826459],[-2.272856,38.826269],[-2.272689,38.826063],[-2.272236,38.825625],[-2.272028,38.825357],[-2.271873,38.825085],[-2.271782,38.824806],[-2.271744,38.824442],[-2.271782,38.824176],[-2.271865,38.823875],[-2.272022,38.823571],[-2.272172,38.823373],[-2.272441,38.823125],[-2.272661,38.822965],[-2.273907,38.82237],[-2.274147,38.822291],[-2.274419,38.822247],[-2.274767,38.822237],[-2.275091,38.822295],[-2.2754,38.822394],[-2.275705,38.822573],[-2.275931,38.822774],[-2.276862,38.823858],[-2.277071,38.824026],[-2.277305,38.824159],[-2.277582,38.824266],[-2.277945,38.824346],[-2.27837,38.824368],[-2.280029,38.824325],[-2.280327,38.824269],[-2.28056,38.824185],[-2.2808,38.824057],[-2.281007,38.823902],[-2.281197,38.823684],[-2.281334,38.82344],[-2.281387,38.823215],[-2.281399,38.823017],[-2.281367,38.822783],[-2.281271,38.822552],[-2.280225,38.821215],[-2.27995,38.820751],[-2.27989,38.820544],[-2.27986,38.820317],[-2.279864,38.820053],[-2.279968,38.819204],[-2.280072,38.818728],[-2.280165,38.818466],[-2.280264,38.818278],[-2.280409,38.818087],[-2.280637,38.817873],[-2.280871,38.817708],[-2.281248,38.81753],[-2.281575,38.817429],[-2.281873,38.817378],[-2.282288,38.81734],[-2.282987,38.817304],[-2.283904,38.817257],[-2.28433,38.81726],[-2.284792,38.817308],[-2.286557,38.817705],[-2.286775,38.817712],[-2.287027,38.817689],[-2.287285,38.81761],[-2.287511,38.817503],[-2.287694,38.817311],[-2.287983,38.81694],[-2.288261,38.816432],[-2.288358,38.81606],[-2.288375,38.815636],[-2.288261,38.814158],[-2.28829,38.813974],[-2.288391,38.813804],[-2.28855,38.813659],[-2.288735,38.81355],[-2.288977,38.813491],[-2.289257,38.813483],[-2.289498,38.813534],[-2.289728,38.81366],[-2.290679,38.814646],[-2.290985,38.814878],[-2.29128,38.815044],[-2.291618,38.815152],[-2.292043,38.815219],[-2.292374,38.815238],[-2.292906,38.815219],[-2.29337,38.815161],[-2.293769,38.815067],[-2.294208,38.814913],[-2.294592,38.814728],[-2.294836,38.814522],[-2.294993,38.814309],[-2.295093,38.814136],[-2.295141,38.813929],[-2.295141,38.813707],[-2.295075,38.813492],[-2.294665,38.812704],[-2.29463,38.812564],[-2.294631,38.812369],[-2.29471,38.812185],[-2.294828,38.812043],[-2.294977,38.811939],[-2.295171,38.811865],[-2.295367,38.811835],[-2.296292,38.811902],[-2.296967,38.811884],[-2.29784,38.811811],[-2.298166,38.811746],[-2.298478,38.811637],[-2.298682,38.811548],[-2.298873,38.811431],[-2.299104,38.811253],[-2.29998,38.810419],[-2.300153,38.81029],[-2.300332,38.810184],[-2.300542,38.810091],[-2.300817,38.810007],[-2.301056,38.809966],[-2.30136,38.809937],[-2.302566,38.80996],[-2.302826,38.810003],[-2.303087,38.810085],[-2.303291,38.810197],[-2.303459,38.81032],[-2.303619,38.810493],[-2.303723,38.81067],[-2.303956,38.811425],[-2.304043,38.8116],[-2.30416,38.811742],[-2.304305,38.811869],[-2.304539,38.812022],[-2.304807,38.812121],[-2.305087,38.81217],[-2.30532,38.812184],[-2.305808,38.812107],[-2.306381,38.811952],[-2.306635,38.811844],[-2.306827,38.811686],[-2.306929,38.811569],[-2.307017,38.81144],[-2.307346,38.81079],[-2.307455,38.810617],[-2.307596,38.810461],[-2.307821,38.810321],[-2.308003,38.810251],[-2.308205,38.810211],[-2.308467,38.810206],[-2.308694,38.810239],[-2.308978,38.810348],[-2.310451,38.811173],[-2.310645,38.811235],[-2.310871,38.811285],[-2.311161,38.811301],[-2.313046,38.811236],[-2.313221,38.811214],[-2.314543,38.81105],[-2.318369,38.810492],[-2.319545,38.810333],[-2.31974,38.810315],[-2.320029,38.810329],[-2.320336,38.810388],[-2.320633,38.810491],[-2.32091,38.810645],[-2.321103,38.810795],[-2.321459,38.811179],[-2.322465,38.812422],[-2.322533,38.812482],[-2.322715,38.812582],[-2.322832,38.812621],[-2.323091,38.812664],[-2.323353,38.812682],[-2.323405,38.812684],[-2.324571,38.812753],[-2.324856,38.81274],[-2.324982,38.812729],[-2.32512,38.812693],[-2.325337,38.812602],[-2.325483,38.812509],[-2.32552,38.812485],[-2.325641,38.812396],[-2.326102,38.811966],[-2.326788,38.811299],[-2.327619,38.810491],[-2.327813,38.810235],[-2.327989,38.80988],[-2.328027,38.809646],[-2.328027,38.809369],[-2.328001,38.809184],[-2.327893,38.808933],[-2.327742,38.808697],[-2.326979,38.807668],[-2.326856,38.80744],[-2.326792,38.807226],[-2.326803,38.80703],[-2.326833,38.806894],[-2.326929,38.806711],[-2.327107,38.806522],[-2.327315,38.806379],[-2.327522,38.806284],[-2.328278,38.806092],[-2.328622,38.806024],[-2.330134,38.80564],[-2.330378,38.805529],[-2.330589,38.805352],[-2.331222,38.804582],[-2.331366,38.80434],[-2.331458,38.804065],[-2.331458,38.803766],[-2.331413,38.803527],[-2.331297,38.803199],[-2.331135,38.802842],[-2.331102,38.802724],[-2.331113,38.80251],[-2.33115,38.802366],[-2.331261,38.802152],[-2.331388,38.801982],[-2.331735,38.801681],[-2.332491,38.801119],[-2.332707,38.801007],[-2.332982,38.800921],[-2.333214,38.800887],[-2.333473,38.800889],[-2.333797,38.800923],[-2.334976,38.80115],[-2.335325,38.801201],[-2.335668,38.801205],[-2.336003,38.801174],[-2.339589,38.800515],[-2.339901,38.800447],[-2.340021,38.800421],[-2.341699,38.800026],[-2.343047,38.79973],[-2.343455,38.799692],[-2.344029,38.799726],[-2.345536,38.799901],[-2.346112,38.799993],[-2.346403,38.800061],[-2.347087,38.800253],[-2.348285,38.80065],[-2.349696,38.801198],[-2.349896,38.801261],[-2.351382,38.801625],[-2.351889,38.801706],[-2.352171,38.801719],[-2.352532,38.801697],[-2.353956,38.801385],[-2.354518,38.801286],[-2.355608,38.801167],[-2.355846,38.801101],[-2.356611,38.800773],[-2.356916,38.800685],[-2.357232,38.800621],[-2.360105,38.800346],[-2.360243,38.800324],[-2.360354,38.800306],[-2.360646,38.80019],[-2.361988,38.799367],[-2.362293,38.799227],[-2.362624,38.799119],[-2.367635,38.797768],[-2.367863,38.797707],[-2.371554,38.796707],[-2.371962,38.796527],[-2.372273,38.796306],[-2.373646,38.794624],[-2.373775,38.794439],[-2.373899,38.79418],[-2.374203,38.793052],[-2.374376,38.792682],[-2.37454,38.79247],[-2.375124,38.79207],[-2.375675,38.791718],[-2.377073,38.790963],[-2.377319,38.790815],[-2.377561,38.790612],[-2.377735,38.790413],[-2.377893,38.790171],[-2.378022,38.789922],[-2.378113,38.78965],[-2.378138,38.789337],[-2.378112,38.78902],[-2.378053,38.788779],[-2.378034,38.788427],[-2.378036,38.788223],[-2.378089,38.787991],[-2.378208,38.78775],[-2.378413,38.787473],[-2.378595,38.787311],[-2.378823,38.787162],[-2.379061,38.787062],[-2.379348,38.786995],[-2.379626,38.786963],[-2.380029,38.786975],[-2.382545,38.787189],[-2.383837,38.787346],[-2.384372,38.787357],[-2.384628,38.787327],[-2.385004,38.787206],[-2.385386,38.787031],[-2.385876,38.786749],[-2.386237,38.786499],[-2.386393,38.786353],[-2.386686,38.785902],[-2.386908,38.785509],[-2.387317,38.784834],[-2.387621,38.784331],[-2.389577,38.781418],[-2.389818,38.781083],[-2.390896,38.780013],[-2.39351,38.777092],[-2.393756,38.776845],[-2.393941,38.776692],[-2.39415,38.776555],[-2.394381,38.77647],[-2.39461,38.776415],[-2.394884,38.776397],[-2.39516,38.776401],[-2.395874,38.776523],[-2.396225,38.776558],[-2.396567,38.77655],[-2.396869,38.776519],[-2.40486,38.775291],[-2.405874,38.775146],[-2.41273,38.774494],[-2.416216,38.774187],[-2.417298,38.774051],[-2.418058,38.773978],[-2.418361,38.773978],[-2.41858,38.773992],[-2.419296,38.774098],[-2.419528,38.774116],[-2.419748,38.77411],[-2.41992,38.774089],[-2.420096,38.774034],[-2.42043,38.773875],[-2.421094,38.773429],[-2.421375,38.773306],[-2.421655,38.773228],[-2.421991,38.773198],[-2.422908,38.773263],[-2.423434,38.773355],[-2.424297,38.773582],[-2.424558,38.773638],[-2.42482,38.773672],[-2.425212,38.773689],[-2.425569,38.773674],[-2.42634,38.773606],[-2.426869,38.773585],[-2.427082,38.773599],[-2.42737,38.77364],[-2.427648,38.773708],[-2.427932,38.773801],[-2.4282,38.773911],[-2.428441,38.774041],[-2.428698,38.7742],[-2.431015,38.775894],[-2.43119,38.776007],[-2.431485,38.776167],[-2.431813,38.776292],[-2.432165,38.776382],[-2.432544,38.776422],[-2.433273,38.776377],[-2.434979,38.776078],[-2.435845,38.775888],[-2.436206,38.77586],[-2.436499,38.775904],[-2.437744,38.776267],[-2.438039,38.776409],[-2.438208,38.776533],[-2.438813,38.777096],[-2.438965,38.777191],[-2.439178,38.777269],[-2.439525,38.777307],[-2.439844,38.777272],[-2.440227,38.777159],[-2.441661,38.776541],[-2.44194,38.776455],[-2.44221,38.776409],[-2.443923,38.776388],[-2.444165,38.776371],[-2.444396,38.776307],[-2.445051,38.775957],[-2.445379,38.77584],[-2.44865,38.775126],[-2.448923,38.775035],[-2.449182,38.774921],[-2.449423,38.774787],[-2.449646,38.774634],[-2.449846,38.774464],[-2.45003,38.774254],[-2.450179,38.774028],[-2.450287,38.773789],[-2.450355,38.773541],[-2.450498,38.771858],[-2.450557,38.77092],[-2.450531,38.770659],[-2.450492,38.77034],[-2.450197,38.768871],[-2.450163,38.768688],[-2.449793,38.766678],[-2.44884,38.761734],[-2.448832,38.761359],[-2.448891,38.761132],[-2.448966,38.760971],[-2.449135,38.76072],[-2.44953,38.760262],[-2.450164,38.759583],[-2.450199,38.759545],[-2.450815,38.758859],[-2.450937,38.758755],[-2.451048,38.758698],[-2.451368,38.758525],[-2.451683,38.758293],[-2.451926,38.758053],[-2.452305,38.757754],[-2.452739,38.757529],[-2.453348,38.75734],[-2.453697,38.757225],[-2.454108,38.757031],[-2.454286,38.756919],[-2.45449,38.756745],[-2.455142,38.756052],[-2.455405,38.755714],[-2.45558,38.755397],[-2.455662,38.755202],[-2.455728,38.754975],[-2.455768,38.754696],[-2.455771,38.751727],[-2.455769,38.748619],[-2.455793,38.748325],[-2.456042,38.747108],[-2.456104,38.746722],[-2.456141,38.746409],[-2.456143,38.745965],[-2.455715,38.744222],[-2.455692,38.743944],[-2.455739,38.74364],[-2.455839,38.743313],[-2.455972,38.743074],[-2.45624,38.742734],[-2.456551,38.742452],[-2.460222,38.739546],[-2.460817,38.739152],[-2.465907,38.735967],[-2.466175,38.735796],[-2.4665,38.735529],[-2.466631,38.735377],[-2.466751,38.735185],[-2.466834,38.734974],[-2.466873,38.734735],[-2.466859,38.734556],[-2.466743,38.734116],[-2.466469,38.7335],[-2.466371,38.733239],[-2.466353,38.733027],[-2.466371,38.732905],[-2.466434,38.732731],[-2.46661,38.732491],[-2.46851,38.730647],[-2.46886,38.730283],[-2.469294,38.72973],[-2.469983,38.728711],[-2.470159,38.728402],[-2.470255,38.728136],[-2.470331,38.727614],[-2.470305,38.72728],[-2.470255,38.727049],[-2.470105,38.726684],[-2.469818,38.726261],[-2.469648,38.726085],[-2.468485,38.725082],[-2.4678,38.724409],[-2.467597,38.724122],[-2.467484,38.723835],[-2.467452,38.723684],[-2.467441,38.723493],[-2.467481,38.723071],[-2.467709,38.721933],[-2.467781,38.721769],[-2.467924,38.721607],[-2.468114,38.721455],[-2.469321,38.72049],[-2.469596,38.720244],[-2.470465,38.719347],[-2.472774,38.716947],[-2.472962,38.716679],[-2.473325,38.716052],[-2.473466,38.715691],[-2.474167,38.712753],[-2.474278,38.712453],[-2.474426,38.712154],[-2.477785,38.706309],[-2.478688,38.704455],[-2.478874,38.704156],[-2.480838,38.701976],[-2.482485,38.699964],[-2.483244,38.699013],[-2.483908,38.698136],[-2.484279,38.697607],[-2.484555,38.697121],[-2.484624,38.697007],[-2.485005,38.696358],[-2.485257,38.695986],[-2.485538,38.695705],[-2.48565,38.695606],[-2.485874,38.695427],[-2.4861,38.695279],[-2.487397,38.6945],[-2.487725,38.694256],[-2.487904,38.694086],[-2.488987,38.69291],[-2.494106,38.687093],[-2.494474,38.686605],[-2.494593,38.686417],[-2.494743,38.686119],[-2.494912,38.685687],[-2.494961,38.685543],[-2.495014,38.685305],[-2.495554,38.682893],[-2.495757,38.681942],[-2.495746,38.681599],[-2.495626,38.681201],[-2.495478,38.680843],[-2.493883,38.676966],[-2.493115,38.675145],[-2.492712,38.67413],[-2.492641,38.673956],[-2.492517,38.673651],[-2.49247,38.673467],[-2.492453,38.673354],[-2.49247,38.673192],[-2.492505,38.673101],[-2.492512,38.673081],[-2.492591,38.672969],[-2.492687,38.672871],[-2.492784,38.672801],[-2.492891,38.672751],[-2.49312,38.672682],[-2.493325,38.672662],[-2.493563,38.672672],[-2.495273,38.672859],[-2.496222,38.672922],[-2.496732,38.672955],[-2.497282,38.672999],[-2.497902,38.673058],[-2.49808,38.673091],[-2.498441,38.67318],[-2.498671,38.673263],[-2.502445,38.67503],[-2.503087,38.675315],[-2.503342,38.675393],[-2.503552,38.675433],[-2.503671,38.67544],[-2.503782,38.675447],[-2.503959,38.675434],[-2.50419,38.675401],[-2.504357,38.675359],[-2.505596,38.674963],[-2.508781,38.674039],[-2.509006,38.673975],[-2.509203,38.67392],[-2.510685,38.673507],[-2.511144,38.673331],[-2.511457,38.67318],[-2.512573,38.672428],[-2.513152,38.672101],[-2.52123,38.668169],[-2.527246,38.665277],[-2.527525,38.66517],[-2.528185,38.665016],[-2.528882,38.664932],[-2.535797,38.664307],[-2.536213,38.66429],[-2.53669,38.664304],[-2.537378,38.664327],[-2.5402,38.664419],[-2.542976,38.664479],[-2.545327,38.6645],[-2.545625,38.664488],[-2.545898,38.664445],[-2.54614,38.664386],[-2.546451,38.664286],[-2.546642,38.664187],[-2.547549,38.663573],[-2.548173,38.663123],[-2.549129,38.662436],[-2.549725,38.661962],[-2.552638,38.659309],[-2.55328,38.658759],[-2.553563,38.658575],[-2.555613,38.657446],[-2.556619,38.656902],[-2.556851,38.656731],[-2.557276,38.65637],[-2.559418,38.654409],[-2.559803,38.654011],[-2.562519,38.650356],[-2.564613,38.647583],[-2.564906,38.64721],[-2.565217,38.646789],[-2.565538,38.646358],[-2.565728,38.646001],[-2.565748,38.645957],[-2.565773,38.645864],[-2.565796,38.64578],[-2.565841,38.645612],[-2.565964,38.644801],[-2.565974,38.644627],[-2.566238,38.641899],[-2.56662,38.638447],[-2.567214,38.629057],[-2.567236,38.628527],[-2.567366,38.626772],[-2.567373,38.626508],[-2.567372,38.626488],[-2.56737,38.626473],[-2.567368,38.626395],[-2.567468,38.625036],[-2.567473,38.624894],[-2.56749,38.62468],[-2.567539,38.62418],[-2.567621,38.622961],[-2.567684,38.622122],[-2.567736,38.621817],[-2.567848,38.621533],[-2.568008,38.621295],[-2.568351,38.6209],[-2.56897,38.620241],[-2.569017,38.620188],[-2.569093,38.6201],[-2.569341,38.61984],[-2.569624,38.619537],[-2.569781,38.619374],[-2.570001,38.619133],[-2.570031,38.6191],[-2.570313,38.618811],[-2.570706,38.618518],[-2.570983,38.618346],[-2.573478,38.616938],[-2.573671,38.61685],[-2.573923,38.616766],[-2.575777,38.616314],[-2.578295,38.615744],[-2.578696,38.615685],[-2.580062,38.61558],[-2.580468,38.615569],[-2.580882,38.615597],[-2.581355,38.615664],[-2.583032,38.616007],[-2.583388,38.616033],[-2.583713,38.616003],[-2.583954,38.615948],[-2.584217,38.615831],[-2.58453,38.615601],[-2.584687,38.615424],[-2.584941,38.615153],[-2.586738,38.612977],[-2.586947,38.612771],[-2.587205,38.612562],[-2.587516,38.612369],[-2.587937,38.61216],[-2.588275,38.612034],[-2.588745,38.611912],[-2.589437,38.611795],[-2.591728,38.611524],[-2.592164,38.61146],[-2.592575,38.611359],[-2.592936,38.61125],[-2.593288,38.611086],[-2.593583,38.610918],[-2.593864,38.610735],[-2.594143,38.610492],[-2.594377,38.610248],[-2.594554,38.609984],[-2.596679,38.606316],[-2.596829,38.606077],[-2.597019,38.605859],[-2.597258,38.605653],[-2.597535,38.605461],[-2.607348,38.599713],[-2.608065,38.59936],[-2.608632,38.599145],[-2.609315,38.59885],[-2.60963,38.598679],[-2.61343,38.5961],[-2.613705,38.595867],[-2.624805,38.584953],[-2.62496,38.584757],[-2.625078,38.584556],[-2.62525,38.584103],[-2.625894,38.582032],[-2.626033,38.581663],[-2.626256,38.581195],[-2.628264,38.577583],[-2.628379,38.577375],[-2.628597,38.576976],[-2.628897,38.576473],[-2.629752,38.575427],[-2.629968,38.575154],[-2.630232,38.574822],[-2.631682,38.573061],[-2.631971,38.572721],[-2.632202,38.572512],[-2.632626,38.572247],[-2.632991,38.572071],[-2.633913,38.57169],[-2.634316,38.571497],[-2.634556,38.571345],[-2.634722,38.571227],[-2.634884,38.571065],[-2.635128,38.570778],[-2.635418,38.570387],[-2.63569,38.570096],[-2.636059,38.569827],[-2.636401,38.569663],[-2.636553,38.569618],[-2.636976,38.569525],[-2.637459,38.569463],[-2.639213,38.569328],[-2.640302,38.569228],[-2.640604,38.569169],[-2.640882,38.569068],[-2.641107,38.568947],[-2.641367,38.568772],[-2.641444,38.568712],[-2.641556,38.568606],[-2.641749,38.568371],[-2.641895,38.568083],[-2.642195,38.567255],[-2.642415,38.566773],[-2.643187,38.565326],[-2.643333,38.564983],[-2.643444,38.564575],[-2.64352,38.564206],[-2.643564,38.563871],[-2.64358,38.563523],[-2.643557,38.563187],[-2.643312,38.561334],[-2.643317,38.560692],[-2.643369,38.560301],[-2.643412,38.560133],[-2.64602,38.554466],[-2.646096,38.554262],[-2.646172,38.553971],[-2.646232,38.553653],[-2.646374,38.552569],[-2.646433,38.552241],[-2.646503,38.551974],[-2.646723,38.551469],[-2.646981,38.551047],[-2.647067,38.550938],[-2.647122,38.550869],[-2.652179,38.544962],[-2.652238,38.544893],[-2.65255,38.544529],[-2.65279,38.544294],[-2.653047,38.544093],[-2.653231,38.543979],[-2.653573,38.54381],[-2.65386,38.543707],[-2.654207,38.543613],[-2.654705,38.543571],[-2.655015,38.543567],[-2.655919,38.543604],[-2.656157,38.543591],[-2.656327,38.543566],[-2.656817,38.54342],[-2.658051,38.542851],[-2.6615,38.541267],[-2.661803,38.541156],[-2.663916,38.54051],[-2.664097,38.540457],[-2.665897,38.53992],[-2.666165,38.539814],[-2.666454,38.539672],[-2.673659,38.535723],[-2.674876,38.535076],[-2.675727,38.534584],[-2.676056,38.534353],[-2.676979,38.533599],[-2.682725,38.528831],[-2.683962,38.527865],[-2.690014,38.523557],[-2.691491,38.522499],[-2.692106,38.521987],[-2.692364,38.521725],[-2.692653,38.521373],[-2.693082,38.520637],[-2.693379,38.519963],[-2.693435,38.519841],[-2.693983,38.51855],[-2.694082,38.517963],[-2.694099,38.51768],[-2.693992,38.516432],[-2.693987,38.516141],[-2.694017,38.515832],[-2.694111,38.515382],[-2.694194,38.515137],[-2.694449,38.514591],[-2.694696,38.514224],[-2.695701,38.512944],[-2.70155,38.505567],[-2.702138,38.504846],[-2.70312,38.503915],[-2.703657,38.50351],[-2.708567,38.50005],[-2.712723,38.497377],[-2.713161,38.497096],[-2.713869,38.496641],[-2.71854,38.493644],[-2.719866,38.492814],[-2.720502,38.492475],[-2.721137,38.492202],[-2.723619,38.491276],[-2.724333,38.490978],[-2.72525,38.490562],[-2.725864,38.490251],[-2.731309,38.487324],[-2.731755,38.487072],[-2.7321,38.48685],[-2.7325,38.48655],[-2.732888,38.486195],[-2.733456,38.485626],[-2.73367,38.485412],[-2.734064,38.485018],[-2.73797,38.481126],[-2.738269,38.480792],[-2.738685,38.480208],[-2.739459,38.478705],[-2.739718,38.478266],[-2.740017,38.477873],[-2.740304,38.477552],[-2.740711,38.477157],[-2.741112,38.476815],[-2.741501,38.476532],[-2.74209,38.476181],[-2.743888,38.475401],[-2.750318,38.472729],[-2.7508,38.472567],[-2.751814,38.472298],[-2.753332,38.472025],[-2.754813,38.471763],[-2.75523,38.47167],[-2.755843,38.471502],[-2.756209,38.471379],[-2.756775,38.471158],[-2.757196,38.470961],[-2.757594,38.470754],[-2.758024,38.470502],[-2.758417,38.470231],[-2.759048,38.469748],[-2.759593,38.469232],[-2.760115,38.468595],[-2.76044,38.468113],[-2.76064,38.467754],[-2.760989,38.466939],[-2.761638,38.464616],[-2.761848,38.464067],[-2.7622,38.463475],[-2.762572,38.462962],[-2.763043,38.46246],[-2.765697,38.459939],[-2.766424,38.459207],[-2.76694,38.458554],[-2.767275,38.458063],[-2.767507,38.457615],[-2.767749,38.457083],[-2.768235,38.455849],[-2.768586,38.454721],[-2.768715,38.454155],[-2.768805,38.453635],[-2.768911,38.452842],[-2.768985,38.451506],[-2.768989,38.451326],[-2.769046,38.449812],[-2.769164,38.447511],[-2.769236,38.447103],[-2.769369,38.446534],[-2.76952,38.446148],[-2.769761,38.445653],[-2.769957,38.445305],[-2.770339,38.444764],[-2.770445,38.444644],[-2.770935,38.444122],[-2.77119,38.443892],[-2.772514,38.442792],[-2.772605,38.442715],[-2.773558,38.441916],[-2.774643,38.44085],[-2.775725,38.439659],[-2.776414,38.43893],[-2.77675,38.438606],[-2.777146,38.438296],[-2.777503,38.438049],[-2.778295,38.437606],[-2.779083,38.437287],[-2.780135,38.436959],[-2.781004,38.436643],[-2.781462,38.436438],[-2.781973,38.43616],[-2.786164,38.433398],[-2.787718,38.432349],[-2.788257,38.431967],[-2.788934,38.431445],[-2.792555,38.428399],[-2.792882,38.428107],[-2.793668,38.427321],[-2.794568,38.426241],[-2.797188,38.422367],[-2.797645,38.421528],[-2.797964,38.420742],[-2.798203,38.419885],[-2.798321,38.418921],[-2.798324,38.418681],[-2.798304,38.418202],[-2.798234,38.417535],[-2.798104,38.416951],[-2.79808,38.416853],[-2.798007,38.416608],[-2.797843,38.416174],[-2.797307,38.415102],[-2.797032,38.414689],[-2.796832,38.414426],[-2.796624,38.414162],[-2.796311,38.413814],[-2.795597,38.413134],[-2.795197,38.412814],[-2.794768,38.412504],[-2.793141,38.411487],[-2.790831,38.410101],[-2.790372,38.409764],[-2.790127,38.409563],[-2.789861,38.409325],[-2.78943,38.408862],[-2.789385,38.408807],[-2.789108,38.408442],[-2.788922,38.408156],[-2.788772,38.407881],[-2.787911,38.406007],[-2.787548,38.405446],[-2.787356,38.405203],[-2.786956,38.404775],[-2.786661,38.404504],[-2.785218,38.403354],[-2.784619,38.402801],[-2.782563,38.40047],[-2.782033,38.399849],[-2.781731,38.399466],[-2.78142,38.399033],[-2.781193,38.398596],[-2.780976,38.398087],[-2.780824,38.397629],[-2.78075,38.397286],[-2.780716,38.396968],[-2.7807,38.396576],[-2.780711,38.396291],[-2.78078,38.39577],[-2.780878,38.395401],[-2.781004,38.395033],[-2.781798,38.393041],[-2.783264,38.389359],[-2.783347,38.389102],[-2.783461,38.388588],[-2.78359,38.387725],[-2.784016,38.385308],[-2.78434,38.383279],[-2.784379,38.382806],[-2.784328,38.381859],[-2.784121,38.379617],[-2.784107,38.379198],[-2.784123,38.378739],[-2.784206,38.378144],[-2.784283,38.377772],[-2.784959,38.375396],[-2.78507,38.374888],[-2.785141,38.374334],[-2.785245,38.372757],[-2.785402,38.372071],[-2.785513,38.371727],[-2.785765,38.371089],[-2.786053,38.370521],[-2.786405,38.369986],[-2.786555,38.369774],[-2.786763,38.369523],[-2.787041,38.369217],[-2.788128,38.368132],[-2.78833,38.367911],[-2.788471,38.367733],[-2.788827,38.367214],[-2.789018,38.366878],[-2.789137,38.366627],[-2.789327,38.366133],[-2.789419,38.365794],[-2.789476,38.365482],[-2.78953,38.364895],[-2.789553,38.364026],[-2.789559,38.363628],[-2.78957,38.363361],[-2.78959,38.363032],[-2.789666,38.362539],[-2.789752,38.362142],[-2.789976,38.361398],[-2.7902,38.360894],[-2.790404,38.360525],[-2.790845,38.359801],[-2.79174,38.358395],[-2.792126,38.357771],[-2.793943,38.354946],[-2.794807,38.353923],[-2.796663,38.351862],[-2.797232,38.351372],[-2.79766,38.351034],[-2.798223,38.350643],[-2.798957,38.350248],[-2.799369,38.350046],[-2.799779,38.349867],[-2.800517,38.349611],[-2.801237,38.34941],[-2.801616,38.349319],[-2.802096,38.349235],[-2.802669,38.349156],[-2.803129,38.349121],[-2.803613,38.349108],[-2.804183,38.349111],[-2.804913,38.349136],[-2.80732,38.349347],[-2.809597,38.349534],[-2.810288,38.349578],[-2.810478,38.349588],[-2.811177,38.349602],[-2.811466,38.349591],[-2.811848,38.349566],[-2.812483,38.34948],[-2.813031,38.349368],[-2.813405,38.349268],[-2.814075,38.349035],[-2.814598,38.348808],[-2.815843,38.348178],[-2.816242,38.348022],[-2.81669,38.347875],[-2.817346,38.347701],[-2.818006,38.347576],[-2.818451,38.347517],[-2.822392,38.347111],[-2.823775,38.346968],[-2.824268,38.346917],[-2.825188,38.346819],[-2.825612,38.346782],[-2.825988,38.346768],[-2.826329,38.34677],[-2.828111,38.346859],[-2.828819,38.346868],[-2.829409,38.346846],[-2.829963,38.346807],[-2.830713,38.346728],[-2.835609,38.346203],[-2.839696,38.345763],[-2.841922,38.345502],[-2.84329,38.345323],[-2.856694,38.343348],[-2.857051,38.343289],[-2.857414,38.343208],[-2.85798,38.343053],[-2.859535,38.3425],[-2.862368,38.341461],[-2.864437,38.340692],[-2.87223,38.337793],[-2.872737,38.33757],[-2.87346,38.337214],[-2.874095,38.336843],[-2.874711,38.336422],[-2.875157,38.336083],[-2.880298,38.332046],[-2.882921,38.329956],[-2.888102,38.325768],[-2.889158,38.324918],[-2.889983,38.324255],[-2.890364,38.323975],[-2.891092,38.323411],[-2.891402,38.323164],[-2.892002,38.322685],[-2.892372,38.322387],[-2.892553,38.322245],[-2.893226,38.321708],[-2.893324,38.32163],[-2.893758,38.321284],[-2.8938,38.32125],[-2.893983,38.321172],[-2.894707,38.320865],[-2.894968,38.320751],[-2.895118,38.320687],[-2.895612,38.320486],[-2.896339,38.32019],[-2.897143,38.319863],[-2.897311,38.319795],[-2.89746,38.319715],[-2.897828,38.319516],[-2.898015,38.319384],[-2.898083,38.319336],[-2.898497,38.31904],[-2.899106,38.318606],[-2.899543,38.318294],[-2.89973,38.318161],[-2.900639,38.317512],[-2.900709,38.317462],[-2.901506,38.316894],[-2.901691,38.316763],[-2.902208,38.316399],[-2.902427,38.316245],[-2.902828,38.315962],[-2.903338,38.315602],[-2.903961,38.315163],[-2.904672,38.31466],[-2.911622,38.309755],[-2.912872,38.308827],[-2.913535,38.308298],[-2.916628,38.305528],[-2.921767,38.30098],[-2.9375,38.28711],[-2.938589,38.286069],[-2.939842,38.284675],[-2.940738,38.283513],[-2.941376,38.282809],[-2.942848,38.281433],[-2.944748,38.279763],[-2.946068,38.278609],[-2.94615,38.278537],[-2.946518,38.278199],[-2.946822,38.277866],[-2.947038,38.277527],[-2.947199,38.277179],[-2.9473,38.276749],[-2.94732,38.276417],[-2.947302,38.276206],[-2.947197,38.275781],[-2.947038,38.275383],[-2.946824,38.275057],[-2.946518,38.274703],[-2.944764,38.272868],[-2.944473,38.272542],[-2.944356,38.272378],[-2.944247,38.272158],[-2.944171,38.271972],[-2.944103,38.271718],[-2.944066,38.271405],[-2.944075,38.271229],[-2.944094,38.271056],[-2.94418,38.270733],[-2.944336,38.270409],[-2.944537,38.270128],[-2.944783,38.269873],[-2.944934,38.269749],[-2.945284,38.26952],[-2.945504,38.269409],[-2.945935,38.269253],[-2.946443,38.269124],[-2.95224,38.267822],[-2.952687,38.267684],[-2.952894,38.267602],[-2.953143,38.267484],[-2.953376,38.26734],[-2.953456,38.267288],[-2.95381,38.267018],[-2.953983,38.266852],[-2.954138,38.266667],[-2.954371,38.266315],[-2.954525,38.265964],[-2.954615,38.265531],[-2.954636,38.265338],[-2.954639,38.265021],[-2.954615,38.264829],[-2.954568,38.264634],[-2.954139,38.2635],[-2.954054,38.263224],[-2.95397,38.262729],[-2.953955,38.262436],[-2.953995,38.261944],[-2.954039,38.26171],[-2.954112,38.26145],[-2.954272,38.261036],[-2.954487,38.26064],[-2.954614,38.260452],[-2.954992,38.259998],[-2.955161,38.259828],[-2.955792,38.259289],[-2.95811,38.257379],[-2.958281,38.257254],[-2.95863,38.257041],[-2.958842,38.256938],[-2.959126,38.256827],[-2.959468,38.256718],[-2.960509,38.256469],[-2.961113,38.256258],[-2.961259,38.256188],[-2.961543,38.256014],[-2.961795,38.255816],[-2.962088,38.255522],[-2.962343,38.255103],[-2.96244,38.254844],[-2.962502,38.254552],[-2.962522,38.254255],[-2.962494,38.254],[-2.962429,38.25376],[-2.962009,38.252791],[-2.961884,38.25241],[-2.961843,38.252163],[-2.961841,38.251868],[-2.961873,38.251533],[-2.961894,38.251449],[-2.96195,38.251242],[-2.962148,38.250817],[-2.962272,38.250621],[-2.962468,38.250379],[-2.962817,38.25],[-2.96397,38.248873],[-2.964455,38.24836],[-2.964714,38.24803],[-2.96489,38.247712],[-2.965027,38.247357],[-2.965209,38.246476],[-2.965276,38.246251],[-2.965412,38.245932],[-2.965771,38.245276],[-2.966153,38.244671],[-2.96637,38.244263],[-2.966535,38.243852],[-2.966618,38.243469],[-2.966636,38.24324],[-2.966617,38.242954],[-2.966546,38.242613],[-2.966448,38.242332],[-2.966341,38.242099],[-2.966016,38.241662],[-2.965079,38.240689],[-2.964933,38.240481],[-2.964804,38.240244],[-2.964681,38.239942],[-2.964603,38.239665],[-2.964563,38.239401],[-2.964571,38.239005],[-2.964608,38.238774],[-2.964656,38.238615],[-2.964698,38.238477],[-2.964809,38.238233],[-2.964954,38.237982],[-2.965122,38.237783],[-2.965312,38.237557],[-2.965591,38.2373],[-2.965903,38.2371],[-2.966275,38.236906],[-2.966593,38.236773],[-2.967004,38.236635],[-2.970133,38.235615],[-2.97045,38.23549],[-2.970797,38.235312],[-2.971255,38.23501],[-2.971609,38.234686],[-2.971847,38.234395],[-2.972028,38.234041],[-2.972165,38.233683],[-2.972221,38.233355],[-2.972243,38.2331],[-2.972206,38.232741],[-2.972113,38.23242],[-2.971941,38.231994],[-2.971631,38.23146],[-2.970896,38.230317],[-2.969171,38.227681],[-2.968849,38.227047],[-2.968739,38.226658],[-2.968684,38.226354],[-2.968662,38.22601],[-2.968677,38.225754],[-2.968717,38.225498],[-2.968809,38.225156],[-2.968894,38.224923],[-2.969021,38.224661],[-2.969229,38.224348],[-2.969524,38.223975],[-2.969956,38.223581],[-2.97046,38.2232],[-2.972752,38.221622],[-2.974402,38.220436],[-2.974885,38.219997],[-2.975149,38.219711],[-2.97545,38.219257],[-2.975627,38.218833],[-2.975749,38.21828],[-2.975763,38.218015],[-2.975722,38.217579],[-2.975659,38.21731],[-2.975567,38.217051],[-2.975302,38.216559],[-2.975134,38.216334],[-2.974922,38.216097],[-2.974517,38.21573],[-2.974049,38.215377],[-2.973894,38.21526],[-2.973748,38.215151],[-2.973372,38.214759],[-2.973116,38.214374],[-2.973003,38.214145],[-2.972929,38.213943],[-2.97287,38.213719],[-2.972834,38.213488],[-2.972825,38.21333],[-2.972826,38.21312],[-2.972868,38.212714],[-2.973041,38.211854],[-2.973077,38.211477],[-2.973026,38.211026],[-2.972915,38.210677],[-2.9727,38.210288],[-2.972365,38.209866],[-2.972122,38.209652],[-2.971803,38.209412],[-2.971579,38.209281],[-2.970388,38.208712],[-2.970069,38.208514],[-2.969795,38.208279],[-2.969583,38.208036],[-2.969377,38.207727],[-2.969272,38.207483],[-2.969216,38.207295],[-2.96917,38.206916],[-2.96918,38.206693],[-2.969228,38.206423],[-2.969323,38.206147],[-2.969415,38.205963],[-2.969541,38.205771],[-2.969747,38.205523],[-2.969976,38.205316],[-2.97021,38.205139],[-2.97075,38.204848],[-2.971032,38.204735],[-2.971396,38.204595],[-2.975753,38.203103],[-2.976398,38.202919],[-2.97674,38.20285],[-2.977022,38.202819],[-2.977239,38.202802],[-2.977509,38.202802],[-2.978108,38.202845],[-2.979427,38.203],[-2.979838,38.203031],[-2.980146,38.20304],[-2.980943,38.203006],[-2.981473,38.20293],[-2.981804,38.202857],[-2.982598,38.202629],[-2.982924,38.202497],[-2.983341,38.2023],[-2.983866,38.20199],[-2.984152,38.201792],[-2.984674,38.201324],[-2.985174,38.200768],[-2.98725,38.198146],[-2.988167,38.196937],[-2.988604,38.196329],[-2.988908,38.195762],[-2.989307,38.194829],[-2.989558,38.194108],[-2.989689,38.193507],[-2.98972,38.193263],[-2.989771,38.19272],[-2.989763,38.192316],[-2.989675,38.191404],[-2.989616,38.190934],[-2.98935,38.189848],[-2.988968,38.188728],[-2.988877,38.188255],[-2.988823,38.187789],[-2.988804,38.187195],[-2.988838,38.186783],[-2.988941,38.186274],[-2.989639,38.18423],[-2.98974,38.183696],[-2.989757,38.183296],[-2.989749,38.182902],[-2.989696,38.182484],[-2.98959,38.182],[-2.98874,38.179602],[-2.988541,38.178961],[-2.98844,38.178453],[-2.988412,38.178055],[-2.988442,38.177512],[-2.988506,38.177107],[-2.988623,38.176649],[-2.988806,38.176144],[-2.989025,38.175717],[-2.989351,38.175228],[-2.990326,38.174053],[-2.990654,38.173687],[-2.990921,38.173305],[-2.991221,38.172792],[-2.991345,38.172522],[-2.991629,38.17178],[-2.991735,38.171376],[-2.991805,38.170842],[-2.991893,38.169371],[-2.991962,38.168668],[-2.99205,38.166542],[-2.992173,38.164779],[-2.992254,38.164421],[-2.992706,38.163333],[-2.993071,38.162768],[-2.993211,38.162567],[-2.993658,38.161985],[-2.99396,38.161678],[-2.99442,38.161292],[-2.994865,38.160968],[-2.995768,38.160413],[-3.004241,38.155832],[-3.005372,38.155372],[-3.005832,38.155231],[-3.006418,38.155092],[-3.007045,38.154986],[-3.00774,38.154918],[-3.008492,38.154893],[-3.009171,38.154923],[-3.011013,38.155134],[-3.011598,38.155173],[-3.012092,38.155174],[-3.012562,38.155153],[-3.013328,38.155064],[-3.013683,38.154997],[-3.014176,38.154881],[-3.014547,38.154774],[-3.014938,38.154637],[-3.015635,38.154331],[-3.016118,38.154079],[-3.01665,38.153759],[-3.016987,38.153535],[-3.018233,38.152192],[-3.020377,38.149808],[-3.020797,38.14937],[-3.021133,38.149034],[-3.021973,38.148334],[-3.022298,38.148075],[-3.024967,38.146272],[-3.025575,38.145776],[-3.026093,38.145298],[-3.02728,38.144108],[-3.027636,38.143783],[-3.028015,38.143477],[-3.028629,38.143038],[-3.029198,38.142691],[-3.030008,38.14223],[-3.030366,38.142074],[-3.030993,38.141834],[-3.035505,38.140446],[-3.036655,38.140132],[-3.037534,38.139933],[-3.038175,38.139817],[-3.039139,38.139717],[-3.039805,38.139687],[-3.040637,38.139716],[-3.042395,38.139904],[-3.043017,38.139958],[-3.043865,38.139952],[-3.044972,38.139862],[-3.045908,38.139723],[-3.046308,38.139644],[-3.047063,38.139404],[-3.047532,38.139232],[-3.048133,38.138946],[-3.048765,38.138598],[-3.049464,38.138088],[-3.050478,38.137141],[-3.050818,38.136788],[-3.051286,38.136366],[-3.05163,38.136092],[-3.05207,38.135807],[-3.052481,38.135571],[-3.054062,38.13477],[-3.054634,38.134441],[-3.055778,38.13364],[-3.056533,38.132975],[-3.056914,38.13254],[-3.057379,38.131895],[-3.057662,38.131468],[-3.058178,38.130799],[-3.05863,38.13028],[-3.059063,38.12987],[-3.059716,38.12932],[-3.060338,38.128908],[-3.060813,38.128622],[-3.061171,38.128445],[-3.062185,38.12798],[-3.063376,38.12752],[-3.064579,38.127101],[-3.067625,38.126152],[-3.06863,38.125878],[-3.069805,38.125558],[-3.070539,38.125381],[-3.071308,38.125254],[-3.071896,38.125186],[-3.072499,38.125153],[-3.073439,38.125129],[-3.074375,38.125137],[-3.075115,38.125093],[-3.075932,38.125004],[-3.076763,38.124874],[-3.077628,38.124703],[-3.078866,38.124359],[-3.079499,38.124142],[-3.080075,38.1239],[-3.080668,38.123621],[-3.08151,38.123167],[-3.082751,38.122404],[-3.083312,38.122038],[-3.084044,38.121661],[-3.084931,38.121247],[-3.085577,38.121007],[-3.086102,38.120833],[-3.086849,38.120644],[-3.087437,38.120515],[-3.088202,38.1204],[-3.090964,38.120142],[-3.091926,38.120027],[-3.09254,38.119927],[-3.093351,38.11976],[-3.093613,38.119682],[-3.094787,38.119234],[-3.095613,38.118887],[-3.096229,38.118595],[-3.096927,38.118204],[-3.097533,38.117823],[-3.09885,38.116905],[-3.099362,38.116483],[-3.099702,38.116151],[-3.100124,38.115718],[-3.100376,38.115388],[-3.100809,38.114682],[-3.101153,38.114046],[-3.101695,38.112782],[-3.102095,38.111698],[-3.102488,38.110712],[-3.102722,38.110239],[-3.102918,38.109936],[-3.1034,38.109292],[-3.103971,38.108669],[-3.104922,38.107826],[-3.105607,38.10731],[-3.106211,38.106959],[-3.106729,38.106701],[-3.107228,38.10648],[-3.107709,38.106296],[-3.108304,38.106098],[-3.10888,38.10593],[-3.10943,38.105802],[-3.110678,38.105596],[-3.111314,38.105547],[-3.111886,38.105529],[-3.11232,38.105537],[-3.112916,38.105571],[-3.113441,38.105621],[-3.115241,38.105872],[-3.115762,38.105929],[-3.11631,38.105959],[-3.116947,38.105955],[-3.117865,38.105909],[-3.118311,38.105866],[-3.118884,38.105778],[-3.119896,38.105519],[-3.12093,38.105113],[-3.12305,38.104159],[-3.12511,38.10329],[-3.129444,38.101361],[-3.131542,38.100478],[-3.133492,38.099498],[-3.133836,38.09929],[-3.134521,38.098835],[-3.135683,38.097998],[-3.136251,38.097624],[-3.136711,38.097358],[-3.137365,38.09704],[-3.138152,38.096701],[-3.138641,38.096527],[-3.139869,38.096164],[-3.141385,38.095749],[-3.141895,38.095592],[-3.142746,38.095287],[-3.143189,38.095102],[-3.144743,38.09437],[-3.146005,38.093816],[-3.147232,38.093336],[-3.147735,38.093157],[-3.148424,38.092953],[-3.149205,38.092749],[-3.150244,38.092539],[-3.151208,38.0924],[-3.153341,38.09213],[-3.154919,38.091969],[-3.155552,38.091881],[-3.156249,38.091756],[-3.156585,38.091676],[-3.157738,38.091372],[-3.158175,38.091242],[-3.158626,38.091078],[-3.160115,38.090344],[-3.160601,38.090036],[-3.161197,38.089571],[-3.162599,38.088334],[-3.163852,38.087344],[-3.164812,38.086622],[-3.165786,38.085957],[-3.166274,38.085691],[-3.166716,38.085483],[-3.167105,38.085336],[-3.167757,38.085129],[-3.168367,38.084969],[-3.169064,38.08485],[-3.169688,38.084791],[-3.170316,38.084758],[-3.170929,38.08476],[-3.171406,38.084795],[-3.172781,38.08502],[-3.173442,38.085108],[-3.174049,38.085163],[-3.174781,38.085178],[-3.175541,38.085144],[-3.176048,38.085092],[-3.176557,38.085021],[-3.177766,38.084741],[-3.178176,38.084625],[-3.178683,38.084453],[-3.179156,38.084271],[-3.179629,38.084053],[-3.180408,38.083626],[-3.181445,38.08298],[-3.186968,38.079462],[-3.188077,38.078643],[-3.188873,38.077997],[-3.189582,38.077513],[-3.190217,38.077163],[-3.190933,38.076829],[-3.191674,38.076585],[-3.192091,38.076469],[-3.192929,38.0763],[-3.193291,38.076256],[-3.193747,38.076201],[-3.194642,38.076158],[-3.195663,38.076162],[-3.196397,38.076134],[-3.197212,38.07606],[-3.198159,38.075923],[-3.19892,38.075767],[-3.200145,38.075422],[-3.202906,38.074468],[-3.203461,38.074291],[-3.204367,38.074058],[-3.204866,38.073978],[-3.205455,38.073918],[-3.20608,38.073887],[-3.206561,38.073888],[-3.207019,38.073911],[-3.207596,38.07397],[-3.208013,38.074035],[-3.208478,38.074133],[-3.210121,38.074536],[-3.210892,38.074673],[-3.211699,38.074747],[-3.212364,38.074765],[-3.213232,38.074716],[-3.213958,38.074612],[-3.2144,38.074531],[-3.21484,38.074427],[-3.215366,38.074266],[-3.215932,38.074051],[-3.216371,38.07386],[-3.216963,38.073571],[-3.217529,38.073205],[-3.219973,38.071561],[-3.220334,38.07134],[-3.221725,38.070559],[-3.22386,38.069414],[-3.224147,38.069263],[-3.228483,38.066946],[-3.229239,38.066523],[-3.229826,38.066161],[-3.230287,38.065825],[-3.230943,38.065196],[-3.231352,38.0647],[-3.232337,38.063363],[-3.232709,38.062945],[-3.233126,38.062555],[-3.233583,38.062189],[-3.234196,38.06178],[-3.234718,38.061492],[-3.23551,38.061144],[-3.236039,38.06096],[-3.237203,38.060607],[-3.238458,38.060176],[-3.239131,38.059889],[-3.239587,38.059672],[-3.24037,38.059257],[-3.240743,38.059038],[-3.241346,38.058649],[-3.241859,38.058285],[-3.242443,38.057811],[-3.243127,38.057184],[-3.24372,38.056542],[-3.244276,38.05586],[-3.24473,38.055172],[-3.245053,38.054612],[-3.245391,38.053901],[-3.245811,38.052809],[-3.246549,38.050796],[-3.246833,38.050197],[-3.247197,38.04957],[-3.247487,38.049153],[-3.247824,38.048731],[-3.248637,38.047818],[-3.24917,38.047276],[-3.250017,38.046523],[-3.250417,38.046195],[-3.251501,38.045391],[-3.25217,38.044951],[-3.253142,38.044367],[-3.253903,38.043952],[-3.255005,38.043425],[-3.255979,38.043029],[-3.257775,38.042421],[-3.25881,38.042126],[-3.260249,38.041813],[-3.261255,38.041656],[-3.262101,38.041547],[-3.263159,38.041441],[-3.2643,38.041385],[-3.266206,38.041411],[-3.267417,38.041491],[-3.268418,38.041619],[-3.26943,38.041776],[-3.27204,38.042299],[-3.273545,38.042628],[-3.275149,38.043004],[-3.276886,38.043431],[-3.279032,38.043993],[-3.283496,38.045289],[-3.286172,38.046153],[-3.286968,38.046406],[-3.288141,38.046817],[-3.291733,38.048133],[-3.295322,38.049576],[-3.296746,38.050064],[-3.297202,38.050191],[-3.298627,38.050468],[-3.299455,38.050556],[-3.299852,38.050584],[-3.300497,38.050604],[-3.301236,38.050589],[-3.301983,38.050546],[-3.30254,38.050502],[-3.303622,38.05031],[-3.304069,38.050202],[-3.304855,38.049975],[-3.305334,38.04981],[-3.305794,38.049619],[-3.306545,38.049292],[-3.307177,38.048981],[-3.308088,38.048449],[-3.309265,38.047482],[-3.310771,38.046107],[-3.312214,38.04501],[-3.313683,38.044133],[-3.313924,38.044015],[-3.31416,38.0439],[-3.317619,38.042418],[-3.31924,38.041601],[-3.320986,38.040604],[-3.322746,38.039278],[-3.323809,38.038321],[-3.324923,38.037184],[-3.326278,38.035971],[-3.327087,38.035339],[-3.327851,38.034799],[-3.32897,38.034087],[-3.329492,38.033763],[-3.330709,38.033116],[-3.332118,38.032507],[-3.33289,38.032211],[-3.333782,38.031895],[-3.335784,38.031391],[-3.336909,38.031171],[-3.337974,38.030963],[-3.338685,38.03086],[-3.339278,38.030803],[-3.340339,38.030737],[-3.340977,38.030725],[-3.351206,38.03101],[-3.357315,38.031214],[-3.358583,38.031239],[-3.359815,38.031237],[-3.361073,38.031211],[-3.362414,38.031121],[-3.363577,38.030995],[-3.364822,38.03085],[-3.366022,38.030655],[-3.366852,38.030505],[-3.367879,38.030283],[-3.36809,38.030236],[-3.369648,38.029884],[-3.37024,38.029729],[-3.372132,38.029179],[-3.373041,38.028885],[-3.375084,38.028113],[-3.381742,38.025448],[-3.385495,38.023929],[-3.385796,38.023809],[-3.390358,38.02195],[-3.391646,38.021524],[-3.392985,38.021115],[-3.399523,38.019458],[-3.400399,38.019274],[-3.401348,38.019122],[-3.40234,38.019037],[-3.403115,38.018993],[-3.403761,38.018981],[-3.404578,38.018998],[-3.405408,38.019057],[-3.406361,38.019157],[-3.407443,38.019359],[-3.410866,38.020248],[-3.415594,38.021517],[-3.416331,38.021687],[-3.416709,38.021789],[-3.417028,38.021856],[-3.418803,38.022176],[-3.419845,38.022402],[-3.420237,38.022506],[-3.420287,38.022548],[-3.420358,38.02267],[-3.420392,38.02279],[-3.420444,38.022842],[-3.420554,38.022892],[-3.420659,38.0229],[-3.420791,38.022863],[-3.420867,38.0228],[-3.420903,38.022735],[-3.42091,38.022665],[-3.420895,38.02261],[-3.420841,38.022538],[-3.420723,38.022477],[-3.420617,38.022311],[-3.420597,38.021634],[-3.420612,38.021521],[-3.420647,38.021432],[-3.420737,38.021309],[-3.420873,38.021222],[-3.420951,38.021098],[-3.420954,38.020943],[-3.420917,38.020863],[-3.420844,38.020784],[-3.420818,38.0207],[-3.420818,38.020618],[-3.420866,38.020478],[-3.421058,38.020175],[-3.421536,38.019619],[-3.422768,38.018299],[-3.423164,38.017924],[-3.423844,38.017409],[-3.425004,38.016658],[-3.425695,38.016167],[-3.425912,38.015982],[-3.426317,38.015567],[-3.42656,38.015267],[-3.426821,38.014861],[-3.427163,38.014127],[-3.427354,38.013435],[-3.427432,38.013304],[-3.427582,38.013154],[-3.427721,38.013096],[-3.427848,38.012975],[-3.427891,38.012877],[-3.427899,38.012799],[-3.427865,38.012672],[-3.427872,38.012409],[-3.427898,38.012308],[-3.428069,38.012005],[-3.428343,38.011442],[-3.428468,38.011092],[-3.428564,38.010704],[-3.428624,38.010323],[-3.429096,38.006102],[-3.429217,38.005474],[-3.429379,38.004875],[-3.429581,38.004277],[-3.430142,38.003199],[-3.430508,38.002664],[-3.431367,38.001696],[-3.432306,38.000873],[-3.433192,38.000214],[-3.433794,37.999861],[-3.434709,37.999412],[-3.435143,37.999228],[-3.436507,37.998776],[-3.437444,37.998553],[-3.437927,37.998463],[-3.438454,37.998389],[-3.442991,37.997897],[-3.44372,37.997803],[-3.444362,37.997696],[-3.445473,37.997403],[-3.445938,37.997236],[-3.446484,37.997012],[-3.446971,37.996782],[-3.447529,37.996463],[-3.450543,37.994535],[-3.453459,37.992599],[-3.454629,37.991857],[-3.456258,37.990862],[-3.457904,37.989944],[-3.465531,37.985878],[-3.467601,37.984833],[-3.468789,37.984379],[-3.470119,37.984037],[-3.470736,37.983935],[-3.471466,37.983873],[-3.472376,37.98384],[-3.476272,37.983816],[-3.477129,37.983814],[-3.48705,37.983811],[-3.488206,37.983808],[-3.489177,37.983788],[-3.489844,37.983742],[-3.490684,37.983628],[-3.491403,37.983474],[-3.492013,37.98331],[-3.492474,37.983154],[-3.493051,37.982919],[-3.493663,37.982647],[-3.494186,37.98235],[-3.494705,37.98202],[-3.495467,37.981449],[-3.495903,37.98102],[-3.496348,37.980544],[-3.496819,37.979894],[-3.497325,37.97902],[-3.497682,37.978349],[-3.498286,37.977534],[-3.498983,37.976807],[-3.499597,37.976287],[-3.500348,37.975783],[-3.501195,37.975325],[-3.502079,37.974961],[-3.502924,37.974695],[-3.503863,37.974474],[-3.505349,37.974174],[-3.506414,37.973868],[-3.507307,37.973508],[-3.50819,37.973046],[-3.508898,37.972616],[-3.509454,37.972182],[-3.510061,37.971637],[-3.510632,37.971033],[-3.511063,37.970439],[-3.511445,37.969826],[-3.511698,37.96929],[-3.511921,37.968716],[-3.512136,37.967962],[-3.513254,37.963398],[-3.513531,37.962697],[-3.513847,37.962034],[-3.514238,37.961344],[-3.514639,37.960815],[-3.515243,37.960103],[-3.51604,37.959362],[-3.517882,37.95804],[-3.520589,37.956133],[-3.522318,37.954898],[-3.524745,37.95321],[-3.525355,37.952815],[-3.526483,37.952251],[-3.527396,37.951907],[-3.528128,37.951677],[-3.528752,37.951513],[-3.529609,37.951352],[-3.530322,37.95124],[-3.532229,37.950949],[-3.533378,37.950669],[-3.534205,37.950399],[-3.534888,37.950131],[-3.535586,37.949819],[-3.536258,37.949447],[-3.536744,37.949161],[-3.537294,37.948777],[-3.537799,37.948384],[-3.538435,37.947801],[-3.538961,37.947238],[-3.53956,37.946479],[-3.539632,37.946363],[-3.539733,37.946197],[-3.539959,37.945829],[-3.540369,37.945],[-3.540634,37.944285],[-3.541229,37.942462],[-3.541601,37.941571],[-3.541676,37.941422],[-3.541931,37.940908],[-3.542427,37.940111],[-3.543185,37.939056],[-3.544495,37.93739],[-3.54496,37.936676],[-3.545367,37.93586],[-3.54564,37.935087],[-3.546056,37.933615],[-3.546376,37.932683],[-3.546828,37.931797],[-3.546995,37.931515],[-3.547403,37.930906],[-3.547829,37.930384],[-3.548347,37.929867],[-3.549014,37.929157],[-3.549454,37.928651],[-3.549882,37.928117],[-3.550264,37.927477],[-3.550747,37.926536],[-3.550947,37.926033],[-3.55109,37.92562],[-3.551359,37.924134],[-3.551577,37.923142],[-3.551777,37.922515],[-3.552227,37.921547],[-3.552536,37.921027],[-3.552846,37.920577],[-3.553068,37.920302],[-3.553201,37.920138],[-3.555249,37.917771],[-3.559008,37.913376],[-3.559677,37.912661],[-3.560337,37.912035],[-3.561144,37.911459],[-3.569271,37.906374],[-3.570541,37.905569],[-3.57156,37.904998],[-3.572569,37.904553],[-3.573915,37.903996],[-3.575147,37.903438],[-3.575778,37.903082],[-3.576317,37.902732],[-3.576797,37.902351],[-3.577528,37.901681],[-3.578076,37.901045],[-3.578613,37.900223],[-3.579835,37.89828],[-3.580654,37.897038],[-3.580885,37.896745],[-3.581543,37.896025],[-3.583191,37.894397],[-3.584226,37.893337],[-3.58499,37.892382],[-3.590405,37.884685],[-3.594541,37.878427],[-3.59634,37.87586],[-3.598068,37.873408],[-3.598461,37.872849],[-3.598694,37.872561],[-3.599825,37.870907],[-3.600276,37.870295],[-3.60232,37.867367],[-3.603265,37.866236],[-3.604553,37.865113],[-3.605866,37.86399],[-3.606782,37.863052],[-3.607509,37.861956],[-3.608128,37.860383],[-3.60851,37.858994],[-3.608835,37.857386],[-3.608903,37.856285],[-3.609023,37.851989],[-3.609087,37.85132],[-3.609157,37.850914],[-3.609419,37.849928],[-3.610445,37.847182],[-3.610594,37.846747],[-3.610673,37.846454],[-3.610769,37.845987],[-3.610824,37.845531],[-3.610842,37.844868],[-3.610793,37.844309],[-3.610687,37.843758],[-3.610483,37.843041],[-3.608865,37.839337],[-3.606085,37.833169],[-3.605567,37.831962],[-3.605246,37.830791],[-3.605204,37.830295],[-3.605205,37.829727],[-3.605444,37.826806],[-3.605475,37.825429],[-3.605359,37.824673],[-3.605234,37.824196],[-3.604958,37.823433],[-3.604059,37.821534],[-3.603494,37.820263],[-3.603194,37.8192],[-3.60316,37.81877],[-3.603146,37.818045],[-3.603263,37.817132],[-3.603553,37.816234],[-3.603982,37.815301],[-3.604606,37.814428],[-3.604963,37.81399],[-3.605388,37.813547],[-3.606452,37.812771],[-3.607019,37.812448],[-3.607662,37.812128],[-3.60896,37.811623],[-3.609766,37.811406],[-3.610165,37.811325],[-3.610579,37.811271],[-3.61205,37.811157],[-3.615387,37.811233],[-3.616399,37.811185],[-3.617522,37.811063],[-3.618336,37.810922],[-3.619172,37.81074],[-3.619859,37.810558],[-3.620492,37.810355],[-3.621275,37.810079],[-3.622203,37.809698],[-3.623262,37.809165],[-3.625173,37.808066],[-3.626257,37.807525],[-3.62704,37.807197],[-3.627843,37.806901],[-3.628305,37.806756],[-3.628845,37.806608],[-3.629577,37.806441],[-3.630143,37.806333],[-3.630704,37.806249],[-3.631268,37.806179],[-3.631842,37.806129],[-3.632996,37.806089],[-3.63414,37.806128],[-3.634609,37.806169],[-3.636953,37.806351],[-3.637438,37.806354],[-3.637964,37.806335],[-3.638924,37.806262],[-3.639413,37.806195],[-3.640273,37.806035],[-3.641529,37.805722],[-3.642967,37.805393],[-3.644043,37.805236],[-3.644933,37.805177],[-3.646195,37.805189],[-3.646973,37.80524],[-3.647932,37.80538],[-3.648304,37.805454],[-3.64879,37.805552],[-3.649859,37.805867],[-3.657609,37.808763],[-3.661098,37.810064],[-3.662063,37.810259],[-3.662948,37.810412],[-3.663833,37.810471],[-3.665163,37.810437],[-3.666003,37.810347],[-3.666805,37.810166],[-3.668243,37.809716],[-3.669049,37.809377],[-3.670067,37.808809],[-3.671703,37.807664],[-3.673061,37.806943],[-3.67382,37.806621],[-3.674578,37.80636],[-3.675833,37.806016],[-3.678853,37.805469],[-3.67998,37.805151],[-3.680908,37.804829],[-3.682626,37.80405],[-3.683599,37.803654],[-3.684545,37.80334],[-3.685216,37.803157],[-3.685882,37.803016],[-3.687139,37.80279],[-3.689363,37.802541],[-3.690629,37.802292],[-3.692658,37.801639],[-3.693417,37.801428],[-3.693933,37.801316],[-3.694491,37.801222],[-3.695046,37.801148],[-3.695527,37.80111],[-3.69649,37.801079],[-3.696872,37.801087],[-3.69771,37.801147],[-3.698413,37.801235],[-3.698963,37.801329],[-3.699762,37.801515],[-3.700589,37.801734],[-3.701379,37.801912],[-3.70213,37.802032],[-3.702984,37.802116],[-3.704874,37.802228],[-3.705767,37.802352],[-3.706976,37.80264],[-3.709027,37.803327],[-3.709362,37.803425],[-3.709758,37.803522],[-3.710792,37.803697],[-3.711861,37.803785],[-3.712637,37.803785],[-3.713203,37.803751],[-3.713637,37.803706],[-3.713935,37.803715],[-3.714619,37.803602],[-3.715963,37.803268],[-3.716163,37.80323],[-3.716405,37.803206],[-3.716607,37.803213],[-3.716892,37.803275],[-3.717198,37.80339],[-3.717506,37.803528],[-3.71758,37.803535],[-3.717815,37.803573],[-3.718039,37.803538],[-3.718213,37.80346],[-3.718342,37.803346],[-3.718418,37.803199],[-3.718432,37.803035],[-3.718396,37.80291],[-3.718276,37.802676],[-3.717987,37.802048],[-3.717903,37.801865],[-3.717884,37.801694],[-3.717902,37.801567],[-3.717946,37.801467],[-3.717934,37.801396],[-3.717875,37.801322],[-3.717856,37.801194],[-3.717871,37.801093],[-3.717973,37.800959],[-3.718132,37.80082],[-3.718865,37.80032],[-3.719096,37.80011],[-3.719354,37.799801],[-3.719588,37.799389],[-3.719734,37.799243],[-3.719811,37.799211],[-3.719836,37.799183],[-3.71985,37.79915],[-3.719837,37.799082],[-3.719827,37.798976],[-3.719861,37.798859],[-3.720108,37.798512],[-3.720194,37.798424],[-3.720771,37.79792],[-3.721162,37.797644],[-3.721311,37.797557],[-3.721651,37.797386],[-3.721873,37.797293],[-3.723112,37.796832],[-3.723396,37.796695],[-3.723721,37.796504],[-3.723912,37.796383],[-3.724169,37.796191],[-3.724421,37.795952],[-3.724559,37.795791],[-3.724841,37.795408],[-3.725965,37.793447],[-3.726302,37.792804],[-3.726396,37.79256],[-3.726491,37.792153],[-3.726521,37.79164],[-3.726457,37.789958],[-3.726499,37.789513],[-3.726575,37.789182],[-3.726659,37.788927],[-3.726818,37.788535],[-3.728326,37.784851],[-3.728465,37.784512],[-3.728618,37.784174],[-3.728868,37.783753],[-3.729095,37.783475],[-3.729314,37.783246],[-3.729577,37.783022],[-3.730507,37.78235],[-3.730943,37.781959],[-3.731105,37.781781],[-3.731249,37.781585],[-3.731498,37.781171],[-3.731615,37.780908],[-3.73204,37.77972],[-3.732196,37.779423],[-3.732453,37.779058],[-3.732785,37.778745],[-3.733014,37.778565],[-3.733265,37.778409],[-3.733505,37.778286],[-3.733769,37.778181],[-3.734045,37.778077],[-3.734457,37.777959],[-3.73455,37.777906],[-3.734814,37.777804],[-3.734867,37.777775],[-3.734878,37.77775],[-3.734854,37.777652],[-3.734759,37.777582],[-3.73442,37.77757],[-3.73423,37.777549],[-3.733136,37.777401],[-3.731552,37.777032],[-3.728926,37.77636],[-3.726301,37.775633],[-3.72451,37.775145],[-3.723202,37.774788],[-3.721823,37.774388],[-3.721336,37.774247],[-3.71882,37.773478],[-3.716657,37.772973],[-3.71664,37.772897],[-3.71657,37.77286],[-3.716496,37.772867],[-3.716449,37.772898],[-3.716431,37.772935],[-3.715187,37.772548],[-3.713943,37.7721],[-3.712397,37.771509],[-3.711458,37.771131],[-3.710531,37.770781],[-3.710339,37.770709],[-3.709723,37.770522],[-3.70894,37.770337],[-3.707224,37.76996],[-3.706885,37.769886],[-3.705613,37.769613],[-3.705049,37.769494],[-3.704445,37.769367],[-3.703864,37.76927],[-3.701913,37.769031],[-3.701646,37.768999],[-3.701338,37.76894],[-3.700895,37.768827],[-3.700725,37.768768],[-3.70032,37.768628],[-3.699843,37.768414],[-3.699484,37.768201],[-3.69914,37.76795],[-3.698618,37.767503],[-3.697198,37.76616],[-3.696996,37.765969],[-3.696374,37.765381],[-3.693572,37.762682],[-3.692278,37.761466],[-3.691444,37.760669],[-3.690424,37.759693],[-3.689714,37.759188],[-3.688457,37.758489],[-3.686903,37.757584],[-3.68646,37.757293],[-3.68605,37.756961],[-3.685504,37.75643],[-3.685411,37.75632],[-3.685091,37.755944],[-3.68476,37.755445],[-3.684436,37.754879],[-3.683901,37.754],[-3.683754,37.753823],[-3.683516,37.753538],[-3.682916,37.752924],[-3.679245,37.749385],[-3.678941,37.749038],[-3.678751,37.748769],[-3.678577,37.748469],[-3.67846,37.748222],[-3.678358,37.747919],[-3.678253,37.747373],[-3.678245,37.746945],[-3.678286,37.746585],[-3.678428,37.745946],[-3.679534,37.741995],[-3.679722,37.741348],[-3.679801,37.741134],[-3.679917,37.740915],[-3.680075,37.740685],[-3.680998,37.73959],[-3.681502,37.738878],[-3.682103,37.737822],[-3.682431,37.737436],[-3.683103,37.736944],[-3.683377,37.736645],[-3.683515,37.736296],[-3.68354,37.735608],[-3.683574,37.735238],[-3.683658,37.734322],[-3.683839,37.732838],[-3.683835,37.732537],[-3.683725,37.732168],[-3.683544,37.731858],[-3.681106,37.728256],[-3.680441,37.727412],[-3.680241,37.727198],[-3.680057,37.727033],[-3.679683,37.726753],[-3.678559,37.726115],[-3.678467,37.726041],[-3.67837,37.725861],[-3.678336,37.725735],[-3.678375,37.725494],[-3.678395,37.725471],[-3.678638,37.725335],[-3.678857,37.725206],[-3.678967,37.725163],[-3.679613,37.724885],[-3.67969,37.724851],[-3.679838,37.724808],[-3.680016,37.724735],[-3.680086,37.724685],[-3.680134,37.724676],[-3.680209,37.724628],[-3.680237,37.724556],[-3.68023,37.724518],[-3.680173,37.724452],[-3.680127,37.724432],[-3.680077,37.724425],[-3.679979,37.724447],[-3.679916,37.724511],[-3.679715,37.724517],[-3.679618,37.724491],[-3.679459,37.724393],[-3.67856,37.723371],[-3.677727,37.722357],[-3.677523,37.722153],[-3.676378,37.720425],[-3.675788,37.719567],[-3.67558,37.719291],[-3.675382,37.71907],[-3.675187,37.718864],[-3.674822,37.718533],[-3.674294,37.718126],[-3.67394,37.71791],[-3.673475,37.717652],[-3.67271,37.717319],[-3.671939,37.717081],[-3.671226,37.71691],[-3.670344,37.716806],[-3.666148,37.716535],[-3.665187,37.716496],[-3.664281,37.716497],[-3.663275,37.716548],[-3.662336,37.716652],[-3.660927,37.71691],[-3.659563,37.717283],[-3.658812,37.717543],[-3.657057,37.718281],[-3.656135,37.718626],[-3.655452,37.718806],[-3.654668,37.718923],[-3.654032,37.718971],[-3.653316,37.718975],[-3.652603,37.718909],[-3.652152,37.718834],[-3.651555,37.718693],[-3.650903,37.718496],[-3.650073,37.718125],[-3.649654,37.717893],[-3.649219,37.717624],[-3.648665,37.717157],[-3.647489,37.71595],[-3.646223,37.714719],[-3.644894,37.713578],[-3.643822,37.712743],[-3.642293,37.711666],[-3.64173,37.711235],[-3.641098,37.710713],[-3.640443,37.710067],[-3.63991,37.709469],[-3.639238,37.708595],[-3.638662,37.707616],[-3.636735,37.704127],[-3.636603,37.703889],[-3.636343,37.70342],[-3.635888,37.70258],[-3.635276,37.701423],[-3.635068,37.700983],[-3.634875,37.700536],[-3.634646,37.699938],[-3.634302,37.698897],[-3.633987,37.697974],[-3.633809,37.697538],[-3.633554,37.697015],[-3.633313,37.69658],[-3.632785,37.69578],[-3.632547,37.695427],[-3.632293,37.695004],[-3.63214,37.694715],[-3.631883,37.694117],[-3.631622,37.693192],[-3.631448,37.692255],[-3.63121,37.691232],[-3.630797,37.690211],[-3.630482,37.689608],[-3.630301,37.689262],[-3.630025,37.688719],[-3.629906,37.688423],[-3.62974,37.687815],[-3.629679,37.687185],[-3.629666,37.686282],[-3.629581,37.685675],[-3.629493,37.685369],[-3.629373,37.68507],[-3.629224,37.684774],[-3.629041,37.684472],[-3.62885,37.684202],[-3.628257,37.683468],[-3.627876,37.682911],[-3.627676,37.682553],[-3.627626,37.682463],[-3.62745,37.682137],[-3.626991,37.681236],[-3.6264,37.680015],[-3.625628,37.678266],[-3.625158,37.67708],[-3.624649,37.675696],[-3.624613,37.675594],[-3.624333,37.674849],[-3.624044,37.674277],[-3.62368,37.673749],[-3.623227,37.673234],[-3.622734,37.672781],[-3.621766,37.67199],[-3.621506,37.671758],[-3.621263,37.671515],[-3.621038,37.671257],[-3.620836,37.671002],[-3.620626,37.670692],[-3.620456,37.670404],[-3.620313,37.670112],[-3.618118,37.665075],[-3.617971,37.664763],[-3.617817,37.664492],[-3.617646,37.664228],[-3.617312,37.663831],[-3.61692,37.663445],[-3.616619,37.663197],[-3.616315,37.662991],[-3.616018,37.662809],[-3.615732,37.66266],[-3.6154,37.662487],[-3.614921,37.662203],[-3.614372,37.661797],[-3.613878,37.661347],[-3.612847,37.660256],[-3.612337,37.659815],[-3.61206,37.659606],[-3.61177,37.659415],[-3.611466,37.659234],[-3.611141,37.659065],[-3.610811,37.658909],[-3.610477,37.658776],[-3.610131,37.658648],[-3.608378,37.65808],[-3.607695,37.657827],[-3.607365,37.657668],[-3.607061,37.657496],[-3.606771,37.657303],[-3.606499,37.657099],[-3.606248,37.656869],[-3.606015,37.656631],[-3.605816,37.656383],[-3.605633,37.65612],[-3.605472,37.655839],[-3.605267,37.655354],[-3.605214,37.655185],[-3.605133,37.654787],[-3.605104,37.654438],[-3.60511,37.654139],[-3.605145,37.653836],[-3.605288,37.653244],[-3.606463,37.649588],[-3.606708,37.648708],[-3.606941,37.647597],[-3.607081,37.646492],[-3.607158,37.645446],[-3.607181,37.644556],[-3.607167,37.643667],[-3.607073,37.642351],[-3.607057,37.642227],[-3.606912,37.641055],[-3.606801,37.640457],[-3.606576,37.639569],[-3.606358,37.638886],[-3.606069,37.63806],[-3.605898,37.63755],[-3.605771,37.636979],[-3.605717,37.636382],[-3.605656,37.635222],[-3.605548,37.634621],[-3.605464,37.634321],[-3.605236,37.633749],[-3.605091,37.633464],[-3.604933,37.633194],[-3.604408,37.632384],[-3.604087,37.63183],[-3.603866,37.631321],[-3.603751,37.630975],[-3.603683,37.630682],[-3.60363,37.630377],[-3.603583,37.629787],[-3.603269,37.622225],[-3.603209,37.621605],[-3.603143,37.621275],[-3.603056,37.620953],[-3.602937,37.620637],[-3.602798,37.620333],[-3.60249,37.619808],[-3.602113,37.61932],[-3.601178,37.618299],[-3.600966,37.618021],[-3.600779,37.617724],[-3.60063,37.617426],[-3.600513,37.617112],[-3.600425,37.616795],[-3.60035,37.616277],[-3.600345,37.615968],[-3.600374,37.615666],[-3.600468,37.615244],[-3.600548,37.61499],[-3.600794,37.614426],[-3.602088,37.61177],[-3.602336,37.611192],[-3.60243,37.610899],[-3.602498,37.610603],[-3.60256,37.609998],[-3.602558,37.609896],[-3.602543,37.609548],[-3.60243,37.608947],[-3.602339,37.608655],[-3.602218,37.608361],[-3.60208,37.608081],[-3.60146,37.606977],[-3.601186,37.606406],[-3.600905,37.605611],[-3.600838,37.605396],[-3.600781,37.605205],[-3.60059,37.604569],[-3.60047,37.604142],[-3.600376,37.603725],[-3.600308,37.603113],[-3.600314,37.602819],[-3.600345,37.602516],[-3.6004,37.602222],[-3.600481,37.601915],[-3.600709,37.601345],[-3.601881,37.598926],[-3.601968,37.598752],[-3.602404,37.59782],[-3.602434,37.597751],[-3.602613,37.597221],[-3.602681,37.596925],[-3.602759,37.596324],[-3.602762,37.596022],[-3.602743,37.595564],[-3.602453,37.592574],[-3.602424,37.592006],[-3.602408,37.590809],[-3.602433,37.589777],[-3.602427,37.589164],[-3.602402,37.58872],[-3.602276,37.587814],[-3.602027,37.586628],[-3.601985,37.586328],[-3.601968,37.586024],[-3.602015,37.585433],[-3.602081,37.585132],[-3.602177,37.584842],[-3.602296,37.584553],[-3.602626,37.584008],[-3.602826,37.583756],[-3.60329,37.583289],[-3.603555,37.583067],[-3.604646,37.582233],[-3.605135,37.581769],[-3.605351,37.581521],[-3.60572,37.580992],[-3.605866,37.580718],[-3.606075,37.580209],[-3.606093,37.580145],[-3.606177,37.579846],[-3.60623,37.579558],[-3.60627,37.579004],[-3.606325,37.5779],[-3.606443,37.577304],[-3.606663,37.57673],[-3.606811,37.576447],[-3.606981,37.576176],[-3.607385,37.575671],[-3.60762,37.575432],[-3.608401,37.574773],[-3.608811,37.574468],[-3.609536,37.573986],[-3.609995,37.573713],[-3.610463,37.573461],[-3.610945,37.573226],[-3.611441,37.573],[-3.61216,37.572719],[-3.613844,37.572087],[-3.614171,37.57193],[-3.614786,37.571574],[-3.615346,37.571147],[-3.615596,37.570926],[-3.616379,37.570094],[-3.61689,37.569629],[-3.617157,37.569427],[-3.617445,37.569236],[-3.618828,37.56843],[-3.619272,37.568147],[-3.619701,37.56785],[-3.620506,37.5672],[-3.620924,37.566811],[-3.621147,37.566591],[-3.621405,37.566337],[-3.621903,37.565785],[-3.624028,37.563629],[-3.624478,37.563155],[-3.624796,37.562781],[-3.625079,37.562394],[-3.625323,37.56199],[-3.625553,37.56147],[-3.625703,37.561024],[-3.625789,37.560644],[-3.625816,37.56043],[-3.625859,37.559788],[-3.625866,37.55876],[-3.625897,37.558325],[-3.626015,37.557711],[-3.626061,37.557561],[-3.626332,37.556892],[-3.626555,37.556486],[-3.626823,37.556096],[-3.627125,37.55573],[-3.628168,37.554675],[-3.628483,37.554319],[-3.628957,37.553664],[-3.629188,37.553278],[-3.629595,37.55258],[-3.629864,37.552171],[-3.630174,37.551754],[-3.63047,37.551404],[-3.630842,37.551015],[-3.631227,37.550656],[-3.632716,37.549448],[-3.633065,37.549128],[-3.633401,37.548774],[-3.633713,37.548405],[-3.633989,37.548017],[-3.634234,37.547623],[-3.634445,37.547207],[-3.634626,37.546781],[-3.634771,37.546352],[-3.634874,37.54593],[-3.634944,37.545466],[-3.634981,37.545033],[-3.634982,37.54459],[-3.634903,37.543473],[-3.634928,37.542664],[-3.634995,37.542216],[-3.635137,37.541629],[-3.635271,37.541217],[-3.635701,37.540062],[-3.635832,37.539635],[-3.63593,37.539194],[-3.635991,37.538754],[-3.63602,37.538167],[-3.635977,37.536662],[-3.635971,37.535331],[-3.635988,37.534747],[-3.636051,37.533547],[-3.636122,37.532696],[-3.636163,37.532264],[-3.636172,37.532172],[-3.636264,37.531467],[-3.636369,37.53088],[-3.636697,37.529218],[-3.636793,37.528613],[-3.636877,37.52799],[-3.637154,37.525521],[-3.638009,37.517778],[-3.638046,37.51736],[-3.638051,37.516752],[-3.638018,37.516422],[-3.637903,37.515809],[-3.637741,37.515313],[-3.637539,37.514853],[-3.636752,37.513402],[-3.636471,37.512937],[-3.635817,37.511951],[-3.635015,37.510832],[-3.632995,37.508331],[-3.632208,37.507276],[-3.631837,37.506746],[-3.631463,37.506209],[-3.630758,37.505131],[-3.630093,37.504048],[-3.6237,37.493174],[-3.623367,37.492623],[-3.623102,37.492221],[-3.622811,37.491841],[-3.6225,37.491458],[-3.622255,37.491193],[-3.621776,37.49074],[-3.621221,37.490317],[-3.620925,37.490121],[-3.620615,37.489943],[-3.61996,37.489624],[-3.619617,37.489487],[-3.618904,37.489257],[-3.618179,37.489095],[-3.617808,37.489035],[-3.617034,37.488965],[-3.616467,37.488949],[-3.615888,37.488961],[-3.615314,37.488999],[-3.612694,37.489281],[-3.611717,37.48934],[-3.611147,37.489337],[-3.610575,37.489307],[-3.609996,37.489245],[-3.609373,37.489145],[-3.608939,37.48905],[-3.608349,37.488895],[-3.607826,37.488725],[-3.607432,37.488571],[-3.606811,37.488305],[-3.606333,37.488057],[-3.605256,37.48738],[-3.604638,37.487041],[-3.604029,37.48673],[-3.603681,37.486591],[-3.603317,37.486462],[-3.602595,37.486261],[-3.601854,37.486125],[-3.601108,37.486059],[-3.600345,37.486058],[-3.599569,37.48612],[-3.599208,37.486175],[-3.598464,37.486341],[-3.598097,37.486447],[-3.59758,37.486628],[-3.597077,37.486843],[-3.590946,37.489633],[-3.590432,37.489863],[-3.589935,37.490065],[-3.589415,37.490242],[-3.588867,37.490399],[-3.588315,37.490525],[-3.587753,37.490622],[-3.587185,37.490694],[-3.586621,37.49073],[-3.586053,37.490743],[-3.585483,37.490726],[-3.584913,37.490679],[-3.584349,37.490602],[-3.583796,37.490498],[-3.583242,37.49036],[-3.582702,37.490198],[-3.582183,37.490015],[-3.581675,37.489803],[-3.581196,37.489564],[-3.580728,37.4893],[-3.58029,37.489015],[-3.579862,37.488703],[-3.579462,37.488386],[-3.577987,37.487186],[-3.57716,37.486572],[-3.576272,37.485991],[-3.574424,37.484912],[-3.573975,37.484629],[-3.573545,37.484331],[-3.573134,37.484018],[-3.572743,37.483686],[-3.572364,37.483334],[-3.572027,37.482979],[-3.571702,37.482602],[-3.571125,37.481812],[-3.570657,37.48099],[-3.570463,37.480559],[-3.570291,37.480122],[-3.570153,37.479681],[-3.57004,37.47924],[-3.569959,37.478792],[-3.569907,37.478329],[-3.569882,37.477875],[-3.569885,37.477419],[-3.569914,37.476958],[-3.569981,37.476507],[-3.57007,37.476057],[-3.570312,37.475169],[-3.57079,37.473604],[-3.571104,37.472505],[-3.571215,37.471893],[-3.571241,37.471592],[-3.571232,37.471095],[-3.571201,37.470821],[-3.571082,37.470224],[-3.570908,37.469695],[-3.570819,37.469491],[-3.570519,37.468927],[-3.570133,37.468384],[-3.569929,37.468143],[-3.569693,37.467894],[-3.569447,37.467663],[-3.569182,37.467444],[-3.568903,37.467234],[-3.568305,37.466854],[-3.567497,37.466436],[-3.56584,37.465663],[-3.565378,37.465414],[-3.564922,37.465122],[-3.564509,37.464808],[-3.564261,37.464592],[-3.563787,37.464114],[-3.563483,37.463722],[-3.563225,37.463316],[-3.563008,37.4629],[-3.562831,37.462467],[-3.562714,37.46202],[-3.562641,37.461569],[-3.562616,37.46111],[-3.562637,37.460657],[-3.562699,37.460202],[-3.563207,37.457803],[-3.563282,37.457346],[-3.563385,37.456446],[-3.563407,37.455989],[-3.563387,37.455067],[-3.56335,37.454613],[-3.56329,37.454155],[-3.563208,37.453711],[-3.562989,37.45282],[-3.56285,37.452372],[-3.562503,37.451472],[-3.562316,37.451072],[-3.562102,37.450648],[-3.561625,37.44981],[-3.559974,37.447255],[-3.559724,37.446838],[-3.559507,37.44642],[-3.559311,37.445989],[-3.559152,37.44555],[-3.559028,37.445111],[-3.558927,37.444664],[-3.55886,37.444207],[-3.558828,37.443747],[-3.558826,37.443294],[-3.5589,37.442537],[-3.558957,37.442237],[-3.559108,37.441637],[-3.559312,37.441056],[-3.559576,37.440481],[-3.559724,37.4402],[-3.560066,37.439655],[-3.560462,37.439133],[-3.560674,37.438881],[-3.561019,37.438513],[-3.56273,37.436872],[-3.563187,37.436374],[-3.563564,37.435849],[-3.56373,37.435568],[-3.564002,37.434992],[-3.564102,37.434699],[-3.564246,37.434105],[-3.564287,37.433802],[-3.564303,37.433501],[-3.564301,37.433197],[-3.564234,37.432579],[-3.56408,37.431982],[-3.563841,37.431391],[-3.563533,37.430832],[-3.563164,37.430297],[-3.562859,37.429921],[-3.562512,37.429539],[-3.561782,37.428836],[-3.5614,37.428504],[-3.560993,37.428172],[-3.558955,37.426589],[-3.55802,37.425833],[-3.557258,37.42515],[-3.556563,37.424428],[-3.556253,37.424046],[-3.555974,37.423645],[-3.55573,37.423236],[-3.555522,37.422812],[-3.555353,37.422373],[-3.555221,37.421934],[-3.555133,37.421482],[-3.555086,37.421021],[-3.55508,37.420575],[-3.555119,37.420118],[-3.555169,37.419811],[-3.555322,37.41921],[-3.555545,37.418628],[-3.555841,37.418067],[-3.556205,37.417525],[-3.556628,37.417026],[-3.557106,37.416557],[-3.557379,37.416332],[-3.557656,37.416119],[-3.558249,37.415736],[-3.558564,37.415558],[-3.559217,37.415236],[-3.560784,37.414587],[-3.561245,37.414377],[-3.561672,37.414158],[-3.562184,37.413847],[-3.562594,37.413545],[-3.562978,37.41321],[-3.563224,37.412969],[-3.563549,37.412591],[-3.563843,37.412186],[-3.564118,37.411702],[-3.564379,37.411066],[-3.564472,37.410762],[-3.564582,37.410132],[-3.564603,37.40941],[-3.564551,37.408338],[-3.564562,37.407877],[-3.564622,37.407436],[-3.564719,37.406998],[-3.564824,37.406691],[-3.565013,37.406261],[-3.565223,37.40587],[-3.565419,37.405571],[-3.565611,37.405317],[-3.565932,37.404951],[-3.56685,37.403992],[-3.56799,37.402766],[-3.56863,37.402008],[-3.569332,37.401082],[-3.572109,37.397272],[-3.572717,37.396503],[-3.573359,37.395747],[-3.573695,37.395382],[-3.574415,37.394669],[-3.574798,37.394332],[-3.575608,37.393681],[-3.576448,37.393074],[-3.577359,37.392509],[-3.577821,37.392246],[-3.578298,37.391993],[-3.5796,37.391355],[-3.581061,37.390642],[-3.581374,37.390465],[-3.581672,37.390271],[-3.581956,37.390066],[-3.582478,37.38962],[-3.582716,37.389379],[-3.583139,37.388875],[-3.583324,37.388602],[-3.58363,37.388048],[-3.583863,37.387463],[-3.583953,37.387176],[-3.584297,37.38552],[-3.584429,37.385075],[-3.584593,37.384641],[-3.584724,37.384356],[-3.585043,37.383804],[-3.58532,37.38341],[-3.585638,37.383024],[-3.585966,37.382662],[-3.587296,37.381359],[-3.592669,37.37622],[-3.594027,37.374944],[-3.594916,37.374145],[-3.596072,37.373139],[-3.597132,37.372259],[-3.598888,37.370873],[-3.601416,37.369025],[-3.603143,37.367812],[-3.60355,37.367496],[-3.604318,37.36682],[-3.604675,37.36646],[-3.605326,37.365708],[-3.606072,37.36465],[-3.606698,37.363711],[-3.607208,37.363003],[-3.607746,37.362421],[-3.608097,37.362082],[-3.609608,37.360707],[-3.610329,37.359999],[-3.610666,37.359632],[-3.611297,37.358878],[-3.61187,37.358076],[-3.612372,37.357245],[-3.612872,37.356256],[-3.613991,37.353665],[-3.614423,37.352818],[-3.614932,37.352007],[-3.616731,37.349494],[-3.616992,37.349083],[-3.617773,37.347698],[-3.621223,37.341362],[-3.621555,37.340816],[-3.621835,37.340415],[-3.622145,37.340029],[-3.622708,37.339411],[-3.623209,37.338948],[-3.623745,37.338515],[-3.624169,37.338206],[-3.625047,37.337614],[-3.630472,37.333984],[-3.631024,37.333561],[-3.63153,37.333102],[-3.631981,37.332604],[-3.632169,37.332343],[-3.63235,37.332071],[-3.632647,37.331496],[-3.632761,37.331214],[-3.632944,37.330623],[-3.633062,37.330013],[-3.633183,37.329139],[-3.633436,37.326965],[-3.633524,37.326523],[-3.633601,37.326222],[-3.633819,37.325637],[-3.634128,37.325078],[-3.634537,37.324514],[-3.634723,37.324308],[-3.635214,37.323841],[-3.635484,37.32362],[-3.635761,37.323421],[-3.636371,37.323054],[-3.636695,37.322889],[-3.637692,37.322429],[-3.63916,37.321742],[-3.640309,37.321212],[-3.641174,37.320803],[-3.641913,37.320384],[-3.642488,37.319986],[-3.64302,37.319543],[-3.643354,37.319209],[-3.643808,37.31868],[-3.644089,37.318283],[-3.644346,37.31788],[-3.644928,37.316914],[-3.645609,37.31583],[-3.646015,37.315317],[-3.646245,37.315073],[-3.646761,37.314621],[-3.647033,37.314416],[-3.648765,37.313217],[-3.649299,37.312776],[-3.649765,37.312298],[-3.649971,37.312045],[-3.650372,37.311486],[-3.6506,37.311146],[-3.651263,37.310177],[-3.651431,37.309956],[-3.651798,37.309548],[-3.652282,37.309079],[-3.652829,37.308649],[-3.653116,37.308454],[-3.653734,37.308076],[-3.65526,37.307183],[-3.655995,37.306702],[-3.656405,37.306391],[-3.656984,37.305878],[-3.657352,37.305483],[-3.657642,37.305138],[-3.657911,37.304776],[-3.65832,37.304107],[-3.65854,37.303646],[-3.658724,37.303169],[-3.658914,37.302419],[-3.658992,37.301732],[-3.659012,37.301226],[-3.658987,37.300743],[-3.658941,37.300343],[-3.658822,37.299692],[-3.658701,37.299295],[-3.658546,37.29891],[-3.658279,37.298324],[-3.657154,37.296009],[-3.656856,37.295226],[-3.656713,37.294622],[-3.656661,37.294004],[-3.656657,37.29344],[-3.656765,37.29271],[-3.657124,37.291688],[-3.658251,37.289207],[-3.658526,37.288333],[-3.658641,37.287078],[-3.65845,37.285911],[-3.65775,37.283225],[-3.657714,37.282599],[-3.657723,37.282234],[-3.657764,37.281876],[-3.657893,37.281246],[-3.658466,37.279252],[-3.658615,37.27874],[-3.658718,37.278265],[-3.658836,37.277408],[-3.658866,37.276648],[-3.658789,37.275474],[-3.658711,37.274766],[-3.65862,37.27444],[-3.658424,37.273127],[-3.658281,37.272006],[-3.658261,37.271581],[-3.658259,37.271157],[-3.658296,37.270617],[-3.658353,37.270229],[-3.658433,37.269818],[-3.658624,37.269125],[-3.659155,37.267492],[-3.659375,37.266729],[-3.659565,37.265803],[-3.659642,37.265275],[-3.659686,37.26462],[-3.659697,37.26355],[-3.659642,37.262697],[-3.65959,37.262187],[-3.658723,37.256094],[-3.658493,37.254534],[-3.658396,37.254009],[-3.658266,37.253487],[-3.658133,37.253044],[-3.657936,37.25248],[-3.657607,37.251699],[-3.657174,37.250841],[-3.656597,37.249761],[-3.655937,37.24854],[-3.655885,37.248441],[-3.655862,37.248385],[-3.655102,37.246951],[-3.654275,37.245363],[-3.653429,37.243819],[-3.653136,37.24328],[-3.652633,37.242436],[-3.652078,37.241636],[-3.651862,37.241351],[-3.651575,37.240988],[-3.650989,37.240315],[-3.650231,37.239529],[-3.649976,37.239268],[-3.649546,37.238886],[-3.649032,37.238455],[-3.64838,37.237967],[-3.647697,37.237488],[-3.646585,37.236783],[-3.646488,37.236725],[-3.644665,37.235618],[-3.644035,37.235226],[-3.643442,37.234831],[-3.643075,37.234565],[-3.642692,37.234261],[-3.642128,37.233775],[-3.641648,37.233304],[-3.641215,37.232816],[-3.640746,37.232239],[-3.63968,37.230803],[-3.639146,37.230119],[-3.638529,37.229444],[-3.638295,37.229217],[-3.63684,37.227956],[-3.636285,37.22743],[-3.635678,37.226733],[-3.634605,37.225288],[-3.634364,37.225018],[-3.634095,37.224757],[-3.633835,37.224543],[-3.633536,37.224326],[-3.631529,37.223064],[-3.63124,37.222844],[-3.630965,37.222604],[-3.630683,37.222302],[-3.629984,37.221424],[-3.629394,37.220677],[-3.629107,37.220391],[-3.62873,37.22008],[-3.628494,37.219916],[-3.628036,37.219633],[-3.62767,37.219432],[-3.627295,37.219255],[-3.626631,37.218944],[-3.626259,37.218748],[-3.625943,37.218546],[-3.625721,37.218368],[-3.625486,37.218158],[-3.625305,37.217958],[-3.625124,37.21772],[-3.624861,37.21724],[-3.624739,37.216868],[-3.624661,37.216488],[-3.624528,37.214447],[-3.624438,37.213791],[-3.624336,37.213328],[-3.624134,37.212538],[-3.623639,37.210786],[-3.623545,37.210385],[-3.623474,37.209955],[-3.623465,37.209531],[-3.623516,37.209051],[-3.623594,37.208752],[-3.623694,37.208473],[-3.623845,37.208146],[-3.624087,37.20774],[-3.624264,37.207495],[-3.62446,37.207259],[-3.626273,37.205205],[-3.626443,37.205008],[-3.626506,37.204938],[-3.626648,37.204775],[-3.626792,37.204612],[-3.626887,37.204503],[-3.626982,37.204395],[-3.62727,37.204068],[-3.628009,37.203221],[-3.628495,37.202636],[-3.62922,37.201665],[-3.629491,37.201275],[-3.629973,37.200523],[-3.630506,37.199601],[-3.630683,37.19924],[-3.630788,37.199026],[-3.630872,37.198866],[-3.631294,37.197936],[-3.631662,37.197049],[-3.631921,37.196314],[-3.632107,37.195711],[-3.632661,37.193679],[-3.633232,37.191635],[-3.633503,37.190555],[-3.633544,37.19016],[-3.633546,37.18995],[-3.633525,37.189509],[-3.633462,37.189077],[-3.63329,37.188475],[-3.633196,37.188203],[-3.633061,37.187916],[-3.632778,37.187414],[-3.632631,37.187189],[-3.632279,37.186742],[-3.632001,37.186457],[-3.631644,37.18613],[-3.631266,37.185831],[-3.630858,37.185563],[-3.630369,37.185288],[-3.629734,37.184976],[-3.62761,37.18399],[-3.626761,37.183592],[-3.625054,37.182808],[-3.623988,37.182317],[-3.621165,37.181005],[-3.619551,37.180229],[-3.618852,37.179871],[-3.617878,37.179302],[-3.616636,37.178489],[-3.616525,37.178325],[-3.61528,37.177209],[-3.614563,37.176529],[-3.614488,37.176401],[-3.614512,37.176332],[-3.614498,37.17622],[-3.614447,37.176143],[-3.614348,37.176075],[-3.614241,37.176046],[-3.614179,37.176043],[-3.614071,37.176062],[-3.613625,37.17633],[-3.613387,37.176479],[-3.61329,37.176549],[-3.613241,37.176618],[-3.613222,37.176707],[-3.613231,37.176767],[-3.612982,37.176874],[-3.611859,37.177322],[-3.611808,37.177355],[-3.611716,37.177414],[-3.611342,37.177559],[-3.61058,37.177853],[-3.610492,37.177887],[-3.61025,37.177981],[-3.610148,37.17802],[-3.60978,37.178161],[-3.60943,37.178315],[-3.609235,37.178466],[-3.608949,37.178698],[-3.608685,37.178909],[-3.608646,37.178939],[-3.608635,37.178949],[-3.607372,37.179967],[-3.607243,37.180079],[-3.606662,37.180563],[-3.606525,37.180613],[-3.605925,37.181062],[-3.60582,37.181149],[-3.605798,37.181214],[-3.605785,37.181228],[-3.605686,37.181207],[-3.604857,37.18076],[-3.603304,37.179922],[-3.60306,37.17979],[-3.602977,37.179889],[-3.602345,37.179551],[-3.602207,37.179445],[-3.601918,37.179143],[-3.60189,37.179112],[-3.601457,37.179408],[-3.601074,37.179673],[-3.60068,37.179938],[-3.600521,37.179946],[-3.600487,37.179946],[-3.599809,37.179923],[-3.599308,37.179007],[-3.599115,37.178658],[-3.598942,37.178344],[-3.598739,37.177975],[-3.59872,37.177943],[-3.598445,37.17744],[-3.598513,37.177379],[-3.598616,37.177316]]}},{"type":"Feature","properties":{"routeId":"route-006","originId":"granada","destinationId":"seville","logicalEndpoints":[[-3.5986,37.1773],[-5.9845,37.3891]],"returnedEndpoints":[[-3.598616,37.177316],[-5.984501,37.3891]],"snapDistancesMeters":[2.2748007312364793,0.08834784422083432],"summary":{"distanceMeters":250275.6,"durationSeconds":13706.9},"riskSnaps":[{"riskId":"rest-deadline-vehicle-006","kind":"segment","startIndex":1485,"endIndex":1486,"startCoordinate":[-5.16336,37.233503],"endCoordinate":[-5.164375,37.233287]},{"riskId":"restriction-height-3.9","kind":"point","startIndex":990,"endIndex":990,"startCoordinate":[-4.600903,37.071418],"endCoordinate":[-4.600903,37.071418]}]},"geometry":{"type":"LineString","coordinates":[[-3.598616,37.177316],[-3.598866,37.177163],[-3.599341,37.177528],[-3.599002,37.177765],[-3.598827,37.177893],[-3.59872,37.177943],[-3.598445,37.17744],[-3.598221,37.177032],[-3.597987,37.176603],[-3.597922,37.176484],[-3.597598,37.17589],[-3.597535,37.175806],[-3.598082,37.17549],[-3.598439,37.17517],[-3.599024,37.174313],[-3.599473,37.173659],[-3.599672,37.173445],[-3.599847,37.173437],[-3.59996,37.173397],[-3.600124,37.173289],[-3.600366,37.173137],[-3.601785,37.172359],[-3.602582,37.171929],[-3.602612,37.171913],[-3.603179,37.1716],[-3.60335,37.171508],[-3.603458,37.171452],[-3.604098,37.171116],[-3.605001,37.170626],[-3.605342,37.170442],[-3.605643,37.17028],[-3.605714,37.170263],[-3.605831,37.170226],[-3.605909,37.170185],[-3.606077,37.170054],[-3.606415,37.169877],[-3.607032,37.169545],[-3.607123,37.169528],[-3.607597,37.169107],[-3.608619,37.168192],[-3.60874,37.168091],[-3.608927,37.168034],[-3.609188,37.167995],[-3.609311,37.167991],[-3.609451,37.167986],[-3.609705,37.167977],[-3.609796,37.168042],[-3.609844,37.168113],[-3.609911,37.168556],[-3.610104,37.169537],[-3.610374,37.170348],[-3.610474,37.170485],[-3.61078,37.171374],[-3.61113,37.172203],[-3.61131,37.172577],[-3.611399,37.17275],[-3.611911,37.173665],[-3.612078,37.173918],[-3.612739,37.174863],[-3.613061,37.175289],[-3.613613,37.175957],[-3.614457,37.176846],[-3.614963,37.177312],[-3.615648,37.177899],[-3.616322,37.178431],[-3.61667,37.178694],[-3.617229,37.179089],[-3.617738,37.179416],[-3.618647,37.179945],[-3.619999,37.180631],[-3.621174,37.181174],[-3.621382,37.181253],[-3.623902,37.182437],[-3.62497,37.182929],[-3.626995,37.18387],[-3.628938,37.184762],[-3.630208,37.185367],[-3.630683,37.185633],[-3.631136,37.185924],[-3.631626,37.186323],[-3.631908,37.186579],[-3.632137,37.186829],[-3.632458,37.18724],[-3.632732,37.187651],[-3.633018,37.188228],[-3.633213,37.188802],[-3.633328,37.189295],[-3.633355,37.189512],[-3.633368,37.18994],[-3.633367,37.190145],[-3.633321,37.19053],[-3.633284,37.190739],[-3.633228,37.190998],[-3.632704,37.19297],[-3.632621,37.19313],[-3.632465,37.193703],[-3.632235,37.194447],[-3.632012,37.195014],[-3.631751,37.195623],[-3.631669,37.195783],[-3.631506,37.196024],[-3.631481,37.196038],[-3.631378,37.196121],[-3.631289,37.196278],[-3.631278,37.196388],[-3.631313,37.196516],[-3.631348,37.196572],[-3.631424,37.196652],[-3.631559,37.196731],[-3.631726,37.196773],[-3.631834,37.196773],[-3.63198,37.196748],[-3.63213,37.196676],[-3.632141,37.196669],[-3.632402,37.196715],[-3.632628,37.196772],[-3.632785,37.196866],[-3.632927,37.196921],[-3.633887,37.197224],[-3.634522,37.197419],[-3.634898,37.19753],[-3.63546,37.197694],[-3.636202,37.197898],[-3.636586,37.197985],[-3.637075,37.198075],[-3.63741,37.198105],[-3.637505,37.198106],[-3.638275,37.198103],[-3.638515,37.198094],[-3.638715,37.198073],[-3.638759,37.198012],[-3.638767,37.197973],[-3.639726,37.197952],[-3.640156,37.197966],[-3.640574,37.197997],[-3.641875,37.198149],[-3.642934,37.198259],[-3.643779,37.198302],[-3.644614,37.198295],[-3.645098,37.19825],[-3.645482,37.1982],[-3.646236,37.198029],[-3.646916,37.197813],[-3.64751,37.197567],[-3.648089,37.197264],[-3.648352,37.197088],[-3.648474,37.197002],[-3.648608,37.196901],[-3.648815,37.19674],[-3.649028,37.196576],[-3.652375,37.193991],[-3.653179,37.193408],[-3.653556,37.193164],[-3.653863,37.192985],[-3.654273,37.192773],[-3.65463,37.192609],[-3.655023,37.192456],[-3.655472,37.192305],[-3.655865,37.192192],[-3.656282,37.192085],[-3.656891,37.191957],[-3.657676,37.191832],[-3.658573,37.191746],[-3.659865,37.191705],[-3.660539,37.191694],[-3.661575,37.191653],[-3.663029,37.191562],[-3.663499,37.19156],[-3.663945,37.19158],[-3.665131,37.191752],[-3.667574,37.192198],[-3.668034,37.192269],[-3.66855,37.192332],[-3.669218,37.192375],[-3.669524,37.192378],[-3.671748,37.192397],[-3.680803,37.192484],[-3.682304,37.192498],[-3.684207,37.192506],[-3.686501,37.192525],[-3.686707,37.192542],[-3.689585,37.192563],[-3.689832,37.19255],[-3.690459,37.192557],[-3.691344,37.192594],[-3.693087,37.192714],[-3.697935,37.193086],[-3.698946,37.193154],[-3.699312,37.193176],[-3.700168,37.193159],[-3.701248,37.193089],[-3.702869,37.192983],[-3.703325,37.192949],[-3.704461,37.192829],[-3.706943,37.192561],[-3.707674,37.192506],[-3.708291,37.19248],[-3.70946,37.19245],[-3.71908,37.192614],[-3.721327,37.192625],[-3.721935,37.192593],[-3.722465,37.192546],[-3.722982,37.192482],[-3.724094,37.192283],[-3.724382,37.192218],[-3.726113,37.191747],[-3.728185,37.191159],[-3.729815,37.190708],[-3.730336,37.190573],[-3.730861,37.190457],[-3.731929,37.190282],[-3.732513,37.190204],[-3.733182,37.190149],[-3.733585,37.190133],[-3.734148,37.190118],[-3.734938,37.190125],[-3.735404,37.190168],[-3.735846,37.190252],[-3.736227,37.190361],[-3.736636,37.190531],[-3.737058,37.190767],[-3.73779,37.19122],[-3.738388,37.191574],[-3.738599,37.191679],[-3.738837,37.191773],[-3.739082,37.191838],[-3.739371,37.191869],[-3.739684,37.191862],[-3.739956,37.191818],[-3.740312,37.191696],[-3.741112,37.191298],[-3.741714,37.191055],[-3.742046,37.190958],[-3.742464,37.190894],[-3.74291,37.190871],[-3.743121,37.190858],[-3.743684,37.190903],[-3.744024,37.190887],[-3.747338,37.191227],[-3.748936,37.191402],[-3.750439,37.191565],[-3.750583,37.191582],[-3.754179,37.191952],[-3.755291,37.191986],[-3.756403,37.191948],[-3.756845,37.191909],[-3.757037,37.191889],[-3.757748,37.191813],[-3.760283,37.191492],[-3.761018,37.191413],[-3.763561,37.191249],[-3.764116,37.191184],[-3.764649,37.191084],[-3.765903,37.190796],[-3.766446,37.190709],[-3.767,37.19067],[-3.767702,37.19067],[-3.771606,37.190768],[-3.772337,37.190757],[-3.773075,37.19071],[-3.773757,37.190646],[-3.774359,37.190593],[-3.774916,37.190573],[-3.775459,37.19059],[-3.775957,37.190646],[-3.777048,37.190807],[-3.777599,37.190873],[-3.77804,37.190898],[-3.778176,37.1909],[-3.778519,37.190902],[-3.780535,37.190845],[-3.781154,37.190834],[-3.781668,37.190847],[-3.782183,37.190904],[-3.782732,37.191005],[-3.784989,37.191564],[-3.786037,37.191813],[-3.786781,37.191971],[-3.799183,37.194052],[-3.800659,37.194282],[-3.801375,37.194377],[-3.803204,37.194525],[-3.803345,37.194536],[-3.804674,37.194643],[-3.806677,37.194851],[-3.808689,37.195002],[-3.812461,37.195236],[-3.814512,37.195313],[-3.815417,37.195274],[-3.816244,37.195178],[-3.816973,37.195037],[-3.817312,37.19496],[-3.818303,37.19467],[-3.818938,37.194425],[-3.820198,37.193818],[-3.824008,37.191846],[-3.824217,37.191739],[-3.827556,37.190016],[-3.828184,37.189714],[-3.828641,37.189515],[-3.82873,37.18948],[-3.829181,37.18932],[-3.829694,37.189171],[-3.830224,37.189063],[-3.830767,37.188999],[-3.831134,37.188988],[-3.83169,37.189011],[-3.832226,37.189076],[-3.832759,37.189191],[-3.83328,37.189356],[-3.833828,37.189581],[-3.833962,37.189633],[-3.835028,37.190227],[-3.837933,37.192053],[-3.838081,37.192144],[-3.839359,37.192941],[-3.839816,37.193204],[-3.840304,37.193458],[-3.84122,37.193862],[-3.841733,37.194031],[-3.84227,37.194167],[-3.842807,37.194264],[-3.843358,37.194327],[-3.843911,37.194353],[-3.844459,37.19435],[-3.845571,37.194275],[-3.847214,37.194106],[-3.847761,37.194073],[-3.848311,37.194063],[-3.849236,37.194099],[-3.849639,37.194121],[-3.850163,37.194148],[-3.853472,37.194331],[-3.854175,37.194347],[-3.854278,37.194349],[-3.857524,37.194344],[-3.858049,37.194365],[-3.858605,37.194417],[-3.859118,37.194506],[-3.859662,37.194634],[-3.862081,37.195323],[-3.862618,37.195453],[-3.863161,37.195548],[-3.863702,37.195613],[-3.864218,37.195636],[-3.864652,37.195637],[-3.86496,37.19562],[-3.865723,37.195532],[-3.866216,37.195435],[-3.866927,37.195247],[-3.867307,37.195123],[-3.867968,37.194821],[-3.868265,37.19467],[-3.868308,37.194644],[-3.868392,37.194593],[-3.868692,37.194415],[-3.86929,37.194009],[-3.869897,37.193585],[-3.871214,37.192621],[-3.872519,37.191733],[-3.873342,37.191265],[-3.882057,37.187306],[-3.892361,37.182626],[-3.89287,37.18241],[-3.893367,37.182222],[-3.893891,37.18205],[-3.89441,37.181907],[-3.895493,37.181641],[-3.896021,37.181489],[-3.896543,37.181309],[-3.897039,37.181097],[-3.898435,37.180442],[-3.900994,37.179225],[-3.901367,37.17909],[-3.90145,37.179059],[-3.90183,37.178932],[-3.90235,37.178796],[-3.902912,37.178689],[-3.903463,37.178625],[-3.904028,37.178594],[-3.904594,37.178594],[-3.908455,37.178763],[-3.909641,37.178854],[-3.910815,37.178974],[-3.911882,37.179117],[-3.919279,37.180247],[-3.921504,37.180583],[-3.92225,37.180682],[-3.923001,37.180766],[-3.924501,37.180881],[-3.926104,37.180936],[-3.92676,37.180934],[-3.931303,37.180819],[-3.934094,37.180741],[-3.934646,37.180707],[-3.935208,37.180644],[-3.937232,37.180363],[-3.940627,37.179897],[-3.941182,37.17986],[-3.941748,37.179855],[-3.942124,37.179874],[-3.942688,37.17993],[-3.943248,37.180027],[-3.943759,37.18015],[-3.944383,37.180332],[-3.948422,37.181659],[-3.948523,37.181692],[-3.956553,37.184311],[-3.957234,37.184566],[-3.957732,37.184779],[-3.961041,37.186349],[-3.962115,37.186818],[-3.962674,37.187026],[-3.96318,37.187192],[-3.964247,37.187475],[-3.965868,37.187849],[-3.966393,37.18799],[-3.966907,37.188156],[-3.970623,37.189528],[-3.974712,37.191092],[-3.977618,37.19214],[-3.978213,37.192313],[-3.979475,37.192575],[-3.987508,37.193774],[-3.988665,37.193898],[-3.989242,37.193929],[-3.989841,37.19394],[-3.990455,37.19392],[-3.99107,37.193875],[-3.991679,37.193812],[-3.994787,37.193341],[-3.996993,37.193007],[-3.997552,37.192956],[-3.998109,37.192932],[-3.998872,37.192941],[-4.000579,37.193007],[-4.000717,37.193011],[-4.000831,37.193015],[-4.002134,37.193068],[-4.002825,37.193095],[-4.003355,37.193132],[-4.004159,37.193237],[-4.004766,37.193372],[-4.005335,37.193549],[-4.006189,37.193896],[-4.008212,37.1948],[-4.008708,37.195006],[-4.009259,37.195193],[-4.009832,37.195343],[-4.010362,37.195449],[-4.010925,37.195523],[-4.011497,37.195556],[-4.012051,37.195562],[-4.017073,37.195321],[-4.017839,37.195262],[-4.018399,37.195199],[-4.018973,37.195115],[-4.019535,37.195012],[-4.020081,37.19488],[-4.020606,37.194725],[-4.021288,37.194475],[-4.021782,37.194267],[-4.022259,37.194028],[-4.022702,37.193776],[-4.023137,37.193492],[-4.023695,37.193099],[-4.024129,37.19276],[-4.026909,37.190391],[-4.02699,37.190321],[-4.028947,37.18864],[-4.033403,37.184828],[-4.034254,37.184172],[-4.034713,37.183868],[-4.03518,37.183588],[-4.035672,37.183332],[-4.036191,37.1831],[-4.036719,37.182897],[-4.037271,37.182721],[-4.037838,37.182571],[-4.038399,37.182453],[-4.039009,37.182356],[-4.039614,37.182279],[-4.052403,37.181074],[-4.057846,37.180563],[-4.058617,37.180519],[-4.059376,37.180495],[-4.061244,37.180459],[-4.068442,37.180316],[-4.069188,37.180316],[-4.069944,37.180345],[-4.070696,37.180404],[-4.071434,37.180482],[-4.072175,37.180589],[-4.074584,37.180996],[-4.075153,37.181075],[-4.075704,37.181129],[-4.07611,37.181133],[-4.076865,37.181079],[-4.077239,37.181016],[-4.077589,37.180935],[-4.077958,37.180832],[-4.078297,37.180708],[-4.078641,37.180558],[-4.078941,37.180403],[-4.079259,37.180208],[-4.079548,37.180008],[-4.079793,37.179811],[-4.080056,37.179568],[-4.080479,37.179069],[-4.08066,37.178798],[-4.080809,37.178528],[-4.080945,37.17823],[-4.081049,37.177933],[-4.081927,37.175055],[-4.082441,37.173361],[-4.082617,37.172904],[-4.082743,37.172643],[-4.083036,37.172172],[-4.083366,37.171769],[-4.083965,37.171118],[-4.085762,37.169153],[-4.085855,37.16905],[-4.086583,37.168256],[-4.086962,37.167874],[-4.087245,37.167621],[-4.087541,37.167384],[-4.087849,37.167171],[-4.08816,37.166986],[-4.088479,37.166826],[-4.088818,37.166684],[-4.08917,37.166565],[-4.089531,37.166463],[-4.089909,37.166385],[-4.0903,37.166325],[-4.090892,37.166262],[-4.091665,37.166213],[-4.093572,37.166117],[-4.095073,37.166036],[-4.095808,37.165981],[-4.096382,37.165917],[-4.096925,37.165834],[-4.0975,37.165723],[-4.098091,37.165578],[-4.098674,37.16541],[-4.099237,37.165218],[-4.099795,37.164998],[-4.100354,37.164749],[-4.102783,37.163502],[-4.103472,37.163157],[-4.104012,37.162917],[-4.104554,37.162705],[-4.105139,37.162514],[-4.105694,37.162367],[-4.106286,37.162249],[-4.106817,37.162175],[-4.107373,37.162117],[-4.107929,37.162088],[-4.110936,37.162088],[-4.111482,37.162116],[-4.111861,37.162169],[-4.112223,37.162243],[-4.11505,37.162959],[-4.115602,37.163087],[-4.116155,37.163188],[-4.11671,37.163258],[-4.117348,37.163294],[-4.117918,37.163282],[-4.118478,37.163233],[-4.118962,37.163171],[-4.119583,37.163055],[-4.123258,37.162274],[-4.123395,37.162244],[-4.123571,37.162206],[-4.126254,37.16163],[-4.12679,37.161491],[-4.127305,37.161336],[-4.127802,37.161143],[-4.128303,37.160921],[-4.129697,37.160186],[-4.130177,37.15995],[-4.130682,37.159733],[-4.131197,37.159566],[-4.131724,37.159441],[-4.132283,37.159363],[-4.132825,37.159337],[-4.133366,37.159357],[-4.133958,37.159436],[-4.134491,37.159552],[-4.135025,37.1597],[-4.13675,37.160288],[-4.137793,37.160581],[-4.13835,37.160697],[-4.138864,37.160762],[-4.139419,37.160793],[-4.139978,37.160784],[-4.140573,37.160724],[-4.141116,37.160628],[-4.141649,37.160503],[-4.142166,37.160353],[-4.143901,37.159788],[-4.144432,37.159643],[-4.144968,37.159528],[-4.145509,37.159454],[-4.146082,37.15942],[-4.146643,37.159441],[-4.147204,37.159499],[-4.147738,37.159607],[-4.148281,37.159743],[-4.149852,37.160239],[-4.150376,37.160387],[-4.150918,37.160514],[-4.151464,37.160614],[-4.153431,37.160889],[-4.153987,37.160989],[-4.154523,37.16111],[-4.155062,37.161261],[-4.155625,37.161465],[-4.156121,37.161675],[-4.156606,37.161915],[-4.157071,37.162177],[-4.158697,37.163163],[-4.159322,37.16351],[-4.159787,37.163744],[-4.160293,37.163967],[-4.160804,37.164163],[-4.161331,37.164335],[-4.16187,37.164481],[-4.162425,37.164598],[-4.162977,37.164689],[-4.163534,37.164752],[-4.164098,37.164792],[-4.165004,37.164834],[-4.166176,37.164862],[-4.167689,37.164939],[-4.168431,37.165024],[-4.169166,37.165136],[-4.169893,37.165288],[-4.17056,37.165448],[-4.172407,37.165969],[-4.173121,37.166168],[-4.173838,37.166348],[-4.174567,37.166509],[-4.175302,37.166637],[-4.175873,37.166705],[-4.176375,37.166747],[-4.176787,37.166762],[-4.177375,37.166758],[-4.177947,37.166726],[-4.178514,37.166667],[-4.179077,37.166577],[-4.17962,37.16646],[-4.180155,37.166317],[-4.180679,37.166147],[-4.181198,37.165951],[-4.181692,37.165741],[-4.182188,37.1655],[-4.183277,37.1649],[-4.184723,37.164029],[-4.185552,37.163539],[-4.186173,37.163211],[-4.186832,37.162911],[-4.187501,37.162645],[-4.188323,37.162386],[-4.188416,37.16236],[-4.188551,37.162319],[-4.18927,37.162145],[-4.193794,37.161129],[-4.194715,37.160883],[-4.194996,37.160787],[-4.1954,37.160648],[-4.195888,37.160447],[-4.196378,37.160208],[-4.198188,37.159111],[-4.198828,37.158796],[-4.199503,37.158545],[-4.200434,37.158296],[-4.201217,37.158123],[-4.201627,37.158028],[-4.202164,37.157879],[-4.203544,37.157406],[-4.203914,37.157298],[-4.204253,37.157214],[-4.204629,37.157148],[-4.205004,37.157109],[-4.205386,37.157099],[-4.205757,37.157118],[-4.206341,37.157206],[-4.206613,37.157264],[-4.207393,37.157498],[-4.208914,37.158067],[-4.209616,37.158338],[-4.21121,37.158914],[-4.212074,37.159147],[-4.212699,37.159245],[-4.213367,37.159306],[-4.214042,37.159296],[-4.214651,37.159239],[-4.21557,37.159074],[-4.215957,37.158961],[-4.216451,37.158769],[-4.217013,37.158522],[-4.217469,37.158247],[-4.218141,37.157797],[-4.219097,37.157197],[-4.219898,37.156825],[-4.220942,37.156439],[-4.222316,37.155954],[-4.2231,37.155604],[-4.223879,37.155167],[-4.224393,37.154777],[-4.22487,37.154347],[-4.225172,37.154027],[-4.225775,37.153147],[-4.225899,37.152872],[-4.226113,37.152123],[-4.226136,37.15203],[-4.226286,37.151335],[-4.226373,37.151035],[-4.22651,37.150755],[-4.226664,37.150477],[-4.226842,37.150217],[-4.227066,37.149964],[-4.227327,37.149722],[-4.227589,37.149518],[-4.227882,37.149325],[-4.228197,37.149161],[-4.228541,37.149014],[-4.228892,37.148905],[-4.22926,37.148817],[-4.229637,37.148756],[-4.230723,37.148632],[-4.231101,37.148564],[-4.231811,37.148365],[-4.232148,37.148234],[-4.232468,37.14808],[-4.232777,37.147904],[-4.233062,37.147707],[-4.233337,37.147487],[-4.234086,37.14682],[-4.234347,37.146609],[-4.23464,37.146401],[-4.235243,37.146059],[-4.235571,37.145915],[-4.236076,37.145738],[-4.236803,37.145569],[-4.237173,37.145517],[-4.237931,37.14548],[-4.238666,37.14553],[-4.240143,37.145781],[-4.24052,37.145829],[-4.240904,37.145853],[-4.241653,37.145851],[-4.243343,37.145669],[-4.243718,37.145647],[-4.244106,37.145642],[-4.244468,37.145659],[-4.244849,37.145697],[-4.245218,37.145751],[-4.245584,37.145825],[-4.247036,37.14617],[-4.24779,37.14632],[-4.248344,37.146411],[-4.248905,37.146484],[-4.249464,37.146542],[-4.249994,37.146571],[-4.25011,37.146577],[-4.250963,37.146588],[-4.251532,37.146575],[-4.252664,37.14649],[-4.253234,37.146422],[-4.254125,37.146253],[-4.255235,37.145993],[-4.255764,37.145841],[-4.256292,37.145666],[-4.257323,37.145269],[-4.259352,37.144374],[-4.259879,37.144177],[-4.26042,37.143998],[-4.260962,37.143848],[-4.26153,37.143716],[-4.262598,37.143525],[-4.264439,37.143228],[-4.264994,37.143118],[-4.266076,37.142853],[-4.267132,37.142536],[-4.267644,37.142359],[-4.270184,37.141385],[-4.271209,37.14102],[-4.272424,37.140617],[-4.273375,37.140337],[-4.275241,37.139784],[-4.275944,37.139553],[-4.276626,37.139301],[-4.277295,37.139028],[-4.278575,37.138415],[-4.279519,37.137917],[-4.280592,37.137316],[-4.281949,37.136506],[-4.282681,37.136061],[-4.283296,37.135648],[-4.283683,37.135347],[-4.284046,37.135026],[-4.284135,37.134891],[-4.284516,37.134484],[-4.284871,37.134048],[-4.285105,37.1337],[-4.285664,37.132784],[-4.285923,37.132344],[-4.286214,37.131899],[-4.28642,37.131624],[-4.286668,37.131333],[-4.286983,37.131003],[-4.28745,37.130596],[-4.287843,37.130298],[-4.288181,37.130066],[-4.289236,37.129394],[-4.290059,37.128899],[-4.290412,37.128724],[-4.2906,37.128642],[-4.291042,37.128487],[-4.291678,37.128324],[-4.292128,37.128243],[-4.292586,37.128209],[-4.293917,37.128199],[-4.301318,37.128254],[-4.301499,37.128254],[-4.302494,37.128259],[-4.303261,37.128211],[-4.303787,37.128135],[-4.304082,37.128077],[-4.304627,37.127939],[-4.30522,37.127744],[-4.305525,37.127622],[-4.306081,37.127361],[-4.306382,37.127197],[-4.307687,37.126367],[-4.308094,37.12611],[-4.309453,37.125266],[-4.310495,37.124717],[-4.311595,37.124339],[-4.311966,37.124267],[-4.312748,37.12415],[-4.313765,37.124069],[-4.314928,37.124166],[-4.315873,37.124353],[-4.316889,37.124637],[-4.317773,37.125003],[-4.320448,37.12624],[-4.322026,37.126767],[-4.324013,37.127292],[-4.325308,37.127512],[-4.326991,37.127705],[-4.329171,37.12791],[-4.337119,37.128771],[-4.343159,37.129595],[-4.344256,37.12968],[-4.35002,37.129987],[-4.35161,37.130182],[-4.352817,37.130356],[-4.354432,37.130562],[-4.355736,37.13057],[-4.357033,37.130402],[-4.358289,37.13012],[-4.35946,37.129694],[-4.360607,37.129176],[-4.363143,37.127957],[-4.365392,37.127094],[-4.369101,37.125837],[-4.37037,37.125292],[-4.372816,37.12379],[-4.373888,37.123179],[-4.375091,37.122738],[-4.377023,37.122212],[-4.378803,37.121644],[-4.384232,37.119885],[-4.385462,37.119438],[-4.386592,37.118855],[-4.387256,37.118334],[-4.387836,37.117674],[-4.388329,37.116806],[-4.388909,37.115979],[-4.389522,37.115413],[-4.390304,37.114842],[-4.393802,37.11246],[-4.395372,37.111239],[-4.396183,37.110508],[-4.397516,37.109173],[-4.399145,37.107976],[-4.40054,37.106893],[-4.401848,37.10568],[-4.404147,37.103269],[-4.405453,37.101731],[-4.406021,37.100586],[-4.408102,37.096155],[-4.408324,37.095733],[-4.408582,37.095317],[-4.408913,37.09486],[-4.409286,37.094421],[-4.409637,37.094068],[-4.410022,37.093727],[-4.410434,37.093405],[-4.410862,37.093109],[-4.41132,37.092832],[-4.411795,37.092583],[-4.412281,37.092367],[-4.412402,37.092314],[-4.416129,37.09091],[-4.422672,37.088492],[-4.427017,37.087033],[-4.430106,37.086086],[-4.431155,37.085872],[-4.439528,37.084951],[-4.441475,37.084615],[-4.444834,37.083902],[-4.447875,37.083256],[-4.449409,37.083016],[-4.45031,37.082933],[-4.451371,37.08297],[-4.452619,37.083125],[-4.454877,37.083639],[-4.456961,37.083893],[-4.466436,37.084651],[-4.472359,37.08521],[-4.474053,37.085295],[-4.475341,37.085242],[-4.475988,37.085193],[-4.47665,37.08508],[-4.477874,37.084783],[-4.479053,37.084415],[-4.48652,37.08103],[-4.487471,37.080629],[-4.488237,37.08036],[-4.48917,37.080127],[-4.492085,37.079658],[-4.493472,37.079287],[-4.494642,37.078843],[-4.495726,37.078257],[-4.496614,37.077651],[-4.499142,37.075681],[-4.500312,37.074849],[-4.501476,37.074094],[-4.503221,37.073194],[-4.504738,37.07253],[-4.506376,37.071933],[-4.508629,37.071322],[-4.510484,37.070998],[-4.511581,37.070857],[-4.512795,37.070732],[-4.514584,37.070668],[-4.516263,37.070721],[-4.518547,37.070883],[-4.520316,37.070918],[-4.523706,37.070813],[-4.536822,37.07031],[-4.53803,37.070272],[-4.538795,37.070269],[-4.540086,37.070326],[-4.540355,37.070381],[-4.541598,37.070534],[-4.542679,37.070716],[-4.543833,37.070979],[-4.547224,37.071991],[-4.549124,37.072534],[-4.551022,37.072871],[-4.552549,37.072984],[-4.55409,37.072978],[-4.555016,37.072939],[-4.558446,37.072592],[-4.559588,37.072501],[-4.56449,37.072008],[-4.566384,37.071951],[-4.570183,37.072077],[-4.573043,37.072208],[-4.574763,37.07217],[-4.576535,37.071927],[-4.5789,37.071465],[-4.581342,37.071219],[-4.58796,37.070593],[-4.589687,37.070433],[-4.591568,37.070268],[-4.592331,37.07023],[-4.593679,37.070214],[-4.594804,37.070259],[-4.595374,37.070299],[-4.59681,37.070466],[-4.597446,37.070564],[-4.598176,37.0707],[-4.59879,37.070829],[-4.599647,37.071042],[-4.600199,37.071195],[-4.600903,37.071418],[-4.601948,37.071784],[-4.603138,37.072279],[-4.603789,37.072584],[-4.604587,37.072998],[-4.6051,37.073285],[-4.605821,37.073723],[-4.606403,37.074107],[-4.60697,37.074515],[-4.607525,37.074937],[-4.608862,37.076017],[-4.609628,37.076689],[-4.612284,37.079401],[-4.613291,37.080268],[-4.614372,37.081086],[-4.615587,37.081893],[-4.618552,37.083557],[-4.619343,37.084069],[-4.620556,37.085011],[-4.624203,37.088562],[-4.624922,37.089393],[-4.62651,37.091737],[-4.62743,37.092897],[-4.628248,37.093714],[-4.628708,37.094077],[-4.629074,37.094365],[-4.630523,37.095332],[-4.63166,37.095922],[-4.632647,37.096324],[-4.633852,37.096679],[-4.636323,37.097259],[-4.638043,37.097648],[-4.638899,37.097927],[-4.640243,37.098447],[-4.641541,37.099166],[-4.646315,37.102041],[-4.65242,37.105771],[-4.654169,37.106927],[-4.655199,37.107782],[-4.6561,37.108766],[-4.657098,37.109981],[-4.658487,37.11193],[-4.659405,37.11301],[-4.660209,37.113806],[-4.6614,37.114738],[-4.66258,37.115482],[-4.664971,37.116779],[-4.667933,37.118386],[-4.668206,37.118534],[-4.671165,37.120139],[-4.676174,37.122908],[-4.677247,37.123661],[-4.678234,37.124534],[-4.679146,37.125534],[-4.680422,37.127194],[-4.681345,37.128186],[-4.682375,37.129084],[-4.683287,37.129743],[-4.684317,37.130376],[-4.685486,37.130949],[-4.686463,37.131334],[-4.687679,37.131706],[-4.689183,37.13205],[-4.68977,37.132151],[-4.690659,37.132284],[-4.697624,37.133239],[-4.698702,37.1334],[-4.69982,37.133643],[-4.702996,37.134379],[-4.70894,37.13603],[-4.710313,37.136389],[-4.712212,37.136808],[-4.715074,37.137246],[-4.719076,37.13777],[-4.721272,37.138038],[-4.723614,37.138352],[-4.724373,37.138484],[-4.724973,37.138615],[-4.725542,37.138759],[-4.726154,37.138929],[-4.726847,37.13917],[-4.727428,37.139395],[-4.728212,37.139757],[-4.728748,37.140024],[-4.729228,37.140312],[-4.730033,37.140824],[-4.730794,37.141364],[-4.732876,37.143209],[-4.738129,37.148176],[-4.738435,37.148462],[-4.741244,37.151063],[-4.745664,37.154861],[-4.747198,37.156232],[-4.748604,37.157714],[-4.755783,37.166726],[-4.75687,37.16799],[-4.758707,37.169758],[-4.763591,37.174115],[-4.764848,37.175074],[-4.765863,37.175623],[-4.767079,37.176168],[-4.769077,37.17696],[-4.770963,37.177906],[-4.772564,37.178869],[-4.774032,37.179945],[-4.776199,37.181747],[-4.776366,37.18191],[-4.77815,37.183384],[-4.779011,37.184027],[-4.779441,37.18432],[-4.78153,37.185535],[-4.781829,37.185742],[-4.782178,37.186033],[-4.782507,37.186339],[-4.783271,37.187341],[-4.784265,37.188903],[-4.784872,37.189764],[-4.785194,37.190139],[-4.785662,37.190566],[-4.786473,37.191234],[-4.787507,37.191811],[-4.788279,37.192137],[-4.790747,37.193052],[-4.791763,37.193465],[-4.792244,37.193701],[-4.792664,37.193937],[-4.793014,37.194161],[-4.793269,37.194338],[-4.793654,37.194631],[-4.794023,37.194966],[-4.794247,37.195193],[-4.794565,37.195554],[-4.794844,37.195932],[-4.795167,37.196451],[-4.795361,37.196844],[-4.79553,37.197274],[-4.795648,37.197652],[-4.795733,37.198006],[-4.795794,37.198412],[-4.795939,37.19978],[-4.796012,37.200148],[-4.796135,37.20058],[-4.796295,37.200999],[-4.796698,37.201988],[-4.796756,37.202131],[-4.796853,37.202388],[-4.796973,37.202804],[-4.797062,37.203244],[-4.797113,37.203691],[-4.797124,37.204117],[-4.797098,37.204549],[-4.797035,37.204989],[-4.796932,37.205415],[-4.796794,37.205838],[-4.79662,37.206255],[-4.796405,37.206656],[-4.796161,37.207048],[-4.795579,37.207784],[-4.795247,37.208142],[-4.794904,37.208482],[-4.793157,37.210154],[-4.792013,37.211437],[-4.791345,37.212459],[-4.79084,37.213496],[-4.790056,37.215285],[-4.789116,37.216959],[-4.785704,37.221005],[-4.785399,37.22149],[-4.785147,37.222023],[-4.784695,37.223169],[-4.784439,37.22434],[-4.784372,37.225567],[-4.784419,37.226753],[-4.784831,37.231344],[-4.784991,37.232504],[-4.785705,37.236013],[-4.786179,37.238914],[-4.786505,37.244539],[-4.786777,37.245669],[-4.788408,37.24936],[-4.790906,37.25535],[-4.79136,37.256318],[-4.797056,37.267598],[-4.798594,37.270679],[-4.799723,37.272884],[-4.800082,37.273457],[-4.800522,37.273988],[-4.800772,37.274236],[-4.801322,37.274698],[-4.801931,37.275104],[-4.802261,37.275287],[-4.802956,37.275601],[-4.803316,37.275734],[-4.803701,37.275853],[-4.804465,37.276028],[-4.804859,37.27609],[-4.805547,37.276155],[-4.805989,37.276161],[-4.806634,37.276134],[-4.809714,37.27577],[-4.820097,37.274502],[-4.820981,37.274411],[-4.821648,37.274386],[-4.822281,37.274393],[-4.822929,37.27444],[-4.824771,37.27469],[-4.824899,37.274708],[-4.826421,37.27492],[-4.833257,37.275878],[-4.834502,37.276055],[-4.834891,37.276125],[-4.835659,37.276296],[-4.836005,37.276388],[-4.836408,37.276505],[-4.836988,37.276697],[-4.854848,37.283117],[-4.855571,37.28339],[-4.855955,37.283547],[-4.85634,37.283734],[-4.85678,37.283984],[-4.857092,37.284199],[-4.857372,37.284428],[-4.857639,37.284668],[-4.857893,37.28494],[-4.858101,37.285208],[-4.858276,37.285466],[-4.858485,37.285831],[-4.858623,37.286131],[-4.85874,37.286423],[-4.858807,37.286604],[-4.859982,37.290049],[-4.860106,37.29052],[-4.860202,37.291008],[-4.860268,37.29152],[-4.860297,37.291988],[-4.860289,37.292598],[-4.860241,37.293575],[-4.860231,37.293682],[-4.860171,37.29501],[-4.860173,37.295325],[-4.860249,37.295916],[-4.860337,37.296254],[-4.860447,37.296569],[-4.860598,37.296891],[-4.860817,37.297282],[-4.861016,37.297562],[-4.861439,37.298033],[-4.861743,37.298315],[-4.863791,37.299961],[-4.864175,37.30025],[-4.864618,37.300522],[-4.864985,37.300719],[-4.865366,37.300897],[-4.865603,37.300969],[-4.865969,37.301098],[-4.866515,37.301231],[-4.866987,37.301317],[-4.867474,37.301361],[-4.867942,37.301377],[-4.868329,37.301372],[-4.870241,37.301287],[-4.871215,37.301261],[-4.871915,37.301298],[-4.872189,37.301335],[-4.872894,37.301477],[-4.874632,37.301977],[-4.875634,37.302253],[-4.876377,37.302432],[-4.876994,37.302539],[-4.877408,37.302592],[-4.877875,37.30264],[-4.878475,37.302677],[-4.879013,37.302694],[-4.880008,37.302667],[-4.882237,37.302477],[-4.883028,37.302364],[-4.883922,37.302197],[-4.88452,37.30204],[-4.885084,37.301872],[-4.886058,37.301518],[-4.886589,37.30128],[-4.887082,37.301034],[-4.887562,37.300764],[-4.888465,37.300179],[-4.889159,37.299686],[-4.890982,37.298388],[-4.891277,37.298179],[-4.893965,37.296271],[-4.894672,37.295811],[-4.895401,37.295392],[-4.896054,37.295063],[-4.896749,37.294782],[-4.897371,37.294562],[-4.898556,37.294256],[-4.899285,37.294111],[-4.899808,37.294033],[-4.902035,37.293795],[-4.903055,37.29366],[-4.90358,37.29358],[-4.903976,37.293499],[-4.904644,37.293296],[-4.904988,37.293155],[-4.905451,37.292952],[-4.905842,37.292721],[-4.906207,37.292479],[-4.906554,37.292211],[-4.906891,37.291892],[-4.907175,37.291565],[-4.908611,37.289725],[-4.909016,37.28926],[-4.912018,37.28651],[-4.912256,37.28626],[-4.913149,37.285162],[-4.91347,37.284798],[-4.913819,37.284452],[-4.914143,37.284197],[-4.914561,37.283907],[-4.915131,37.283588],[-4.91562,37.28336],[-4.921079,37.281176],[-4.921596,37.280985],[-4.922496,37.280699],[-4.923106,37.280529],[-4.939199,37.276373],[-4.93967,37.276245],[-4.940011,37.27613],[-4.94038,37.275981],[-4.94075,37.2758],[-4.941017,37.27565],[-4.941447,37.275357],[-4.942166,37.274818],[-4.942765,37.274419],[-4.946062,37.272737],[-4.947326,37.272048],[-4.951914,37.269275],[-4.952364,37.26898],[-4.952805,37.268659],[-4.954531,37.267303],[-4.954927,37.26703],[-4.955377,37.266763],[-4.956977,37.26592],[-4.958808,37.264958],[-4.95996,37.264369],[-4.960308,37.26422],[-4.96104,37.263995],[-4.963752,37.26326],[-4.965151,37.262883],[-4.975907,37.259989],[-4.978915,37.259192],[-4.98316,37.258061],[-4.983733,37.257953],[-4.984682,37.257815],[-4.985255,37.257763],[-4.985847,37.257734],[-4.987222,37.257711],[-4.989606,37.257681],[-4.992997,37.257626],[-4.993814,37.25757],[-4.994467,37.257492],[-4.994882,37.257429],[-4.995464,37.25731],[-4.996078,37.257162],[-4.996839,37.256936],[-4.997395,37.256735],[-4.998119,37.256433],[-4.999972,37.255487],[-5.000515,37.255137],[-5.000787,37.254931],[-5.001223,37.25455],[-5.001459,37.254311],[-5.001955,37.253759],[-5.002967,37.252365],[-5.003425,37.25188],[-5.003953,37.251478],[-5.004385,37.251221],[-5.005416,37.25073],[-5.005968,37.250497],[-5.006536,37.250327],[-5.006922,37.250242],[-5.00761,37.250151],[-5.008555,37.25011],[-5.009186,37.250056],[-5.009621,37.249989],[-5.010021,37.249897],[-5.010382,37.24979],[-5.010824,37.249631],[-5.011295,37.249402],[-5.011712,37.249155],[-5.012505,37.248583],[-5.012967,37.248287],[-5.013423,37.24803],[-5.013729,37.247887],[-5.014068,37.247762],[-5.014498,37.247635],[-5.015572,37.247423],[-5.017721,37.247023],[-5.018657,37.246825],[-5.019531,37.246603],[-5.020577,37.246264],[-5.021312,37.246002],[-5.022044,37.245717],[-5.022795,37.245375],[-5.023856,37.244824],[-5.024915,37.244168],[-5.025561,37.24379],[-5.026143,37.243474],[-5.026675,37.243212],[-5.029129,37.242148],[-5.032171,37.240862],[-5.038697,37.238291],[-5.04115,37.237327],[-5.041844,37.237054],[-5.04299,37.236602],[-5.043623,37.236405],[-5.047267,37.235471],[-5.047633,37.235386],[-5.048248,37.235275],[-5.048709,37.235229],[-5.049299,37.235195],[-5.057148,37.235104],[-5.059571,37.235077],[-5.060293,37.23509],[-5.061194,37.235152],[-5.061646,37.235206],[-5.062116,37.235285],[-5.069023,37.236709],[-5.072082,37.237323],[-5.07272,37.237439],[-5.073178,37.237483],[-5.073676,37.237499],[-5.073989,37.237491],[-5.074758,37.237404],[-5.075268,37.237282],[-5.077539,37.236603],[-5.079666,37.235917],[-5.08051,37.23559],[-5.081023,37.235374],[-5.081465,37.235173],[-5.084397,37.233763],[-5.088093,37.231948],[-5.088846,37.231563],[-5.090484,37.230662],[-5.092453,37.229546],[-5.093047,37.229259],[-5.09339,37.229116],[-5.093722,37.229015],[-5.094063,37.228935],[-5.094321,37.228888],[-5.094667,37.228824],[-5.095009,37.228785],[-5.095415,37.228757],[-5.099308,37.228691],[-5.100117,37.228644],[-5.100453,37.228599],[-5.10121,37.228442],[-5.102752,37.228006],[-5.103152,37.22792],[-5.1036,37.227847],[-5.104157,37.227802],[-5.104663,37.227805],[-5.109469,37.228107],[-5.110835,37.22823],[-5.111396,37.228297],[-5.112839,37.228499],[-5.113695,37.228653],[-5.114441,37.228817],[-5.115934,37.229202],[-5.117821,37.229707],[-5.1189,37.230086],[-5.120362,37.230665],[-5.12161,37.231225],[-5.122962,37.23192],[-5.124178,37.232618],[-5.125593,37.233517],[-5.125968,37.233771],[-5.127902,37.235067],[-5.128429,37.235414],[-5.128844,37.235678],[-5.129169,37.235859],[-5.129511,37.236019],[-5.129863,37.236159],[-5.130229,37.236282],[-5.13061,37.236382],[-5.130994,37.236464],[-5.131389,37.236524],[-5.131974,37.236566],[-5.141976,37.236884],[-5.142827,37.236804],[-5.143335,37.236725],[-5.144311,37.236542],[-5.144607,37.236489],[-5.156107,37.234383],[-5.159914,37.234081],[-5.160804,37.233983],[-5.16122,37.233937],[-5.16336,37.233503],[-5.164375,37.233287],[-5.167555,37.232517],[-5.168089,37.232456],[-5.168743,37.232381],[-5.172232,37.232326],[-5.172968,37.232353],[-5.173717,37.232451],[-5.176632,37.233153],[-5.177444,37.233298],[-5.179157,37.233477],[-5.180615,37.233521],[-5.183536,37.23331],[-5.18647,37.233181],[-5.187304,37.233182],[-5.189087,37.233353],[-5.191974,37.233738],[-5.19265,37.23375],[-5.1934,37.233717],[-5.20355,37.232773],[-5.204504,37.232745],[-5.209762,37.233129],[-5.210326,37.233158],[-5.210957,37.233136],[-5.215846,37.232812],[-5.216812,37.232716],[-5.218075,37.23252],[-5.220073,37.23221],[-5.221135,37.232104],[-5.225368,37.232346],[-5.226759,37.232362],[-5.23641,37.23199],[-5.237912,37.231851],[-5.241349,37.231278],[-5.24256,37.231293],[-5.246119,37.231524],[-5.247581,37.23155],[-5.251881,37.231427],[-5.252441,37.231397],[-5.253009,37.231354],[-5.253577,37.23129],[-5.254446,37.23117],[-5.255882,37.230961],[-5.256709,37.230805],[-5.257403,37.230614],[-5.25795,37.230446],[-5.2598,37.229829],[-5.261012,37.229465],[-5.261357,37.229378],[-5.261719,37.22931],[-5.280148,37.226346],[-5.280717,37.226268],[-5.281278,37.226227],[-5.28184,37.226221],[-5.282431,37.22625],[-5.283764,37.226359],[-5.284238,37.226377],[-5.285499,37.226362],[-5.286646,37.226324],[-5.287034,37.226295],[-5.287404,37.22625],[-5.287778,37.22618],[-5.28834,37.226055],[-5.289799,37.225666],[-5.291086,37.225321],[-5.291466,37.225229],[-5.29184,37.225163],[-5.292219,37.225121],[-5.292599,37.225098],[-5.292974,37.225098],[-5.293373,37.225122],[-5.293745,37.225165],[-5.294122,37.225235],[-5.294487,37.225323],[-5.294851,37.225435],[-5.296069,37.225904],[-5.296406,37.226058],[-5.296726,37.22623],[-5.297354,37.226664],[-5.297865,37.227112],[-5.298398,37.227774],[-5.298636,37.228135],[-5.299596,37.229821],[-5.299775,37.230093],[-5.3,37.230386],[-5.300585,37.230965],[-5.300861,37.231181],[-5.301153,37.231381],[-5.301795,37.231741],[-5.302483,37.232026],[-5.304556,37.232668],[-5.307936,37.233703],[-5.308312,37.233806],[-5.308645,37.23388],[-5.309022,37.233938],[-5.309409,37.233971],[-5.31186,37.234086],[-5.312442,37.23409],[-5.312997,37.234061],[-5.313551,37.233996],[-5.314113,37.233896],[-5.314639,37.233761],[-5.315191,37.233587],[-5.31727,37.232875],[-5.318855,37.232341],[-5.319485,37.232124],[-5.319827,37.232009],[-5.321618,37.231386],[-5.321957,37.231236],[-5.32228,37.231063],[-5.322582,37.230861],[-5.322862,37.23064],[-5.323993,37.229687],[-5.324264,37.229478],[-5.32456,37.22929],[-5.324881,37.229116],[-5.325207,37.22897],[-5.325735,37.228783],[-5.327854,37.228138],[-5.331076,37.227211],[-5.331888,37.227023],[-5.33515,37.226679],[-5.3359,37.226703],[-5.336511,37.226753],[-5.337716,37.226961],[-5.341909,37.227924],[-5.348883,37.22949],[-5.35267,37.230392],[-5.358805,37.232843],[-5.360721,37.233898],[-5.36253,37.234919],[-5.363603,37.235456],[-5.364573,37.235745],[-5.36562,37.235842],[-5.366085,37.235846],[-5.3669,37.235751],[-5.367658,37.235584],[-5.369584,37.23487],[-5.369958,37.234761],[-5.370323,37.234677],[-5.370708,37.234614],[-5.371086,37.234574],[-5.371592,37.234559],[-5.371972,37.234577],[-5.372421,37.234624],[-5.372801,37.234687],[-5.373175,37.234777],[-5.37353,37.234883],[-5.374031,37.235069],[-5.375383,37.235906],[-5.376209,37.236587],[-5.377128,37.237303],[-5.378099,37.238016],[-5.379009,37.238588],[-5.385927,37.242555],[-5.387964,37.243813],[-5.390176,37.245078],[-5.391353,37.245748],[-5.395833,37.248311],[-5.39595,37.248381],[-5.399656,37.25049],[-5.399788,37.250586],[-5.400373,37.250889],[-5.407261,37.254206],[-5.40893,37.255002],[-5.409132,37.25508],[-5.411338,37.256138],[-5.414313,37.257576],[-5.418898,37.259799],[-5.419595,37.260113],[-5.421129,37.260764],[-5.421796,37.261074],[-5.430293,37.265325],[-5.440072,37.270451],[-5.441927,37.271681],[-5.442629,37.272171],[-5.443997,37.273124],[-5.444406,37.273409],[-5.446913,37.275157],[-5.447033,37.275241],[-5.449077,37.276672],[-5.449481,37.276931],[-5.449742,37.277079],[-5.450091,37.27725],[-5.450615,37.277458],[-5.45117,37.277628],[-5.451729,37.277745],[-5.452306,37.27781],[-5.452888,37.277836],[-5.453465,37.277821],[-5.457866,37.277663],[-5.469202,37.277187],[-5.470505,37.277109],[-5.472564,37.276953],[-5.473689,37.276888],[-5.481188,37.27659],[-5.481746,37.276534],[-5.482298,37.276434],[-5.483013,37.276255],[-5.485095,37.275667],[-5.485933,37.275435],[-5.487423,37.275006],[-5.488506,37.274688],[-5.488848,37.274567],[-5.489505,37.274277],[-5.490103,37.273968],[-5.490265,37.273878],[-5.492392,37.272688],[-5.49366,37.271975],[-5.495665,37.270853],[-5.495977,37.270691],[-5.496304,37.270547],[-5.496647,37.270418],[-5.497,37.270307],[-5.497351,37.270217],[-5.49848,37.269994],[-5.500282,37.269674],[-5.501363,37.269465],[-5.503353,37.269039],[-5.504103,37.268922],[-5.504802,37.268863],[-5.507251,37.268722],[-5.507996,37.268621],[-5.508346,37.268539],[-5.508702,37.26843],[-5.509044,37.268302],[-5.509376,37.268159],[-5.511613,37.267067],[-5.513724,37.266082],[-5.514223,37.265892],[-5.514751,37.265725],[-5.518303,37.264799],[-5.519098,37.264626],[-5.526145,37.263361],[-5.52728,37.263126],[-5.528119,37.262943],[-5.528851,37.262763],[-5.52955,37.262567],[-5.530898,37.262133],[-5.531457,37.261919],[-5.532302,37.26153],[-5.532942,37.261203],[-5.533524,37.260876],[-5.534165,37.260479],[-5.534724,37.260106],[-5.535676,37.259368],[-5.53649,37.258646],[-5.537405,37.257705],[-5.537573,37.257523],[-5.538881,37.256127],[-5.539305,37.25571],[-5.539819,37.255243],[-5.54037,37.254792],[-5.540918,37.254379],[-5.541646,37.253888],[-5.542116,37.253593],[-5.54259,37.253322],[-5.543475,37.252875],[-5.544389,37.252448],[-5.548221,37.251018],[-5.549128,37.250694],[-5.549664,37.250527],[-5.55022,37.25039],[-5.551168,37.25022],[-5.551462,37.250186],[-5.55201,37.250148],[-5.552533,37.250134],[-5.553074,37.250142],[-5.553748,37.25019],[-5.554357,37.250269],[-5.555098,37.250414],[-5.555564,37.250528],[-5.556069,37.250686],[-5.556535,37.250853],[-5.556986,37.251041],[-5.557437,37.251256],[-5.557872,37.25149],[-5.560417,37.253028],[-5.560638,37.253169],[-5.561465,37.253675],[-5.562113,37.254047],[-5.562591,37.254299],[-5.56308,37.254522],[-5.563572,37.254723],[-5.5646,37.255068],[-5.565127,37.255207],[-5.565671,37.255325],[-5.56621,37.255418],[-5.56677,37.255488],[-5.567802,37.255568],[-5.568791,37.25558],[-5.570683,37.255633],[-5.5723,37.255727],[-5.573372,37.255793],[-5.577568,37.256095],[-5.578127,37.256122],[-5.578688,37.256131],[-5.579252,37.256116],[-5.579823,37.256073],[-5.584374,37.255462],[-5.585696,37.255305],[-5.586237,37.255277],[-5.586769,37.255271],[-5.596365,37.255701],[-5.602622,37.256008],[-5.60354,37.256077],[-5.604133,37.256138],[-5.605111,37.256288],[-5.606364,37.256507],[-5.607746,37.256849],[-5.609375,37.257369],[-5.61489,37.259182],[-5.632475,37.264969],[-5.635231,37.265874],[-5.638648,37.266854],[-5.663515,37.273938],[-5.665502,37.274521],[-5.666308,37.274889],[-5.666712,37.275121],[-5.667029,37.275346],[-5.670454,37.278549],[-5.672196,37.280223],[-5.672548,37.280503],[-5.673338,37.280974],[-5.674024,37.281274],[-5.674823,37.281541],[-5.67657,37.282045],[-5.684263,37.284291],[-5.690288,37.286048],[-5.69174,37.286499],[-5.692512,37.286772],[-5.695451,37.287921],[-5.701397,37.290314],[-5.704589,37.291611],[-5.705562,37.292065],[-5.706491,37.292564],[-5.706938,37.292825],[-5.708035,37.293524],[-5.710357,37.29522],[-5.71046,37.295294],[-5.713144,37.297254],[-5.719541,37.301935],[-5.720247,37.302462],[-5.720951,37.30296],[-5.721342,37.303213],[-5.721652,37.303384],[-5.721977,37.303538],[-5.722323,37.303675],[-5.722834,37.30385],[-5.723366,37.303977],[-5.723917,37.304075],[-5.726126,37.304404],[-5.730873,37.305105],[-5.731595,37.30524],[-5.732314,37.305403],[-5.733015,37.305596],[-5.737374,37.306877],[-5.738033,37.30711],[-5.738557,37.307318],[-5.749417,37.31208],[-5.752877,37.313593],[-5.75535,37.314597],[-5.762075,37.317317],[-5.762746,37.317596],[-5.763378,37.317903],[-5.763996,37.318256],[-5.766843,37.320049],[-5.76759,37.320548],[-5.768206,37.320939],[-5.769076,37.321453],[-5.769523,37.32168],[-5.770009,37.321887],[-5.770532,37.322052],[-5.775677,37.323432],[-5.782655,37.32535],[-5.783822,37.325576],[-5.784904,37.325664],[-5.786028,37.325644],[-5.786929,37.325542],[-5.790525,37.325002],[-5.791071,37.324955],[-5.791634,37.324929],[-5.792196,37.324931],[-5.792756,37.32496],[-5.793324,37.325022],[-5.793867,37.325104],[-5.794405,37.325218],[-5.794941,37.325363],[-5.795463,37.325521],[-5.800691,37.327315],[-5.801417,37.327534],[-5.802027,37.327665],[-5.802587,37.327745],[-5.803135,37.327782],[-5.803707,37.327788],[-5.804266,37.32775],[-5.804814,37.327679],[-5.806462,37.327372],[-5.806832,37.327323],[-5.807208,37.327292],[-5.807945,37.327282],[-5.808314,37.327302],[-5.80889,37.327375],[-5.810853,37.327677],[-5.811589,37.327765],[-5.812397,37.327838],[-5.81384,37.327947],[-5.814389,37.32797],[-5.815638,37.327976],[-5.816493,37.328018],[-5.816816,37.32807],[-5.8174,37.328204],[-5.817678,37.328289],[-5.818184,37.328486],[-5.818499,37.328636],[-5.818784,37.328793],[-5.819086,37.32899],[-5.819612,37.329429],[-5.819845,37.329677],[-5.820087,37.329976],[-5.820229,37.330181],[-5.820424,37.330532],[-5.820532,37.330775],[-5.8207,37.331342],[-5.820742,37.331634],[-5.820765,37.33193],[-5.820751,37.334483],[-5.820772,37.335359],[-5.821043,37.342092],[-5.821091,37.342712],[-5.821195,37.343229],[-5.821291,37.343525],[-5.821408,37.343795],[-5.821533,37.344035],[-5.821813,37.344449],[-5.822139,37.344823],[-5.822363,37.345046],[-5.822866,37.345446],[-5.823482,37.3458],[-5.824302,37.346142],[-5.825708,37.346483],[-5.827857,37.346945],[-5.829323,37.347305],[-5.829896,37.347434],[-5.833089,37.348157],[-5.835003,37.348566],[-5.836033,37.348853],[-5.83684,37.349146],[-5.842127,37.351214],[-5.843063,37.351662],[-5.843921,37.352074],[-5.844316,37.352237],[-5.845045,37.352462],[-5.850109,37.353807],[-5.850964,37.354002],[-5.85337,37.354367],[-5.861138,37.355546],[-5.862967,37.355821],[-5.86325,37.355867],[-5.863756,37.356003],[-5.864661,37.356329],[-5.867147,37.357225],[-5.868014,37.357559],[-5.86858,37.357825],[-5.869267,37.3582],[-5.869685,37.358468],[-5.870123,37.358781],[-5.870326,37.358955],[-5.871976,37.360499],[-5.873091,37.361597],[-5.877561,37.36643],[-5.881683,37.370923],[-5.883626,37.373037],[-5.884811,37.374286],[-5.885738,37.375131],[-5.886338,37.375575],[-5.887386,37.376134],[-5.889485,37.376875],[-5.892136,37.377752],[-5.89458,37.378592],[-5.900698,37.38075],[-5.905249,37.38236],[-5.905845,37.38257],[-5.909378,37.383817],[-5.910381,37.384173],[-5.910979,37.384378],[-5.912125,37.384745],[-5.913756,37.385312],[-5.91448,37.385554],[-5.914953,37.385685],[-5.915601,37.385795],[-5.916564,37.385863],[-5.917642,37.385897],[-5.919819,37.385977],[-5.920648,37.386002],[-5.922301,37.38605],[-5.923251,37.386115],[-5.92382,37.38612],[-5.924598,37.386094],[-5.925356,37.386034],[-5.925777,37.386029],[-5.926799,37.386016],[-5.92796,37.386045],[-5.933697,37.386214],[-5.93396,37.386221],[-5.934807,37.386248],[-5.93509,37.386248],[-5.936146,37.386274],[-5.940274,37.386446],[-5.940834,37.386472],[-5.942214,37.386535],[-5.943094,37.386579],[-5.943796,37.386609],[-5.945765,37.386722],[-5.94881,37.386897],[-5.949547,37.38694],[-5.95041,37.386989],[-5.953823,37.387191],[-5.954414,37.387223],[-5.955097,37.387258],[-5.958787,37.387455],[-5.958792,37.387475],[-5.958831,37.38755],[-5.958896,37.387612],[-5.958981,37.387657],[-5.959079,37.38768],[-5.959181,37.387679],[-5.959278,37.387654],[-5.959362,37.387608],[-5.959425,37.387545],[-5.959471,37.387414],[-5.960185,37.387453],[-5.960261,37.387456],[-5.961128,37.387482],[-5.961387,37.38749],[-5.961692,37.3875],[-5.961906,37.387504],[-5.962771,37.387518],[-5.963709,37.387533],[-5.965028,37.387548],[-5.965182,37.387548],[-5.965486,37.387549],[-5.965546,37.38755],[-5.966443,37.387535],[-5.967784,37.38754],[-5.969084,37.387485],[-5.970567,37.387406],[-5.970873,37.387394],[-5.971405,37.387362],[-5.971974,37.387332],[-5.972378,37.387314],[-5.972445,37.387311],[-5.972504,37.387309],[-5.973679,37.387258],[-5.974912,37.387191],[-5.975079,37.387185],[-5.975981,37.387153],[-5.976478,37.387143],[-5.976861,37.387136],[-5.977178,37.38713],[-5.977402,37.38713],[-5.978044,37.387165],[-5.978149,37.387183],[-5.978277,37.387206],[-5.979659,37.387602],[-5.981091,37.387786],[-5.981656,37.387861],[-5.981907,37.387922],[-5.982041,37.387973],[-5.982271,37.388167],[-5.98238,37.388231],[-5.982643,37.388369],[-5.982765,37.388441],[-5.98321,37.388662],[-5.983456,37.38879],[-5.983639,37.388861],[-5.984409,37.389156],[-5.984471,37.38918],[-5.984501,37.3891]]}},{"type":"Feature","properties":{"routeId":"route-007","originId":"seville","destinationId":"cadiz","logicalEndpoints":[[-5.9845,37.3891],[-6.2886,36.5271]],"returnedEndpoints":[[-5.984501,37.3891],[-6.28848,36.527289]],"snapDistancesMeters":[0.08834784422083432,23.59315905332953],"summary":{"distanceMeters":121299,"durationSeconds":6543.7},"riskSnaps":[{"riskId":"rest-deadline-vehicle-007","kind":"segment","startIndex":703,"endIndex":704,"startCoordinate":[-6.087839,36.631285],"endCoordinate":[-6.087636,36.630714]},{"riskId":"restriction-weight-26","kind":"point","startIndex":468,"endIndex":468,"startCoordinate":[-5.956369,36.972041],"endCoordinate":[-5.956369,36.972041]}]},"geometry":{"type":"LineString","coordinates":[[-5.984501,37.3891],[-5.984786,37.388359],[-5.984856,37.388172],[-5.98485,37.388044],[-5.984821,37.388006],[-5.984747,37.387979],[-5.984633,37.387987],[-5.984132,37.38829],[-5.983671,37.388584],[-5.983569,37.388622],[-5.983488,37.388624],[-5.983389,37.388597],[-5.983199,37.388503],[-5.982864,37.388317],[-5.982462,37.388122],[-5.982865,37.387554],[-5.983091,37.386855],[-5.98373,37.385343],[-5.983999,37.384862],[-5.984043,37.384752],[-5.984072,37.384662],[-5.984103,37.384436],[-5.984069,37.384275],[-5.984057,37.384126],[-5.983948,37.383527],[-5.98376,37.382513],[-5.983592,37.381592],[-5.983515,37.381334],[-5.983192,37.380659],[-5.983107,37.380482],[-5.983008,37.380279],[-5.98294,37.379999],[-5.982955,37.379816],[-5.983085,37.379511],[-5.983167,37.379345],[-5.983449,37.37876],[-5.983768,37.378115],[-5.983874,37.377928],[-5.983914,37.377845],[-5.984004,37.377651],[-5.984083,37.377482],[-5.984185,37.377262],[-5.984321,37.377001],[-5.984382,37.376868],[-5.985243,37.37445],[-5.985307,37.373836],[-5.985327,37.37346],[-5.985482,37.371996],[-5.985494,37.371837],[-5.985424,37.370611],[-5.985396,37.370329],[-5.98544,37.37004],[-5.98552,37.369632],[-5.985536,37.369551],[-5.985585,37.369225],[-5.985573,37.369025],[-5.985526,37.368844],[-5.98538,37.368231],[-5.985362,37.368146],[-5.985344,37.368064],[-5.985259,37.367745],[-5.985193,37.367574],[-5.984989,37.367217],[-5.984678,37.366671],[-5.984654,37.366629],[-5.984288,37.366007],[-5.98393,37.365379],[-5.983104,37.363966],[-5.982627,37.36311],[-5.982129,37.362229],[-5.982106,37.362188],[-5.982068,37.36212],[-5.981168,37.360533],[-5.982317,37.360088],[-5.981586,37.358851],[-5.981415,37.358558],[-5.980996,37.357854],[-5.982468,37.357292],[-5.983133,37.357039],[-5.983327,37.356964],[-5.983639,37.356843],[-5.983716,37.356813],[-5.983451,37.356365],[-5.982978,37.355595],[-5.982767,37.355207],[-5.982752,37.355168],[-5.982795,37.355145],[-5.982813,37.355129],[-5.982825,37.355085],[-5.983422,37.354364],[-5.983518,37.354209],[-5.983734,37.353664],[-5.983949,37.352988],[-5.983961,37.352974],[-5.983972,37.352945],[-5.983964,37.352914],[-5.984057,37.352477],[-5.984212,37.352019],[-5.984326,37.351556],[-5.984352,37.351305],[-5.984354,37.35108],[-5.984265,37.35056],[-5.984101,37.349868],[-5.983963,37.349282],[-5.983855,37.348824],[-5.98375,37.348398],[-5.983634,37.347888],[-5.983522,37.34741],[-5.983482,37.347242],[-5.983404,37.346912],[-5.983335,37.346619],[-5.983163,37.345986],[-5.983061,37.345506],[-5.98309,37.345388],[-5.983169,37.345394],[-5.983245,37.345378],[-5.983351,37.345298],[-5.983376,37.345223],[-5.983358,37.345146],[-5.983334,37.345112],[-5.9833,37.345025],[-5.98331,37.344878],[-5.983841,37.343402],[-5.983888,37.343292],[-5.984088,37.343108],[-5.984209,37.343067],[-5.9843,37.343003],[-5.984362,37.342921],[-5.98439,37.342827],[-5.984382,37.342731],[-5.98435,37.342661],[-5.984326,37.342561],[-5.984331,37.342421],[-5.984362,37.342325],[-5.984407,37.342252],[-5.984696,37.341847],[-5.984934,37.341514],[-5.985102,37.34125],[-5.985371,37.341064],[-5.985501,37.341057],[-5.985621,37.341018],[-5.985719,37.34095],[-5.985786,37.340862],[-5.985814,37.340761],[-5.9858,37.340658],[-5.985747,37.340564],[-5.985659,37.340488],[-5.985546,37.340438],[-5.985435,37.340419],[-5.985322,37.340425],[-5.985216,37.340456],[-5.985125,37.340509],[-5.985055,37.34058],[-5.984927,37.34065],[-5.984807,37.34068],[-5.984186,37.340622],[-5.984037,37.340608],[-5.983949,37.340617],[-5.983808,37.340661],[-5.983154,37.34097],[-5.98297,37.341027],[-5.982788,37.341042],[-5.982685,37.341026],[-5.982526,37.340945],[-5.982443,37.340821],[-5.982433,37.340748],[-5.982447,37.340666],[-5.982483,37.340595],[-5.982989,37.339982],[-5.983236,37.339618],[-5.983713,37.33897],[-5.98395,37.338603],[-5.984165,37.338236],[-5.984466,37.337621],[-5.984733,37.337027],[-5.985011,37.33628],[-5.985095,37.336006],[-5.985345,37.335101],[-5.985551,37.334127],[-5.985757,37.332735],[-5.985822,37.331887],[-5.985872,37.331038],[-5.98586,37.329554],[-5.985731,37.328039],[-5.98561,37.327177],[-5.985448,37.326312],[-5.985259,37.325483],[-5.985048,37.324689],[-5.984581,37.32315],[-5.984258,37.322152],[-5.98369,37.32026],[-5.983475,37.319364],[-5.983244,37.318036],[-5.983152,37.317169],[-5.983105,37.31576],[-5.983212,37.311928],[-5.983208,37.311241],[-5.983173,37.310244],[-5.98307,37.309241],[-5.982984,37.308572],[-5.982806,37.307475],[-5.982456,37.306049],[-5.981731,37.303987],[-5.980774,37.301453],[-5.980108,37.29956],[-5.979648,37.29804],[-5.97939,37.29702],[-5.979115,37.295687],[-5.978995,37.295008],[-5.978795,37.293305],[-5.978723,37.292369],[-5.978702,37.29116],[-5.978707,37.290441],[-5.978726,37.289829],[-5.979008,37.286268],[-5.979234,37.283049],[-5.979251,37.281485],[-5.97918,37.280227],[-5.979039,37.278874],[-5.978959,37.278295],[-5.978676,37.277011],[-5.978358,37.276048],[-5.978086,37.275441],[-5.977656,37.274631],[-5.977402,37.274216],[-5.976992,37.27361],[-5.976522,37.27302],[-5.976049,37.272485],[-5.975523,37.271962],[-5.974961,37.27146],[-5.974385,37.271002],[-5.973573,37.27043],[-5.973109,37.270132],[-5.972351,37.269667],[-5.97149,37.269162],[-5.97087,37.268767],[-5.97049,37.268538],[-5.96965,37.268075],[-5.968533,37.267378],[-5.967406,37.266629],[-5.966772,37.266162],[-5.965844,37.265428],[-5.965329,37.26499],[-5.964514,37.264232],[-5.963647,37.263337],[-5.962686,37.262278],[-5.961458,37.260878],[-5.960643,37.25999],[-5.959553,37.258979],[-5.958849,37.258391],[-5.958033,37.25779],[-5.957115,37.257209],[-5.956214,37.256738],[-5.955029,37.256205],[-5.95406,37.255857],[-5.952901,37.255529],[-5.951708,37.255255],[-5.949897,37.255016],[-5.947897,37.25488],[-5.943013,37.254764],[-5.941537,37.254695],[-5.939116,37.254497],[-5.937735,37.254333],[-5.936078,37.254074],[-5.934542,37.253814],[-5.929057,37.252796],[-5.921922,37.251483],[-5.920894,37.251259],[-5.920105,37.251061],[-5.919058,37.250712],[-5.917976,37.250275],[-5.917109,37.249838],[-5.915916,37.249093],[-5.915135,37.248512],[-5.914311,37.247775],[-5.913659,37.247091],[-5.912991,37.246236],[-5.91268,37.24577],[-5.912319,37.245156],[-5.911931,37.244324],[-5.911756,37.243867],[-5.911608,37.243402],[-5.911458,37.242843],[-5.911336,37.242228],[-5.911248,37.241613],[-5.911139,37.24039],[-5.911108,37.239785],[-5.911127,37.238147],[-5.911193,37.235599],[-5.911182,37.233225],[-5.911063,37.230739],[-5.910947,37.229052],[-5.910773,37.227193],[-5.910568,37.225443],[-5.910383,37.224124],[-5.91032,37.223689],[-5.909627,37.219552],[-5.909442,37.218139],[-5.909281,37.216646],[-5.90916,37.215114],[-5.909077,37.213494],[-5.909034,37.211372],[-5.909072,37.209223],[-5.909084,37.208971],[-5.909233,37.206549],[-5.909528,37.203611],[-5.909863,37.201512],[-5.910158,37.19983],[-5.910197,37.199603],[-5.910382,37.198341],[-5.910651,37.196141],[-5.910774,37.194904],[-5.910882,37.193612],[-5.910977,37.192007],[-5.911039,37.190128],[-5.911047,37.188022],[-5.910987,37.184897],[-5.91085,37.182976],[-5.910678,37.181116],[-5.910523,37.179595],[-5.91029,37.177946],[-5.910198,37.177294],[-5.909765,37.174787],[-5.909244,37.172208],[-5.909072,37.171407],[-5.908941,37.170691],[-5.908802,37.169818],[-5.908684,37.168734],[-5.908623,37.167636],[-5.908612,37.166766],[-5.908632,37.165899],[-5.908679,37.165176],[-5.908746,37.164448],[-5.908924,37.163195],[-5.909067,37.162457],[-5.909228,37.161752],[-5.909443,37.160907],[-5.909708,37.160078],[-5.909978,37.159286],[-5.910282,37.158503],[-5.910737,37.157471],[-5.911223,37.156442],[-5.912822,37.153347],[-5.913304,37.152315],[-5.914147,37.150348],[-5.914608,37.149149],[-5.91503,37.147963],[-5.915554,37.146507],[-5.915964,37.145472],[-5.91681,37.143472],[-5.917143,37.142735],[-5.917911,37.141178],[-5.919259,37.138678],[-5.919689,37.137929],[-5.920226,37.137022],[-5.921224,37.135451],[-5.922932,37.132841],[-5.923976,37.131146],[-5.925363,37.128718],[-5.925977,37.127571],[-5.927379,37.124799],[-5.928534,37.122264],[-5.929274,37.120517],[-5.929615,37.119687],[-5.930217,37.118099],[-5.930713,37.116711],[-5.931384,37.114688],[-5.931725,37.113589],[-5.932738,37.109993],[-5.933261,37.107815],[-5.933997,37.103962],[-5.934144,37.103111],[-5.934517,37.100359],[-5.934961,37.097507],[-5.935306,37.094964],[-5.935763,37.091896],[-5.936109,37.089353],[-5.936443,37.086708],[-5.936588,37.085265],[-5.936773,37.082799],[-5.936813,37.080344],[-5.93678,37.077992],[-5.936633,37.075618],[-5.936532,37.074433],[-5.936403,37.073194],[-5.936044,37.070679],[-5.9358,37.069308],[-5.935519,37.067949],[-5.935196,37.066504],[-5.934407,37.063562],[-5.933948,37.062068],[-5.933455,37.060609],[-5.932929,37.059173],[-5.932345,37.057694],[-5.931744,37.056253],[-5.930512,37.053388],[-5.929958,37.051864],[-5.929472,37.050448],[-5.929045,37.049042],[-5.928656,37.047588],[-5.92831,37.046129],[-5.928013,37.044716],[-5.927751,37.043247],[-5.927588,37.042075],[-5.927459,37.040959],[-5.927382,37.040334],[-5.927273,37.038887],[-5.927197,37.03744],[-5.927191,37.036398],[-5.927188,37.034845],[-5.927227,37.033666],[-5.927349,37.03157],[-5.927518,37.030109],[-5.927725,37.028598],[-5.928005,37.027],[-5.928334,37.025412],[-5.92869,37.023941],[-5.929123,37.022373],[-5.929559,37.020972],[-5.930058,37.019512],[-5.930622,37.018035],[-5.93121,37.016617],[-5.93187,37.015187],[-5.932494,37.013868],[-5.9331,37.012714],[-5.933228,37.01247],[-5.933859,37.011335],[-5.93466,37.009991],[-5.935476,37.008695],[-5.936285,37.007496],[-5.937839,37.005282],[-5.938576,37.004134],[-5.938999,37.003409],[-5.93948,37.002505],[-5.939683,37.002095],[-5.940113,37.001145],[-5.940464,37.000294],[-5.940788,36.999404],[-5.941068,36.998536],[-5.941326,36.997595],[-5.941582,36.996422],[-5.941744,36.99555],[-5.941987,36.994018],[-5.94214,36.993236],[-5.942325,36.992445],[-5.942572,36.99159],[-5.942804,36.990889],[-5.943338,36.989547],[-5.943701,36.988771],[-5.943971,36.988249],[-5.944555,36.987209],[-5.944853,36.986723],[-5.945307,36.986051],[-5.945941,36.985194],[-5.94654,36.984452],[-5.947003,36.98391],[-5.947355,36.98353],[-5.947758,36.983107],[-5.948312,36.982571],[-5.94915,36.981771],[-5.950095,36.980934],[-5.951276,36.979833],[-5.951721,36.979376],[-5.953023,36.977899],[-5.954028,36.976556],[-5.954684,36.97553],[-5.955357,36.974305],[-5.955833,36.973297],[-5.956369,36.972041],[-5.956762,36.970813],[-5.957088,36.969554],[-5.957111,36.969431],[-5.957309,36.968375],[-5.957433,36.9673],[-5.957501,36.966289],[-5.957548,36.964351],[-5.957607,36.963356],[-5.957719,36.962007],[-5.957947,36.960667],[-5.958266,36.959355],[-5.958666,36.958086],[-5.959135,36.956846],[-5.959696,36.95564],[-5.960353,36.954477],[-5.961084,36.953393],[-5.961831,36.952376],[-5.963432,36.950389],[-5.964243,36.949318],[-5.965041,36.948184],[-5.965776,36.947008],[-5.966457,36.945807],[-5.967057,36.944578],[-5.967592,36.943354],[-5.967788,36.942894],[-5.96806,36.942135],[-5.968461,36.940915],[-5.968795,36.939709],[-5.969065,36.938534],[-5.969274,36.937378],[-5.969427,36.936237],[-5.969522,36.935083],[-5.969578,36.933867],[-5.969568,36.932608],[-5.969308,36.928593],[-5.969291,36.927245],[-5.969323,36.925957],[-5.969394,36.924688],[-5.969415,36.923839],[-5.96949,36.923121],[-5.969845,36.920312],[-5.970013,36.918751],[-5.970115,36.917254],[-5.970153,36.915957],[-5.97016,36.91372],[-5.970111,36.912653],[-5.970008,36.91129],[-5.969837,36.909004],[-5.969812,36.907782],[-5.969826,36.907107],[-5.969983,36.905097],[-5.970332,36.903019],[-5.971212,36.900119],[-5.971787,36.89878],[-5.97279,36.896791],[-5.973587,36.895546],[-5.9745,36.894228],[-5.974855,36.893756],[-5.975597,36.892842],[-5.976936,36.891319],[-5.978214,36.890121],[-5.979043,36.889396],[-5.979917,36.888683],[-5.98089,36.887947],[-5.981421,36.887565],[-5.9842,36.885721],[-5.985277,36.884954],[-5.986896,36.883615],[-5.988091,36.882448],[-5.989402,36.88102],[-5.990319,36.879835],[-5.990909,36.878997],[-5.992104,36.876916],[-5.99294,36.875004],[-5.993288,36.874003],[-5.993508,36.873246],[-5.993923,36.871262],[-5.994109,36.869548],[-5.994142,36.866228],[-5.994309,36.864072],[-5.994643,36.862204],[-5.995081,36.860445],[-5.995761,36.858488],[-5.996592,36.856673],[-5.997739,36.854633],[-5.998337,36.853736],[-5.999688,36.85193],[-6.001114,36.85034],[-6.001622,36.849815],[-6.004997,36.846675],[-6.00562,36.846057],[-6.006998,36.844542],[-6.008468,36.842599],[-6.009262,36.841372],[-6.010959,36.838463],[-6.011604,36.837519],[-6.012232,36.836701],[-6.013501,36.835305],[-6.014682,36.834235],[-6.015617,36.83346],[-6.017035,36.832438],[-6.020259,36.83037],[-6.021576,36.829595],[-6.022943,36.82884],[-6.023981,36.828306],[-6.025822,36.827404],[-6.028624,36.826129],[-6.029488,36.825688],[-6.030321,36.825206],[-6.031197,36.824618],[-6.032008,36.823988],[-6.032632,36.82345],[-6.033204,36.822908],[-6.033748,36.822329],[-6.034604,36.821242],[-6.034965,36.820638],[-6.035329,36.820102],[-6.035631,36.819541],[-6.036123,36.818387],[-6.036336,36.817781],[-6.036661,36.816718],[-6.036729,36.816495],[-6.037331,36.814675],[-6.037898,36.813172],[-6.039817,36.808896],[-6.040526,36.807118],[-6.041142,36.805354],[-6.041591,36.80384],[-6.042099,36.801737],[-6.042524,36.799101],[-6.04276,36.797006],[-6.043075,36.792615],[-6.043542,36.789761],[-6.043571,36.789544],[-6.043724,36.788083],[-6.043814,36.786782],[-6.043856,36.785855],[-6.043864,36.784781],[-6.043823,36.783097],[-6.043696,36.781405],[-6.043534,36.780013],[-6.043215,36.778054],[-6.042605,36.775211],[-6.042225,36.771971],[-6.042079,36.770136],[-6.042019,36.767127],[-6.042097,36.765012],[-6.042214,36.763491],[-6.042665,36.760162],[-6.042994,36.758505],[-6.043606,36.756015],[-6.044353,36.753583],[-6.044949,36.751919],[-6.045925,36.749533],[-6.046631,36.747992],[-6.047502,36.746302],[-6.04836,36.744781],[-6.050117,36.741879],[-6.051138,36.740422],[-6.053331,36.73761],[-6.055362,36.735312],[-6.060139,36.730299],[-6.062862,36.72712],[-6.064045,36.725629],[-6.066218,36.722593],[-6.06773,36.720338],[-6.068727,36.718698],[-6.069767,36.716845],[-6.070982,36.714526],[-6.07144,36.713582],[-6.072378,36.711508],[-6.07329,36.709288],[-6.074143,36.706948],[-6.074501,36.705864],[-6.075146,36.703723],[-6.075501,36.702401],[-6.076608,36.697934],[-6.077208,36.695849],[-6.078047,36.693575],[-6.079021,36.691357],[-6.079416,36.690542],[-6.080141,36.689148],[-6.080707,36.688148],[-6.081266,36.687211],[-6.082207,36.685784],[-6.084807,36.682145],[-6.085287,36.681435],[-6.085975,36.680288],[-6.086295,36.679704],[-6.0866,36.679091],[-6.086887,36.678465],[-6.087199,36.677682],[-6.087483,36.676894],[-6.087716,36.676154],[-6.087898,36.675467],[-6.088109,36.674517],[-6.088236,36.673804],[-6.088329,36.673082],[-6.088434,36.671594],[-6.088428,36.67044],[-6.088362,36.669257],[-6.088168,36.667875],[-6.087887,36.666588],[-6.087531,36.665316],[-6.087265,36.664537],[-6.085957,36.661418],[-6.085661,36.660645],[-6.08531,36.65947],[-6.085063,36.658299],[-6.084972,36.657713],[-6.084886,36.65683],[-6.084854,36.656121],[-6.084852,36.65552],[-6.084886,36.654742],[-6.085017,36.653666],[-6.08519,36.652677],[-6.085559,36.651292],[-6.085703,36.650883],[-6.085944,36.650171],[-6.086591,36.648359],[-6.087134,36.646566],[-6.08736,36.645718],[-6.087693,36.644298],[-6.087892,36.643301],[-6.0882,36.641324],[-6.088366,36.639783],[-6.088463,36.63835],[-6.088471,36.638118],[-6.088499,36.63651],[-6.088459,36.634944],[-6.088364,36.633753],[-6.088291,36.633155],[-6.088185,36.63259],[-6.088059,36.632058],[-6.087839,36.631285],[-6.087636,36.630714],[-6.087374,36.630062],[-6.086982,36.629212],[-6.086207,36.627614],[-6.085978,36.627073],[-6.085808,36.626627],[-6.085462,36.625539],[-6.085301,36.624829],[-6.085173,36.624129],[-6.084951,36.622616],[-6.084679,36.621041],[-6.084267,36.619312],[-6.08398,36.618272],[-6.083559,36.616526],[-6.08334,36.615123],[-6.083294,36.614654],[-6.08322,36.613283],[-6.083272,36.611706],[-6.083441,36.610338],[-6.08395,36.60798],[-6.08431,36.606866],[-6.08448,36.606401],[-6.084915,36.605336],[-6.085577,36.603883],[-6.085886,36.603069],[-6.086042,36.602566],[-6.086141,36.602132],[-6.086215,36.601655],[-6.086261,36.601229],[-6.086281,36.600656],[-6.086258,36.600133],[-6.086203,36.599622],[-6.086096,36.599062],[-6.085731,36.597673],[-6.085671,36.597452],[-6.085437,36.596438],[-6.085372,36.595918],[-6.085333,36.595409],[-6.085341,36.594593],[-6.085389,36.593995],[-6.085477,36.593442],[-6.085625,36.592787],[-6.085818,36.592151],[-6.086101,36.59143],[-6.086462,36.590698],[-6.086848,36.590042],[-6.087267,36.589416],[-6.087936,36.588521],[-6.089741,36.586295],[-6.090922,36.584956],[-6.091879,36.58392],[-6.092964,36.582828],[-6.093929,36.581888],[-6.094924,36.580961],[-6.096882,36.579274],[-6.098066,36.578306],[-6.100977,36.576111],[-6.10147,36.575675],[-6.101941,36.575212],[-6.102249,36.574879],[-6.102475,36.574591],[-6.102769,36.574209],[-6.103225,36.573488],[-6.103436,36.573095],[-6.103675,36.572582],[-6.103863,36.572053],[-6.104009,36.571574],[-6.104105,36.571169],[-6.104202,36.57058],[-6.104453,36.568273],[-6.10456,36.567533],[-6.104648,36.567084],[-6.104743,36.566639],[-6.104866,36.56615],[-6.105263,36.564928],[-6.105513,36.56429],[-6.105761,36.563732],[-6.106108,36.563025],[-6.106496,36.56234],[-6.10698,36.561557],[-6.107461,36.560863],[-6.108057,36.560101],[-6.108671,36.559388],[-6.109387,36.558643],[-6.110183,36.557899],[-6.111143,36.557083],[-6.112581,36.555947],[-6.114026,36.554886],[-6.115541,36.553842],[-6.116808,36.553027],[-6.118029,36.552283],[-6.120131,36.551107],[-6.121805,36.550241],[-6.122947,36.549686],[-6.125027,36.54875],[-6.126025,36.54834],[-6.127408,36.547805],[-6.128809,36.547296],[-6.130213,36.546823],[-6.131672,36.546374],[-6.13485,36.545487],[-6.137628,36.544792],[-6.13802,36.544694],[-6.140552,36.544118],[-6.143131,36.543581],[-6.145498,36.543139],[-6.147853,36.542739],[-6.150245,36.542375],[-6.152637,36.542057],[-6.154627,36.541825],[-6.156732,36.541603],[-6.159104,36.541409],[-6.162119,36.541211],[-6.163383,36.541145],[-6.165874,36.541058],[-6.167383,36.541022],[-6.16887,36.541004],[-6.171408,36.541013],[-6.173837,36.541062],[-6.175749,36.541138],[-6.176746,36.541178],[-6.179982,36.541369],[-6.180707,36.541396],[-6.181507,36.541405],[-6.182716,36.541374],[-6.183374,36.54133],[-6.184683,36.541195],[-6.185836,36.541012],[-6.186592,36.540863],[-6.187819,36.540569],[-6.188429,36.540391],[-6.189256,36.540128],[-6.190473,36.539686],[-6.19131,36.539348],[-6.192131,36.539049],[-6.192805,36.538831],[-6.194307,36.538418],[-6.195136,36.538198],[-6.195666,36.538038],[-6.196025,36.537913],[-6.196701,36.537653],[-6.197416,36.537322],[-6.198119,36.536935],[-6.198842,36.536472],[-6.199541,36.535939],[-6.199944,36.535596],[-6.200897,36.534723],[-6.201564,36.53411],[-6.202616,36.533136],[-6.202755,36.533034],[-6.205646,36.530303],[-6.206511,36.529527],[-6.207028,36.529115],[-6.207182,36.529002],[-6.207577,36.528731],[-6.208334,36.528275],[-6.209007,36.527926],[-6.209872,36.527565],[-6.211733,36.526948],[-6.216356,36.525495],[-6.217952,36.524978],[-6.219196,36.52453],[-6.221072,36.52373],[-6.221388,36.523605],[-6.222761,36.523005],[-6.222921,36.522894],[-6.223291,36.522705],[-6.223691,36.522458],[-6.224048,36.522214],[-6.224468,36.521894],[-6.225128,36.521354],[-6.225412,36.521149],[-6.2256,36.521033],[-6.225944,36.520856],[-6.226444,36.520661],[-6.226759,36.520577],[-6.22716,36.520499],[-6.227539,36.52046],[-6.227915,36.520452],[-6.228285,36.520472],[-6.228663,36.520522],[-6.229046,36.520603],[-6.229572,36.520774],[-6.230084,36.521018],[-6.230275,36.521135],[-6.230564,36.521344],[-6.23082,36.521576],[-6.231156,36.52195],[-6.231569,36.522481],[-6.231789,36.522736],[-6.232158,36.523093],[-6.232581,36.523415],[-6.233049,36.523697],[-6.233371,36.523859],[-6.233717,36.524002],[-6.234248,36.524176],[-6.237196,36.524916],[-6.238668,36.525257],[-6.239174,36.525343],[-6.23989,36.525416],[-6.239965,36.525421],[-6.24054,36.525433],[-6.241941,36.525415],[-6.250414,36.525167],[-6.251959,36.525076],[-6.253494,36.524925],[-6.255143,36.524686],[-6.256749,36.524411],[-6.271653,36.521767],[-6.273494,36.52144],[-6.274043,36.52135],[-6.274302,36.521319],[-6.274627,36.521276],[-6.275035,36.521231],[-6.275222,36.521224],[-6.275337,36.521235],[-6.275642,36.521321],[-6.275962,36.521479],[-6.277532,36.522246],[-6.278501,36.522707],[-6.278602,36.522753],[-6.279463,36.523177],[-6.281175,36.524019],[-6.281275,36.524074],[-6.281396,36.524132],[-6.281494,36.524129],[-6.28154,36.524114],[-6.28158,36.524091],[-6.281636,36.524026],[-6.281649,36.523977],[-6.281622,36.523882],[-6.281534,36.523814],[-6.281476,36.523798],[-6.281439,36.523666],[-6.280935,36.522449],[-6.280684,36.522028],[-6.280431,36.521591],[-6.280378,36.521454],[-6.280371,36.521311],[-6.280391,36.521162],[-6.280436,36.52113],[-6.280706,36.521077],[-6.280812,36.521088],[-6.280839,36.521095],[-6.2811,36.521162],[-6.281605,36.52141],[-6.282381,36.521826],[-6.283576,36.522499],[-6.28464,36.52306],[-6.284716,36.523068],[-6.284886,36.523018],[-6.285725,36.522714],[-6.286178,36.522548],[-6.286706,36.523476],[-6.287367,36.524642],[-6.28739,36.524681],[-6.287487,36.524849],[-6.287594,36.525035],[-6.287653,36.525221],[-6.287919,36.525642],[-6.287946,36.525681],[-6.288058,36.525843],[-6.288129,36.525948],[-6.288212,36.526052],[-6.288419,36.526246],[-6.28852,36.526329],[-6.28859,36.526388],[-6.288843,36.526653],[-6.288922,36.5268],[-6.288938,36.526919],[-6.288963,36.526969],[-6.28885,36.527212],[-6.288796,36.52742],[-6.28848,36.527289]]}},{"type":"Feature","properties":{"routeId":"route-008","originId":"cadiz","destinationId":"malaga","logicalEndpoints":[[-6.2886,36.5271],[-4.4214,36.7213]],"returnedEndpoints":[[-6.28848,36.527289],[-4.421095,36.723288]],"snapDistancesMeters":[23.59315905332953,222.72099463514633],"summary":{"distanceMeters":252772.9,"durationSeconds":14771.3},"riskSnaps":[{"riskId":"closure-ap-68","kind":"segment","startIndex":1263,"endIndex":1264,"startCoordinate":[-5.31649,36.265444],"endCoordinate":[-5.316503,36.265772]},{"riskId":"rest-deadline-vehicle-008","kind":"segment","startIndex":1895,"endIndex":1896,"startCoordinate":[-4.930604,36.513099],"endCoordinate":[-4.929977,36.51294]}]},"geometry":{"type":"LineString","coordinates":[[-6.28848,36.527289],[-6.288796,36.52742],[-6.28885,36.527212],[-6.288963,36.526969],[-6.289011,36.52692],[-6.289095,36.526773],[-6.289194,36.52651],[-6.289224,36.526347],[-6.289173,36.526215],[-6.289074,36.526094],[-6.288965,36.525991],[-6.288852,36.525894],[-6.288603,36.525726],[-6.288355,36.525606],[-6.288163,36.525496],[-6.287978,36.525365],[-6.287594,36.525035],[-6.287487,36.524849],[-6.28739,36.524681],[-6.287367,36.524642],[-6.286706,36.523476],[-6.286178,36.522548],[-6.285513,36.521374],[-6.284928,36.520342],[-6.284806,36.520127],[-6.284482,36.51956],[-6.284414,36.519447],[-6.284147,36.518987],[-6.283944,36.518614],[-6.283856,36.518462],[-6.283663,36.518117],[-6.283236,36.517362],[-6.28314,36.517337],[-6.283038,36.517336],[-6.281038,36.517796],[-6.280944,36.517851],[-6.280569,36.518144],[-6.279806,36.518682],[-6.2797,36.518734],[-6.279269,36.51893],[-6.279216,36.518997],[-6.278829,36.519235],[-6.2786,36.519347],[-6.278375,36.51943],[-6.278048,36.519509],[-6.27765,36.519605],[-6.276754,36.520323],[-6.276156,36.520491],[-6.275923,36.520565],[-6.275796,36.520627],[-6.27564,36.52075],[-6.275456,36.520869],[-6.275357,36.52086],[-6.275264,36.520874],[-6.275127,36.520938],[-6.275055,36.521018],[-6.275032,36.521066],[-6.274924,36.521151],[-6.274313,36.521225],[-6.274085,36.521257],[-6.274021,36.521267],[-6.273421,36.521362],[-6.256704,36.524333],[-6.255155,36.524597],[-6.254229,36.524739],[-6.253475,36.524837],[-6.252715,36.52492],[-6.251194,36.525038],[-6.24973,36.5251],[-6.242978,36.525301],[-6.240586,36.525344],[-6.239975,36.525327],[-6.239597,36.525302],[-6.23899,36.525231],[-6.238809,36.525197],[-6.238251,36.525079],[-6.237228,36.524827],[-6.234398,36.524121],[-6.233869,36.523958],[-6.233356,36.523747],[-6.232877,36.523492],[-6.232584,36.523298],[-6.232306,36.523087],[-6.232047,36.522857],[-6.231817,36.522613],[-6.23147,36.52218],[-6.231183,36.521816],[-6.23087,36.521477],[-6.230488,36.521159],[-6.230149,36.520939],[-6.229701,36.520717],[-6.229392,36.520595],[-6.228811,36.520429],[-6.228281,36.520352],[-6.227684,36.520335],[-6.227093,36.52039],[-6.226492,36.520522],[-6.226011,36.520692],[-6.225664,36.520854],[-6.224863,36.521363],[-6.224535,36.521635],[-6.223897,36.522135],[-6.223324,36.522506],[-6.222987,36.522695],[-6.222381,36.522991],[-6.219529,36.524246],[-6.218549,36.52463],[-6.218063,36.524801],[-6.216236,36.525392],[-6.211671,36.526824],[-6.209791,36.527453],[-6.208934,36.527806],[-6.208159,36.528212],[-6.207425,36.528652],[-6.207076,36.528903],[-6.206922,36.529018],[-6.206532,36.529319],[-6.206088,36.529702],[-6.204021,36.531625],[-6.202811,36.532709],[-6.199863,36.535449],[-6.199238,36.535984],[-6.1988,36.536316],[-6.198022,36.536817],[-6.19726,36.537234],[-6.196374,36.537638],[-6.195551,36.537933],[-6.195065,36.538062],[-6.194154,36.53831],[-6.19325,36.538557],[-6.19274,36.538706],[-6.192077,36.538926],[-6.191245,36.53922],[-6.190392,36.539566],[-6.189781,36.539789],[-6.189152,36.540014],[-6.188347,36.540267],[-6.187774,36.540431],[-6.18655,36.540729],[-6.185811,36.540877],[-6.18467,36.541054],[-6.184006,36.541132],[-6.182703,36.541237],[-6.181499,36.541267],[-6.18071,36.541259],[-6.179956,36.541228],[-6.176786,36.541045],[-6.173523,36.540914],[-6.17098,36.540868],[-6.168885,36.540866],[-6.167392,36.540882],[-6.165882,36.540916],[-6.163391,36.541007],[-6.162319,36.541062],[-6.159108,36.541267],[-6.158095,36.541353],[-6.156709,36.541477],[-6.152617,36.541925],[-6.150215,36.542243],[-6.147819,36.542605],[-6.145468,36.543007],[-6.14311,36.543442],[-6.140475,36.543991],[-6.13797,36.544561],[-6.137584,36.544659],[-6.134783,36.545364],[-6.131637,36.54624],[-6.130174,36.546694],[-6.128745,36.547174],[-6.125965,36.548212],[-6.124963,36.548635],[-6.122843,36.549586],[-6.121718,36.550124],[-6.120056,36.550978],[-6.118968,36.551577],[-6.117931,36.552174],[-6.116667,36.552945],[-6.115461,36.553718],[-6.113919,36.554776],[-6.11172,36.556415],[-6.110994,36.557006],[-6.110039,36.557822],[-6.109246,36.55856],[-6.108502,36.559333],[-6.107899,36.560044],[-6.107321,36.560783],[-6.106812,36.561501],[-6.106328,36.56229],[-6.105958,36.562975],[-6.105598,36.563689],[-6.105091,36.564899],[-6.1047,36.56612],[-6.104572,36.566617],[-6.104475,36.567062],[-6.104387,36.567518],[-6.104283,36.568263],[-6.104031,36.570552],[-6.103933,36.571151],[-6.10384,36.571557],[-6.103508,36.572539],[-6.103272,36.573052],[-6.10307,36.573431],[-6.102616,36.574156],[-6.102109,36.574791],[-6.10182,36.575117],[-6.101344,36.575568],[-6.100852,36.576002],[-6.100083,36.576598],[-6.097971,36.578186],[-6.096736,36.579181],[-6.094793,36.580866],[-6.092775,36.582782],[-6.090739,36.584906],[-6.089607,36.586218],[-6.088499,36.587559],[-6.087761,36.588488],[-6.087106,36.589364],[-6.086683,36.589994],[-6.086288,36.590672],[-6.085941,36.591382],[-6.085642,36.59211],[-6.085459,36.592758],[-6.085307,36.593406],[-6.085216,36.593989],[-6.08517,36.594568],[-6.085165,36.595407],[-6.08527,36.596437],[-6.085503,36.597487],[-6.085561,36.597702],[-6.085926,36.5991],[-6.08603,36.599639],[-6.086085,36.600136],[-6.08611,36.600647],[-6.086084,36.601227],[-6.086044,36.601637],[-6.085969,36.602104],[-6.085869,36.602528],[-6.08572,36.603037],[-6.085589,36.603395],[-6.085445,36.603766],[-6.084757,36.605285],[-6.084313,36.60638],[-6.084133,36.606849],[-6.083754,36.607951],[-6.083479,36.60928],[-6.083231,36.610293],[-6.083085,36.611685],[-6.08305,36.613276],[-6.083083,36.614097],[-6.083132,36.614739],[-6.083184,36.61521],[-6.083394,36.616562],[-6.083807,36.618284],[-6.084096,36.619326],[-6.084518,36.621082],[-6.084785,36.622627],[-6.085003,36.62413],[-6.085134,36.62484],[-6.085298,36.625569],[-6.085456,36.626103],[-6.085813,36.62712],[-6.086038,36.627649],[-6.087205,36.630092],[-6.087477,36.630765],[-6.087667,36.631319],[-6.087884,36.632066],[-6.088012,36.632617],[-6.088118,36.633155],[-6.088192,36.633748],[-6.088254,36.634338],[-6.088293,36.634938],[-6.088325,36.636504],[-6.088324,36.637245],[-6.088298,36.638114],[-6.088291,36.638342],[-6.088198,36.639772],[-6.088031,36.641322],[-6.087729,36.643257],[-6.087527,36.644282],[-6.087192,36.645702],[-6.086969,36.646545],[-6.086425,36.648324],[-6.085779,36.650122],[-6.085641,36.650547],[-6.085459,36.650852],[-6.08493,36.652088],[-6.084393,36.653198],[-6.08434,36.65328],[-6.084277,36.653325],[-6.084131,36.653327],[-6.083999,36.653299],[-6.083595,36.652963],[-6.083481,36.652851],[-6.083288,36.652658],[-6.083009,36.652309],[-6.082865,36.652062],[-6.082395,36.651137],[-6.082251,36.650861],[-6.082083,36.650459],[-6.081984,36.650174],[-6.081911,36.649933],[-6.081785,36.649346],[-6.081714,36.648872],[-6.081664,36.648323],[-6.081611,36.648057],[-6.081563,36.647602],[-6.081399,36.646434],[-6.081195,36.645518],[-6.081012,36.64494],[-6.080676,36.644104],[-6.080457,36.643629],[-6.080076,36.642888],[-6.076297,36.636729],[-6.076039,36.636303],[-6.075284,36.635156],[-6.074494,36.634253],[-6.072031,36.631842],[-6.071344,36.630774],[-6.071,36.629955],[-6.070709,36.629121],[-6.070595,36.628332],[-6.070571,36.627516],[-6.07058,36.625574],[-6.070555,36.625246],[-6.070546,36.625135],[-6.070477,36.624244],[-6.070089,36.622645],[-6.069724,36.621805],[-6.069273,36.620997],[-6.068812,36.620343],[-6.068731,36.620233],[-6.068473,36.619886],[-6.068212,36.619576],[-6.067903,36.619243],[-6.067416,36.618809],[-6.066521,36.618108],[-6.064986,36.617098],[-6.062793,36.616047],[-6.062258,36.615743],[-6.061794,36.61544],[-6.061192,36.614989],[-6.060679,36.614555],[-6.059925,36.613788],[-6.059362,36.613015],[-6.057972,36.610638],[-6.057459,36.609838],[-6.056869,36.609064],[-6.054633,36.606753],[-6.051131,36.603542],[-6.044728,36.597464],[-6.037904,36.591062],[-6.036977,36.59032],[-6.035089,36.589215],[-6.03272,36.588016],[-6.031656,36.58741],[-6.030832,36.586871],[-6.030119,36.586328],[-6.029495,36.58589],[-6.029079,36.585535],[-6.028549,36.585045],[-6.028183,36.584682],[-6.02778,36.584227],[-6.027269,36.583609],[-6.026818,36.583021],[-6.026418,36.582412],[-6.026101,36.581879],[-6.02567,36.581062],[-6.025338,36.580306],[-6.024856,36.578864],[-6.02317,36.572571],[-6.02267,36.57098],[-6.022339,36.570038],[-6.021065,36.567116],[-6.020652,36.566436],[-6.019339,36.564409],[-6.018455,36.563216],[-6.016996,36.561586],[-6.015837,36.560389],[-6.014314,36.559062],[-6.01273,36.55779],[-6.010533,36.55628],[-6.008659,36.555189],[-6.006627,36.554224],[-6.004571,36.553376],[-6.002112,36.552509],[-5.996319,36.551062],[-5.994679,36.550521],[-5.993952,36.550192],[-5.993369,36.549844],[-5.992268,36.549059],[-5.990816,36.547584],[-5.989683,36.546326],[-5.988629,36.544897],[-5.987632,36.543426],[-5.986858,36.541863],[-5.986303,36.540332],[-5.985682,36.538397],[-5.985474,36.53714],[-5.985335,36.536115],[-5.985303,36.535694],[-5.985275,36.534621],[-5.985655,36.529501],[-5.985631,36.52872],[-5.985493,36.527944],[-5.985348,36.527334],[-5.985024,36.526486],[-5.982973,36.522586],[-5.981881,36.520648],[-5.981734,36.520387],[-5.979405,36.516254],[-5.978905,36.515648],[-5.978321,36.515068],[-5.977385,36.51433],[-5.976171,36.513585],[-5.974742,36.512812],[-5.970338,36.510804],[-5.967317,36.509501],[-5.966247,36.509145],[-5.965174,36.508877],[-5.963822,36.508615],[-5.962845,36.508507],[-5.960348,36.50834],[-5.959036,36.508196],[-5.957957,36.508024],[-5.956236,36.50763],[-5.954606,36.5071],[-5.953386,36.506683],[-5.952297,36.506217],[-5.95022,36.50523],[-5.947731,36.503837],[-5.944579,36.501423],[-5.942186,36.498941],[-5.941731,36.498538],[-5.940926,36.497879],[-5.940084,36.497365],[-5.93919,36.496923],[-5.938178,36.496515],[-5.937194,36.496199],[-5.935851,36.49579],[-5.934489,36.49528],[-5.933059,36.494503],[-5.932576,36.494167],[-5.931481,36.493257],[-5.930323,36.492391],[-5.929932,36.492137],[-5.929413,36.491829],[-5.928808,36.491522],[-5.928143,36.491225],[-5.927476,36.490955],[-5.927062,36.490806],[-5.926098,36.490495],[-5.924972,36.490185],[-5.921549,36.489394],[-5.920172,36.489057],[-5.918477,36.488605],[-5.91682,36.48813],[-5.915436,36.487713],[-5.913675,36.487145],[-5.912699,36.486812],[-5.911375,36.486337],[-5.910189,36.485892],[-5.909052,36.485445],[-5.908712,36.485314],[-5.906314,36.484431],[-5.904529,36.48399],[-5.900238,36.48336],[-5.898882,36.483065],[-5.897896,36.482824],[-5.89695,36.482513],[-5.895277,36.481933],[-5.892053,36.480527],[-5.889071,36.479442],[-5.887865,36.479055],[-5.883695,36.477993],[-5.879801,36.476839],[-5.877949,36.476156],[-5.87641,36.475504],[-5.875362,36.475028],[-5.874459,36.474581],[-5.872459,36.473448],[-5.868924,36.471494],[-5.866982,36.470635],[-5.866193,36.470353],[-5.86504,36.469975],[-5.863859,36.469634],[-5.862655,36.469374],[-5.861432,36.469165],[-5.8606,36.469049],[-5.859915,36.468959],[-5.859269,36.46891],[-5.858184,36.468879],[-5.856867,36.468879],[-5.856004,36.468916],[-5.85513,36.468974],[-5.854199,36.469055],[-5.853751,36.469093],[-5.852186,36.46922],[-5.851488,36.469262],[-5.850627,36.469284],[-5.849931,36.469288],[-5.849221,36.469273],[-5.848082,36.46922],[-5.847172,36.469158],[-5.846284,36.469075],[-5.831249,36.467322],[-5.829163,36.467092],[-5.828095,36.467002],[-5.827232,36.466965],[-5.82637,36.466956],[-5.825593,36.466972],[-5.824609,36.467022],[-5.823782,36.467103],[-5.823044,36.467197],[-5.822168,36.467333],[-5.821219,36.467513],[-5.815526,36.468725],[-5.810545,36.469804],[-5.809175,36.470105],[-5.808595,36.470254],[-5.80785,36.470492],[-5.806574,36.471002],[-5.80601,36.471266],[-5.805352,36.471544],[-5.804656,36.471809],[-5.804249,36.471936],[-5.80357,36.472116],[-5.802885,36.472258],[-5.802202,36.472364],[-5.801488,36.472433],[-5.80053,36.472462],[-5.799821,36.472435],[-5.799102,36.47237],[-5.798113,36.47222],[-5.797364,36.472041],[-5.796597,36.471814],[-5.795807,36.471518],[-5.794978,36.471133],[-5.79422,36.47071],[-5.793284,36.470088],[-5.792729,36.469698],[-5.790514,36.468195],[-5.789126,36.467308],[-5.787696,36.466443],[-5.786379,36.465658],[-5.784967,36.464872],[-5.78354,36.464156],[-5.782091,36.463487],[-5.779542,36.462381],[-5.776961,36.461306],[-5.775563,36.460769],[-5.774256,36.460295],[-5.773678,36.460067],[-5.772965,36.459755],[-5.772304,36.459415],[-5.771605,36.459014],[-5.769861,36.457888],[-5.769236,36.457521],[-5.768527,36.457159],[-5.767846,36.456853],[-5.767102,36.456562],[-5.766363,36.456312],[-5.76551,36.456058],[-5.764766,36.45591],[-5.764094,36.455797],[-5.763458,36.455711],[-5.762795,36.45565],[-5.761752,36.455606],[-5.759784,36.455598],[-5.759285,36.455576],[-5.758252,36.45547],[-5.75776,36.455395],[-5.757157,36.455277],[-5.756484,36.4551],[-5.755921,36.454931],[-5.754885,36.45453],[-5.754366,36.454295],[-5.753958,36.454078],[-5.753084,36.453556],[-5.752667,36.453259],[-5.752259,36.452943],[-5.751948,36.452677],[-5.751556,36.452305],[-5.750914,36.451644],[-5.749484,36.450109],[-5.749218,36.449852],[-5.748303,36.448896],[-5.746679,36.447171],[-5.745892,36.446374],[-5.745255,36.445772],[-5.744775,36.445376],[-5.744399,36.445087],[-5.743941,36.444769],[-5.74348,36.444476],[-5.742778,36.444088],[-5.742092,36.443751],[-5.741358,36.443433],[-5.740564,36.443159],[-5.739835,36.442946],[-5.739242,36.442802],[-5.738553,36.442665],[-5.737782,36.442549],[-5.736964,36.442481],[-5.735984,36.442438],[-5.734884,36.442475],[-5.733871,36.442574],[-5.732903,36.442702],[-5.731812,36.442866],[-5.730999,36.442949],[-5.730277,36.442995],[-5.729544,36.442988],[-5.728849,36.44295],[-5.727977,36.442851],[-5.727295,36.442733],[-5.726609,36.442573],[-5.725922,36.442378],[-5.725283,36.442167],[-5.724682,36.441924],[-5.72412,36.441661],[-5.72354,36.441353],[-5.723037,36.441047],[-5.722571,36.440739],[-5.722033,36.440317],[-5.72152,36.439872],[-5.720307,36.438693],[-5.719858,36.438303],[-5.719377,36.437926],[-5.71862,36.437416],[-5.718127,36.437127],[-5.717603,36.436853],[-5.716688,36.43643],[-5.715789,36.435992],[-5.715016,36.435549],[-5.714334,36.435079],[-5.713874,36.434706],[-5.713315,36.43419],[-5.712681,36.433567],[-5.712016,36.432984],[-5.711422,36.4325],[-5.710798,36.432068],[-5.709797,36.431525],[-5.705084,36.429218],[-5.703102,36.428445],[-5.702218,36.428189],[-5.701666,36.42807],[-5.700412,36.427899],[-5.698793,36.427852],[-5.694896,36.428106],[-5.693334,36.428182],[-5.691249,36.428106],[-5.689781,36.42783],[-5.687781,36.427271],[-5.686239,36.426608],[-5.685966,36.426473],[-5.685228,36.426066],[-5.684755,36.425768],[-5.684003,36.425239],[-5.682442,36.424011],[-5.680348,36.422399],[-5.678594,36.421193],[-5.677006,36.420271],[-5.674306,36.418969],[-5.672812,36.418327],[-5.667748,36.416565],[-5.665748,36.415757],[-5.663602,36.414528],[-5.661688,36.413174],[-5.660478,36.412138],[-5.659313,36.410779],[-5.659045,36.410466],[-5.658118,36.409147],[-5.657807,36.40856],[-5.657346,36.40769],[-5.656659,36.406087],[-5.656351,36.404943],[-5.656058,36.403448],[-5.655629,36.400346],[-5.655356,36.399196],[-5.654959,36.398108],[-5.652949,36.392897],[-5.652837,36.392588],[-5.652489,36.391456],[-5.652386,36.390834],[-5.652322,36.389912],[-5.65239,36.38897],[-5.652453,36.388646],[-5.652889,36.386924],[-5.652945,36.386628],[-5.653346,36.384973],[-5.653462,36.384098],[-5.653447,36.383185],[-5.653286,36.382023],[-5.653055,36.380847],[-5.652991,36.380517],[-5.652756,36.379],[-5.652324,36.377117],[-5.652122,36.376532],[-5.651716,36.375567],[-5.6514,36.374936],[-5.650633,36.373902],[-5.649689,36.372853],[-5.647934,36.371058],[-5.647719,36.370839],[-5.646505,36.369598],[-5.645157,36.368112],[-5.644656,36.367319],[-5.644333,36.366487],[-5.644093,36.365778],[-5.643863,36.364826],[-5.643752,36.36434],[-5.643201,36.361642],[-5.64296,36.360827],[-5.64259,36.359995],[-5.641819,36.358774],[-5.641197,36.358095],[-5.64104,36.357963],[-5.640291,36.357335],[-5.639038,36.356548],[-5.635474,36.35488],[-5.631957,36.353092],[-5.631021,36.352567],[-5.630257,36.351965],[-5.629356,36.351195],[-5.628611,36.35038],[-5.628283,36.350012],[-5.62618,36.347645],[-5.625352,36.346683],[-5.624119,36.34529],[-5.623059,36.344028],[-5.622438,36.3434],[-5.621409,36.342508],[-5.620336,36.341579],[-5.617654,36.339382],[-5.613398,36.335824],[-5.611986,36.334668],[-5.61146,36.334261],[-5.610892,36.33385],[-5.609747,36.33311],[-5.605813,36.330726],[-5.603838,36.329482],[-5.602347,36.328377],[-5.601598,36.327528],[-5.601092,36.326647],[-5.600703,36.325895],[-5.600448,36.325125],[-5.600277,36.323791],[-5.600405,36.322221],[-5.60086,36.319406],[-5.601006,36.317726],[-5.60092,36.316861],[-5.600572,36.315782],[-5.600277,36.31487],[-5.599543,36.313153],[-5.598153,36.309598],[-5.597376,36.30767],[-5.596389,36.30513],[-5.594961,36.301591],[-5.593399,36.297678],[-5.592547,36.29553],[-5.59214,36.294658],[-5.591579,36.293723],[-5.590763,36.292569],[-5.589307,36.29075],[-5.588065,36.289253],[-5.587168,36.288109],[-5.585857,36.286526],[-5.584617,36.284743],[-5.584317,36.284191],[-5.584066,36.283635],[-5.583732,36.282642],[-5.583591,36.282053],[-5.583514,36.281569],[-5.583478,36.280987],[-5.583465,36.279555],[-5.584076,36.273714],[-5.584159,36.272407],[-5.584248,36.271385],[-5.584356,36.269632],[-5.584319,36.268891],[-5.584196,36.267717],[-5.583898,36.264909],[-5.583893,36.264868],[-5.583786,36.263844],[-5.583772,36.263429],[-5.583782,36.263098],[-5.583915,36.262021],[-5.583973,36.26138],[-5.583969,36.260954],[-5.583944,36.260641],[-5.58384,36.260029],[-5.583664,36.259429],[-5.583477,36.258958],[-5.582125,36.255758],[-5.581827,36.25517],[-5.581431,36.254613],[-5.5811,36.25417],[-5.581009,36.254047],[-5.580774,36.253723],[-5.580526,36.253296],[-5.580311,36.252837],[-5.580206,36.252528],[-5.579991,36.25175],[-5.579924,36.251349],[-5.579922,36.250902],[-5.579992,36.250399],[-5.580262,36.24943],[-5.58044,36.248752],[-5.580875,36.247135],[-5.581064,36.24622],[-5.581118,36.245422],[-5.581103,36.244983],[-5.581054,36.244441],[-5.580935,36.243572],[-5.580884,36.243027],[-5.580905,36.242546],[-5.581007,36.241912],[-5.581502,36.240357],[-5.581579,36.239972],[-5.581619,36.239669],[-5.581635,36.239352],[-5.581631,36.239036],[-5.581562,36.23844],[-5.581493,36.238132],[-5.581401,36.237829],[-5.581248,36.237434],[-5.580936,36.236839],[-5.580692,36.236471],[-5.580465,36.23618],[-5.58024,36.23593],[-5.579749,36.235466],[-5.579195,36.23505],[-5.578762,36.23478],[-5.578421,36.234599],[-5.577796,36.234302],[-5.577049,36.233944],[-5.576655,36.233726],[-5.576354,36.233534],[-5.576073,36.233331],[-5.575805,36.233109],[-5.575327,36.232649],[-5.574899,36.232129],[-5.57467,36.231806],[-5.57403,36.230948],[-5.573587,36.230436],[-5.572913,36.229704],[-5.572722,36.229469],[-5.572451,36.229076],[-5.572187,36.228649],[-5.57186,36.228025],[-5.571584,36.227556],[-5.571269,36.227087],[-5.570977,36.22673],[-5.570747,36.22649],[-5.570186,36.226],[-5.569827,36.225742],[-5.569527,36.225551],[-5.56831,36.224871],[-5.566983,36.224162],[-5.564459,36.222752],[-5.563906,36.222497],[-5.563378,36.222286],[-5.562353,36.221944],[-5.56161,36.221702],[-5.560682,36.22135],[-5.559979,36.221058],[-5.559505,36.220835],[-5.5591,36.220615],[-5.555184,36.218229],[-5.554489,36.217826],[-5.553984,36.217571],[-5.55328,36.217271],[-5.552848,36.21711],[-5.551917,36.216821],[-5.550968,36.216483],[-5.549412,36.215874],[-5.548327,36.215496],[-5.547719,36.2153],[-5.547047,36.215062],[-5.546634,36.214884],[-5.546237,36.214692],[-5.54579,36.214444],[-5.545359,36.214173],[-5.544708,36.213668],[-5.544447,36.213417],[-5.544202,36.213168],[-5.543904,36.212828],[-5.543695,36.212557],[-5.543463,36.212219],[-5.542651,36.210786],[-5.541884,36.209746],[-5.541552,36.209449],[-5.541171,36.209104],[-5.53992,36.208311],[-5.539096,36.207913],[-5.538204,36.207605],[-5.536757,36.207299],[-5.535719,36.207231],[-5.534924,36.207263],[-5.534058,36.207321],[-5.529326,36.20844],[-5.527467,36.208857],[-5.527039,36.208909],[-5.526295,36.209005],[-5.525349,36.209016],[-5.52454,36.208962],[-5.523192,36.208754],[-5.522364,36.208494],[-5.521644,36.208211],[-5.520761,36.207779],[-5.519759,36.207111],[-5.519014,36.206378],[-5.518377,36.205584],[-5.517974,36.204912],[-5.517691,36.204199],[-5.517316,36.203079],[-5.51594,36.198984],[-5.515224,36.197325],[-5.51442,36.195756],[-5.513845,36.194807],[-5.513245,36.193879],[-5.512438,36.192743],[-5.510313,36.190233],[-5.509475,36.189301],[-5.50861,36.188296],[-5.508042,36.187663],[-5.505297,36.184605],[-5.503349,36.182485],[-5.50176,36.180911],[-5.500711,36.179991],[-5.500354,36.179678],[-5.498967,36.178463],[-5.495838,36.176255],[-5.494928,36.175742],[-5.493881,36.175244],[-5.493083,36.174921],[-5.491905,36.174516],[-5.491507,36.174402],[-5.49074,36.174184],[-5.48989,36.17401],[-5.48856,36.173782],[-5.487435,36.173636],[-5.486277,36.173546],[-5.485367,36.173435],[-5.484543,36.173318],[-5.483633,36.173144],[-5.482654,36.172895],[-5.480363,36.172209],[-5.479316,36.171939],[-5.478389,36.171779],[-5.477513,36.171682],[-5.476827,36.171682],[-5.475882,36.171752],[-5.475067,36.171883],[-5.474372,36.17205],[-5.473634,36.172278],[-5.472973,36.172528],[-5.472037,36.172971],[-5.470647,36.173782],[-5.469994,36.174087],[-5.469256,36.17435],[-5.468415,36.174572],[-5.46774,36.174683],[-5.467122,36.174714],[-5.466737,36.174712],[-5.466338,36.174689],[-5.465577,36.174595],[-5.465172,36.17451],[-5.464786,36.174411],[-5.464186,36.174214],[-5.463626,36.173962],[-5.462307,36.173287],[-5.46164,36.172944],[-5.461052,36.172614],[-5.460419,36.172228],[-5.459906,36.171926],[-5.459789,36.1719],[-5.459462,36.171751],[-5.458898,36.17158],[-5.458226,36.171489],[-5.457746,36.171499],[-5.457317,36.171547],[-5.456803,36.171669],[-5.456358,36.171829],[-5.456052,36.171983],[-5.455876,36.172091],[-5.455504,36.172377],[-5.455262,36.172638],[-5.455023,36.172966],[-5.454916,36.173141],[-5.454819,36.173371],[-5.454623,36.173926],[-5.454428,36.174499],[-5.454344,36.174676],[-5.454093,36.175037],[-5.45395,36.1752],[-5.45365,36.175439],[-5.453631,36.175512],[-5.45323,36.175768],[-5.45155,36.176801],[-5.449466,36.177995],[-5.445744,36.180265],[-5.441632,36.182763],[-5.439943,36.183825],[-5.439602,36.184097],[-5.439281,36.184388],[-5.435204,36.18895],[-5.431832,36.192735],[-5.431213,36.193496],[-5.428128,36.19757],[-5.427636,36.198181],[-5.427032,36.198875],[-5.426461,36.199484],[-5.426098,36.199852],[-5.425377,36.200532],[-5.424634,36.201226],[-5.423608,36.202186],[-5.423048,36.20269],[-5.422884,36.202811],[-5.42267,36.202939],[-5.42265,36.202951],[-5.422486,36.203041],[-5.42201,36.203253],[-5.421708,36.203351],[-5.421248,36.203467],[-5.420583,36.203563],[-5.419103,36.203662],[-5.418487,36.203758],[-5.418165,36.203828],[-5.417829,36.203935],[-5.417263,36.204174],[-5.416719,36.204471],[-5.416026,36.204872],[-5.415423,36.205145],[-5.413668,36.20581],[-5.412413,36.206215],[-5.411622,36.206462],[-5.410953,36.206661],[-5.410653,36.206735],[-5.406769,36.207427],[-5.405122,36.207713],[-5.404555,36.207789],[-5.403949,36.207784],[-5.402755,36.207677],[-5.402552,36.207658],[-5.396009,36.207021],[-5.395109,36.206939],[-5.394436,36.206921],[-5.393738,36.206977],[-5.391035,36.207362],[-5.390685,36.207412],[-5.389582,36.207566],[-5.388937,36.207638],[-5.388593,36.207644],[-5.388229,36.20762],[-5.387832,36.207555],[-5.387468,36.207448],[-5.386904,36.207225],[-5.386039,36.206848],[-5.385437,36.206662],[-5.384965,36.206577],[-5.38451,36.20655],[-5.384238,36.206556],[-5.383895,36.206596],[-5.383548,36.206663],[-5.383194,36.206763],[-5.382846,36.206901],[-5.382519,36.207073],[-5.382258,36.207238],[-5.38202,36.207427],[-5.381803,36.207633],[-5.381662,36.207798],[-5.381527,36.207985],[-5.381376,36.208261],[-5.381182,36.208694],[-5.379853,36.211969],[-5.379725,36.212128],[-5.379644,36.21232],[-5.379452,36.212653],[-5.378768,36.213449],[-5.378748,36.213531],[-5.378754,36.213583],[-5.378784,36.213632],[-5.379053,36.213715],[-5.379358,36.213784],[-5.379759,36.21381],[-5.380144,36.21379],[-5.380345,36.213754],[-5.380479,36.213784],[-5.380556,36.213843],[-5.380576,36.213939],[-5.38054,36.214025],[-5.379751,36.214536],[-5.37953,36.214712],[-5.379378,36.214885],[-5.379246,36.215072],[-5.379099,36.215339],[-5.37861,36.216374],[-5.378441,36.216687],[-5.378113,36.217222],[-5.377877,36.217558],[-5.377337,36.218226],[-5.376711,36.21887],[-5.376009,36.219557],[-5.375788,36.219843],[-5.375571,36.220203],[-5.375235,36.220777],[-5.374884,36.221195],[-5.374436,36.221558],[-5.373883,36.221881],[-5.373599,36.221998],[-5.372596,36.222411],[-5.372277,36.222593],[-5.371872,36.222904],[-5.371553,36.223248],[-5.371239,36.223668],[-5.370863,36.224047],[-5.37044,36.224386],[-5.369335,36.225063],[-5.367977,36.225854],[-5.367829,36.225953],[-5.366314,36.227193],[-5.36598,36.227439],[-5.36564,36.227632],[-5.365237,36.227819],[-5.364896,36.227944],[-5.364477,36.228047],[-5.364304,36.228077],[-5.363877,36.228131],[-5.363391,36.228169],[-5.360755,36.22823],[-5.360405,36.228248],[-5.360198,36.228282],[-5.359791,36.228375],[-5.359424,36.228483],[-5.357752,36.228943],[-5.357428,36.229059],[-5.354689,36.230445],[-5.354506,36.230534],[-5.35436,36.230605],[-5.352552,36.231481],[-5.351188,36.232055],[-5.350698,36.2323],[-5.350231,36.232557],[-5.349461,36.233055],[-5.348927,36.233474],[-5.348623,36.233734],[-5.347677,36.234757],[-5.347454,36.234977],[-5.345982,36.23615],[-5.345858,36.23627],[-5.34564,36.236559],[-5.345541,36.236745],[-5.34544,36.237025],[-5.345368,36.237305],[-5.345149,36.237793],[-5.345107,36.237872],[-5.345004,36.237997],[-5.34489,36.238091],[-5.344635,36.23826],[-5.344169,36.238457],[-5.34377,36.23865],[-5.343589,36.238754],[-5.34347,36.238845],[-5.343184,36.239085],[-5.343038,36.239243],[-5.342891,36.239457],[-5.342714,36.239832],[-5.342236,36.24096],[-5.341009,36.243236],[-5.340912,36.243394],[-5.340816,36.243517],[-5.340619,36.243715],[-5.340251,36.24399],[-5.340096,36.244125],[-5.339986,36.244251],[-5.339079,36.245479],[-5.338857,36.245901],[-5.338748,36.24616],[-5.338657,36.246442],[-5.338586,36.246753],[-5.338509,36.247347],[-5.338506,36.247446],[-5.338623,36.248717],[-5.338687,36.249136],[-5.338783,36.24955],[-5.338978,36.250085],[-5.339636,36.251557],[-5.339735,36.25193],[-5.339797,36.252256],[-5.339844,36.252625],[-5.339857,36.252993],[-5.33983,36.253497],[-5.339722,36.25406],[-5.339553,36.254575],[-5.3393,36.255145],[-5.339178,36.255351],[-5.338902,36.255707],[-5.338532,36.256029],[-5.338265,36.25621],[-5.335557,36.257764],[-5.335234,36.257991],[-5.334911,36.258247],[-5.334861,36.25827],[-5.334215,36.258807],[-5.333886,36.259087],[-5.333672,36.259251],[-5.333465,36.259385],[-5.333106,36.259554],[-5.332678,36.259694],[-5.332412,36.25981],[-5.332024,36.260007],[-5.331885,36.260086],[-5.331859,36.260117],[-5.331058,36.26056],[-5.330927,36.260655],[-5.330806,36.260757],[-5.33069,36.26089],[-5.330182,36.261531],[-5.329908,36.261779],[-5.329706,36.26191],[-5.329597,36.261969],[-5.329204,36.262131],[-5.32877,36.262228],[-5.328341,36.262263],[-5.327724,36.262269],[-5.327438,36.262287],[-5.327288,36.262311],[-5.326986,36.262396],[-5.326588,36.262574],[-5.324938,36.263475],[-5.324611,36.263613],[-5.32426,36.263684],[-5.323995,36.263698],[-5.323714,36.263673],[-5.322677,36.26341],[-5.322307,36.263346],[-5.322035,36.263332],[-5.321741,36.263345],[-5.321546,36.263372],[-5.321194,36.263466],[-5.319727,36.26398],[-5.319561,36.264003],[-5.319402,36.264002],[-5.319284,36.263983],[-5.319193,36.263951],[-5.319075,36.263898],[-5.318985,36.263833],[-5.318854,36.263721],[-5.318308,36.263083],[-5.318185,36.262969],[-5.318067,36.262888],[-5.317947,36.26283],[-5.317812,36.262794],[-5.317685,36.262784],[-5.317536,36.262791],[-5.31738,36.262835],[-5.317112,36.262955],[-5.316931,36.263079],[-5.316755,36.263223],[-5.316483,36.263572],[-5.316379,36.263775],[-5.316311,36.26398],[-5.316289,36.264191],[-5.316316,36.264628],[-5.31649,36.265444],[-5.316503,36.265772],[-5.31647,36.266032],[-5.31637,36.266456],[-5.316246,36.267149],[-5.316233,36.267627],[-5.316245,36.267887],[-5.31629,36.268212],[-5.316357,36.268523],[-5.316608,36.269354],[-5.316657,36.269632],[-5.316671,36.269917],[-5.316661,36.27021],[-5.31657,36.270915],[-5.316549,36.271295],[-5.31659,36.271703],[-5.316641,36.271939],[-5.316911,36.272878],[-5.316948,36.273093],[-5.316972,36.273433],[-5.316931,36.273964],[-5.316888,36.27416],[-5.316742,36.274531],[-5.316135,36.275602],[-5.314819,36.277695],[-5.314668,36.277913],[-5.314383,36.278217],[-5.314206,36.278344],[-5.314163,36.27835],[-5.314125,36.278381],[-5.314116,36.27845],[-5.314138,36.278475],[-5.314086,36.278689],[-5.31249,36.282896],[-5.312265,36.28337],[-5.312115,36.283621],[-5.311656,36.284211],[-5.311229,36.284656],[-5.310906,36.284939],[-5.310806,36.285055],[-5.310735,36.285137],[-5.310662,36.285263],[-5.310613,36.285456],[-5.310676,36.285379],[-5.310734,36.285351],[-5.310815,36.285337],[-5.310927,36.285351],[-5.311034,36.28539],[-5.311113,36.285494],[-5.311109,36.285588],[-5.310467,36.286891],[-5.31029,36.287124],[-5.31006,36.287354],[-5.309714,36.287664],[-5.309626,36.2878],[-5.308962,36.288301],[-5.308261,36.288752],[-5.307476,36.289174],[-5.30651,36.289612],[-5.304481,36.290398],[-5.304295,36.290467],[-5.299955,36.292108],[-5.299433,36.292285],[-5.294865,36.293651],[-5.293728,36.293959],[-5.292611,36.294284],[-5.289957,36.295083],[-5.288857,36.295429],[-5.287073,36.295951],[-5.285863,36.296357],[-5.285265,36.296588],[-5.28452,36.296923],[-5.284028,36.297176],[-5.283744,36.297329],[-5.282983,36.297802],[-5.28229,36.298302],[-5.281724,36.29878],[-5.28143,36.299057],[-5.281136,36.299348],[-5.280636,36.299887],[-5.280329,36.300273],[-5.280081,36.30062],[-5.279748,36.301159],[-5.279502,36.30161],[-5.27927,36.302089],[-5.279002,36.302771],[-5.278866,36.303193],[-5.278752,36.303626],[-5.278267,36.306346],[-5.277978,36.307682],[-5.277604,36.309],[-5.277199,36.310143],[-5.2768,36.31112],[-5.276271,36.31223],[-5.275912,36.312906],[-5.275589,36.31347],[-5.274789,36.314732],[-5.274324,36.315383],[-5.27384,36.316023],[-5.273311,36.316677],[-5.272757,36.317318],[-5.271922,36.318209],[-5.270864,36.319217],[-5.270187,36.319815],[-5.269353,36.320506],[-5.269268,36.320572],[-5.267943,36.321609],[-5.266921,36.322463],[-5.266654,36.322737],[-5.266174,36.323278],[-5.265836,36.323724],[-5.265666,36.323976],[-5.265457,36.324321],[-5.265129,36.324962],[-5.264999,36.325262],[-5.264772,36.325923],[-5.264638,36.326441],[-5.264553,36.327022],[-5.264515,36.327527],[-5.264508,36.328053],[-5.264571,36.328672],[-5.264676,36.329264],[-5.264884,36.329982],[-5.265111,36.330554],[-5.265394,36.331112],[-5.265568,36.331426],[-5.265719,36.331659],[-5.266167,36.33226],[-5.267109,36.333392],[-5.267423,36.333793],[-5.267889,36.334507],[-5.268147,36.335014],[-5.26839,36.335579],[-5.268557,36.336095],[-5.268663,36.336528],[-5.268719,36.336846],[-5.268727,36.336988],[-5.268803,36.337787],[-5.268797,36.338057],[-5.268763,36.338541],[-5.268599,36.339891],[-5.268552,36.340741],[-5.268584,36.341611],[-5.268686,36.342201],[-5.268878,36.342949],[-5.268972,36.343248],[-5.269228,36.34388],[-5.269388,36.344218],[-5.269741,36.344853],[-5.270514,36.346136],[-5.270915,36.346999],[-5.271054,36.347376],[-5.271249,36.348036],[-5.271367,36.348654],[-5.271402,36.348976],[-5.271443,36.34967],[-5.271426,36.35038],[-5.271337,36.351056],[-5.271256,36.351458],[-5.271096,36.352005],[-5.270888,36.352591],[-5.270624,36.35316],[-5.269257,36.355826],[-5.268887,36.356719],[-5.26857,36.357643],[-5.268369,36.358355],[-5.268202,36.359077],[-5.268084,36.359741],[-5.267996,36.360373],[-5.267926,36.361355],[-5.267911,36.361845],[-5.26794,36.362883],[-5.26798,36.363448],[-5.268078,36.364239],[-5.268564,36.366956],[-5.268622,36.367485],[-5.268654,36.368018],[-5.26863,36.368926],[-5.26851,36.369895],[-5.268425,36.370318],[-5.268319,36.370735],[-5.268088,36.371478],[-5.267954,36.371836],[-5.267618,36.372589],[-5.267262,36.373253],[-5.267057,36.373578],[-5.266813,36.373949],[-5.266277,36.374662],[-5.265843,36.375165],[-5.265259,36.375813],[-5.265051,36.376039],[-5.264989,36.376171],[-5.264725,36.376477],[-5.264661,36.376541],[-5.264573,36.37658],[-5.264224,36.377006],[-5.264111,36.377146],[-5.263496,36.378106],[-5.263212,36.378615],[-5.262739,36.379631],[-5.262491,36.380287],[-5.262305,36.380904],[-5.262181,36.38141],[-5.262093,36.381822],[-5.261982,36.382566],[-5.261915,36.383443],[-5.26187,36.384783],[-5.261834,36.385195],[-5.261781,36.385532],[-5.261704,36.385879],[-5.261633,36.386115],[-5.261479,36.386556],[-5.261356,36.386827],[-5.261193,36.387133],[-5.260955,36.387525],[-5.260716,36.387873],[-5.260467,36.388171],[-5.260072,36.388594],[-5.259651,36.389006],[-5.259249,36.389337],[-5.259094,36.389441],[-5.258551,36.389774],[-5.258185,36.389948],[-5.257744,36.390126],[-5.255932,36.390765],[-5.255249,36.391044],[-5.254777,36.391278],[-5.254402,36.391491],[-5.253766,36.391922],[-5.253488,36.392138],[-5.253224,36.392377],[-5.252755,36.392847],[-5.252546,36.393091],[-5.252167,36.393614],[-5.251776,36.394305],[-5.251653,36.394597],[-5.251476,36.395094],[-5.25105,36.396611],[-5.250844,36.397106],[-5.250562,36.397644],[-5.250096,36.398322],[-5.249666,36.398822],[-5.249184,36.399284],[-5.248647,36.399708],[-5.248376,36.399897],[-5.247883,36.400202],[-5.247271,36.400513],[-5.246943,36.400663],[-5.24626,36.400914],[-5.245654,36.401087],[-5.244974,36.401237],[-5.244498,36.40131],[-5.243925,36.40137],[-5.243435,36.401394],[-5.242131,36.401424],[-5.241326,36.401476],[-5.240007,36.401675],[-5.238773,36.401966],[-5.235335,36.40318],[-5.232807,36.404335],[-5.23146,36.405192],[-5.228748,36.407001],[-5.227105,36.408097],[-5.226058,36.408811],[-5.225294,36.409385],[-5.224797,36.409801],[-5.224306,36.410252],[-5.224057,36.410492],[-5.223413,36.411189],[-5.223097,36.411564],[-5.222669,36.412125],[-5.222279,36.412707],[-5.22201,36.413145],[-5.221722,36.413667],[-5.221462,36.414212],[-5.221224,36.41478],[-5.221019,36.415338],[-5.220419,36.417458],[-5.220214,36.418035],[-5.219844,36.418796],[-5.219583,36.419212],[-5.219165,36.419768],[-5.218662,36.420335],[-5.217966,36.420984],[-5.2175,36.421358],[-5.216973,36.421745],[-5.216494,36.422068],[-5.215475,36.422664],[-5.214359,36.423244],[-5.213804,36.423498],[-5.213257,36.423736],[-5.212719,36.423946],[-5.2119,36.424254],[-5.211006,36.424515],[-5.208898,36.424967],[-5.207868,36.425242],[-5.206913,36.42553],[-5.20645,36.425692],[-5.205912,36.425909],[-5.205097,36.426282],[-5.204675,36.426508],[-5.20429,36.426721],[-5.203932,36.426944],[-5.203271,36.427389],[-5.202407,36.42803],[-5.200972,36.429053],[-5.199084,36.430129],[-5.196909,36.431251],[-5.195312,36.43188],[-5.194276,36.432212],[-5.193699,36.432368],[-5.193466,36.432402],[-5.192819,36.432487],[-5.192289,36.432535],[-5.191729,36.432563],[-5.187965,36.432638],[-5.186244,36.432733],[-5.185642,36.432776],[-5.184924,36.432856],[-5.183636,36.433057],[-5.182383,36.433304],[-5.181155,36.433582],[-5.180747,36.433669],[-5.180262,36.433748],[-5.179807,36.433805],[-5.179021,36.433871],[-5.178565,36.433885],[-5.177816,36.433883],[-5.176987,36.433828],[-5.176501,36.433769],[-5.17563,36.433642],[-5.173983,36.433373],[-5.17302,36.433241],[-5.172218,36.433154],[-5.171478,36.433098],[-5.170637,36.433056],[-5.169152,36.433029],[-5.168105,36.433017],[-5.166828,36.433031],[-5.165001,36.433033],[-5.163849,36.433023],[-5.162801,36.433064],[-5.161826,36.433139],[-5.16112,36.433227],[-5.160429,36.433336],[-5.159424,36.433527],[-5.157226,36.434082],[-5.154969,36.434662],[-5.154724,36.434725],[-5.152866,36.435189],[-5.152283,36.435309],[-5.151547,36.435447],[-5.150497,36.435577],[-5.149466,36.43566],[-5.149129,36.435676],[-5.148478,36.435678],[-5.147524,36.435657],[-5.146141,36.435576],[-5.14305,36.435295],[-5.14247,36.435241],[-5.141877,36.435228],[-5.141488,36.435242],[-5.141095,36.435264],[-5.140587,36.435317],[-5.139737,36.43544],[-5.139435,36.435542],[-5.138795,36.435713],[-5.138261,36.435891],[-5.137613,36.436142],[-5.137011,36.436428],[-5.135987,36.437022],[-5.135498,36.437338],[-5.135272,36.437506],[-5.134979,36.437726],[-5.134527,36.438097],[-5.134239,36.438359],[-5.133956,36.438632],[-5.13322,36.439442],[-5.132898,36.439874],[-5.132597,36.440316],[-5.132351,36.440716],[-5.132121,36.441157],[-5.131844,36.441747],[-5.131626,36.442347],[-5.130735,36.445247],[-5.130417,36.446125],[-5.130045,36.447003],[-5.129451,36.448168],[-5.12874,36.449327],[-5.128287,36.450017],[-5.127736,36.450728],[-5.126449,36.452207],[-5.126,36.452675],[-5.125345,36.453294],[-5.124792,36.453771],[-5.124212,36.454242],[-5.123419,36.454858],[-5.121182,36.456444],[-5.120635,36.456847],[-5.120118,36.457254],[-5.119573,36.457728],[-5.118716,36.458581],[-5.11807,36.459318],[-5.117394,36.46023],[-5.117116,36.460659],[-5.116834,36.46114],[-5.116384,36.462041],[-5.116201,36.462443],[-5.11582,36.463494],[-5.115644,36.464071],[-5.115391,36.465045],[-5.114924,36.467098],[-5.114812,36.467571],[-5.114679,36.467988],[-5.114487,36.468446],[-5.114349,36.468785],[-5.114155,36.469165],[-5.113976,36.46947],[-5.113724,36.469837],[-5.113276,36.47037],[-5.112977,36.470703],[-5.112638,36.47104],[-5.111663,36.471854],[-5.111024,36.472277],[-5.110638,36.472503],[-5.110094,36.472786],[-5.109547,36.47303],[-5.108939,36.473311],[-5.108321,36.473548],[-5.10781,36.473694],[-5.107347,36.473791],[-5.106938,36.473852],[-5.106094,36.47398],[-5.10523,36.474072],[-5.104316,36.474098],[-5.103309,36.474069],[-5.102313,36.47399],[-5.100174,36.473785],[-5.098996,36.473738],[-5.098345,36.473747],[-5.097718,36.473786],[-5.096951,36.473875],[-5.096148,36.474011],[-5.095186,36.474253],[-5.094666,36.474412],[-5.094184,36.474585],[-5.093614,36.474816],[-5.093114,36.47504],[-5.092534,36.47534],[-5.091789,36.475792],[-5.091437,36.476035],[-5.090602,36.476676],[-5.089902,36.477367],[-5.088671,36.478681],[-5.087605,36.479782],[-5.086855,36.480488],[-5.086061,36.481172],[-5.08554,36.481582],[-5.084548,36.482274],[-5.083633,36.48285],[-5.083196,36.483106],[-5.082156,36.483656],[-5.081499,36.483973],[-5.080994,36.484202],[-5.079708,36.484692],[-5.078918,36.484961],[-5.078053,36.485228],[-5.077483,36.485385],[-5.076785,36.485545],[-5.075612,36.485778],[-5.074806,36.485912],[-5.073315,36.486076],[-5.072521,36.486129],[-5.071436,36.486151],[-5.069802,36.486111],[-5.068755,36.486039],[-5.067693,36.485926],[-5.066352,36.485718],[-5.065075,36.485442],[-5.064428,36.485276],[-5.060494,36.484274],[-5.059839,36.484144],[-5.057988,36.483874],[-5.056497,36.483824],[-5.055386,36.483865],[-5.054623,36.48393],[-5.053856,36.484023],[-5.052476,36.484274],[-5.051439,36.484547],[-5.050399,36.48487],[-5.049669,36.485142],[-5.048939,36.485448],[-5.048226,36.485802],[-5.047467,36.486212],[-5.046707,36.486682],[-5.045986,36.487184],[-5.045289,36.48773],[-5.044682,36.488265],[-5.044247,36.488672],[-5.041963,36.490949],[-5.041232,36.491642],[-5.040236,36.492545],[-5.039338,36.493249],[-5.03843,36.493893],[-5.037425,36.494495],[-5.036461,36.495009],[-5.035802,36.495327],[-5.035154,36.495622],[-5.034335,36.495943],[-5.033415,36.496267],[-5.032462,36.496549],[-5.031512,36.496794],[-5.030641,36.496967],[-5.029823,36.497113],[-5.029278,36.497185],[-5.028029,36.497317],[-5.02701,36.497371],[-5.025974,36.497384],[-5.02488,36.497356],[-5.023461,36.497252],[-5.021986,36.497116],[-5.021229,36.497073],[-5.0205,36.497054],[-5.01998,36.497066],[-5.019102,36.497131],[-5.018673,36.497181],[-5.017701,36.49735],[-5.016898,36.497545],[-5.016506,36.49766],[-5.014223,36.498403],[-5.013108,36.498699],[-5.011755,36.499],[-5.01127,36.499106],[-5.010299,36.499238],[-5.010077,36.499258],[-5.007861,36.499339],[-5.007713,36.499346],[-5.006497,36.49943],[-5.005804,36.499509],[-5.005282,36.499591],[-5.003947,36.499837],[-5.003454,36.499953],[-5.002496,36.500221],[-5.001736,36.500471],[-5.001645,36.5005],[-5.000699,36.500866],[-4.999441,36.501461],[-4.998573,36.501939],[-4.997326,36.502733],[-4.996442,36.50343],[-4.995718,36.504057],[-4.994885,36.504904],[-4.994429,36.50543],[-4.994047,36.505945],[-4.993616,36.506503],[-4.993095,36.507392],[-4.99231,36.508748],[-4.991855,36.509454],[-4.991402,36.5101],[-4.990727,36.510899],[-4.990308,36.511346],[-4.989819,36.511824],[-4.989342,36.512246],[-4.988938,36.512571],[-4.98823,36.513094],[-4.98605,36.514585],[-4.985312,36.515154],[-4.984808,36.515618],[-4.983903,36.516519],[-4.983188,36.517365],[-4.981929,36.518981],[-4.981152,36.519937],[-4.980567,36.520562],[-4.980075,36.521045],[-4.979024,36.521943],[-4.978253,36.522524],[-4.97745,36.523062],[-4.976852,36.523461],[-4.976051,36.523915],[-4.974215,36.524802],[-4.973145,36.525221],[-4.971453,36.525767],[-4.969412,36.526191],[-4.968566,36.52628],[-4.967055,36.526359],[-4.965962,36.526312],[-4.965164,36.526241],[-4.963749,36.526043],[-4.960393,36.525639],[-4.959964,36.5256],[-4.95947,36.52558],[-4.958728,36.525586],[-4.95802,36.525617],[-4.956899,36.525729],[-4.954639,36.526061],[-4.953949,36.526141],[-4.952996,36.526218],[-4.9519,36.526217],[-4.951127,36.526178],[-4.950178,36.526087],[-4.949456,36.525981],[-4.948897,36.525881],[-4.947826,36.525642],[-4.947115,36.525445],[-4.946597,36.525283],[-4.946076,36.525098],[-4.945404,36.524834],[-4.944912,36.524626],[-4.94443,36.524395],[-4.943957,36.524151],[-4.943037,36.523621],[-4.94217,36.523038],[-4.941758,36.522732],[-4.941365,36.522414],[-4.940732,36.521853],[-4.94025,36.521385],[-4.93991,36.52102],[-4.939268,36.520279],[-4.938446,36.519216],[-4.93707,36.517267],[-4.936778,36.516887],[-4.936265,36.516296],[-4.935955,36.515984],[-4.935634,36.515697],[-4.935364,36.515487],[-4.935086,36.515284],[-4.9344,36.514856],[-4.933993,36.514622],[-4.93246,36.513819],[-4.932003,36.513599],[-4.931493,36.51338],[-4.931143,36.513261],[-4.930604,36.513099],[-4.929977,36.51294],[-4.92921,36.512841],[-4.928908,36.51282],[-4.928519,36.512812],[-4.927373,36.512834],[-4.923495,36.513039],[-4.922862,36.513084],[-4.922052,36.513167],[-4.918936,36.513596],[-4.913577,36.514364],[-4.913042,36.514456],[-4.912231,36.514631],[-4.911683,36.514776],[-4.910895,36.51502],[-4.910134,36.5153],[-4.908612,36.515897],[-4.90802,36.516094],[-4.907536,36.51623],[-4.906872,36.516355],[-4.906256,36.516417],[-4.905878,36.516442],[-4.904517,36.516449],[-4.902792,36.516453],[-4.901619,36.516445],[-4.900856,36.516489],[-4.899963,36.516594],[-4.899177,36.51675],[-4.898527,36.516922],[-4.89372,36.518468],[-4.89287,36.518687],[-4.892266,36.518816],[-4.891782,36.51889],[-4.891251,36.518945],[-4.888669,36.519157],[-4.887588,36.519316],[-4.887047,36.51942],[-4.884214,36.520037],[-4.884027,36.520096],[-4.882023,36.520534],[-4.881615,36.520602],[-4.881034,36.520667],[-4.880728,36.520682],[-4.880413,36.520669],[-4.880051,36.520656],[-4.879643,36.520622],[-4.87898,36.520515],[-4.878359,36.520354],[-4.877427,36.52008],[-4.87623,36.519812],[-4.875654,36.51972],[-4.875032,36.51965],[-4.87452,36.519623],[-4.874286,36.519652],[-4.873458,36.519669],[-4.873049,36.519702],[-4.872695,36.519749],[-4.871947,36.519871],[-4.870192,36.520234],[-4.868972,36.520495],[-4.867963,36.520677],[-4.866642,36.520844],[-4.86367,36.521046],[-4.862844,36.521145],[-4.862013,36.52129],[-4.861268,36.521467],[-4.860593,36.521669],[-4.859912,36.521914],[-4.85916,36.522237],[-4.8579,36.522878],[-4.856763,36.52345],[-4.856282,36.523661],[-4.855815,36.523844],[-4.855314,36.524006],[-4.854943,36.524106],[-4.854623,36.524182],[-4.853805,36.524334],[-4.853173,36.524403],[-4.852683,36.524431],[-4.852107,36.524436],[-4.851416,36.524399],[-4.850983,36.524356],[-4.850534,36.524291],[-4.850106,36.524213],[-4.849233,36.523999],[-4.848557,36.523784],[-4.84791,36.523509],[-4.84731,36.523208],[-4.846823,36.522924],[-4.846263,36.522537],[-4.845667,36.522062],[-4.84458,36.521138],[-4.843737,36.520491],[-4.843449,36.520291],[-4.842885,36.519958],[-4.842307,36.519664],[-4.841458,36.519312],[-4.841057,36.519176],[-4.840651,36.519059],[-4.840152,36.518941],[-4.839359,36.518794],[-4.838565,36.518693],[-4.837744,36.518637],[-4.837019,36.518612],[-4.835653,36.518623],[-4.833436,36.518701],[-4.832561,36.518695],[-4.832069,36.518669],[-4.831554,36.518613],[-4.830597,36.518467],[-4.830133,36.518356],[-4.829713,36.518225],[-4.829004,36.517989],[-4.82844,36.51775],[-4.827233,36.517147],[-4.825522,36.516189],[-4.825195,36.516024],[-4.824291,36.515614],[-4.823583,36.51534],[-4.822811,36.515125],[-4.822094,36.514972],[-4.821057,36.514832],[-4.820056,36.514799],[-4.819321,36.514823],[-4.818208,36.514967],[-4.817286,36.515152],[-4.815364,36.515705],[-4.813448,36.51631],[-4.811498,36.51683],[-4.809871,36.517134],[-4.808759,36.517272],[-4.807645,36.517335],[-4.806328,36.517343],[-4.805011,36.517258],[-4.802272,36.516816],[-4.800902,36.516433],[-4.797555,36.515325],[-4.79669,36.515097],[-4.795696,36.514933],[-4.794343,36.514795],[-4.791353,36.514806],[-4.790721,36.514769],[-4.789886,36.514685],[-4.78929,36.514589],[-4.788474,36.51441],[-4.787739,36.514221],[-4.786986,36.513963],[-4.784572,36.513016],[-4.78394,36.512825],[-4.783216,36.512666],[-4.782665,36.512573],[-4.781838,36.512497],[-4.780968,36.512465],[-4.779946,36.512495],[-4.77825,36.512584],[-4.777258,36.512588],[-4.776419,36.512538],[-4.775507,36.512409],[-4.774352,36.51213],[-4.773883,36.511978],[-4.771069,36.510835],[-4.770349,36.510609],[-4.769643,36.510429],[-4.768783,36.51027],[-4.768004,36.510182],[-4.766032,36.510073],[-4.764683,36.509969],[-4.763929,36.509857],[-4.763168,36.509677],[-4.762368,36.509433],[-4.761452,36.509052],[-4.76023,36.508415],[-4.758442,36.507402],[-4.757756,36.507058],[-4.757097,36.506781],[-4.756506,36.50656],[-4.755781,36.506353],[-4.755026,36.506183],[-4.754113,36.506058],[-4.753077,36.505999],[-4.752034,36.506029],[-4.750543,36.506126],[-4.749246,36.506242],[-4.748135,36.50625],[-4.747073,36.506232],[-4.74566,36.506111],[-4.744533,36.505967],[-4.743473,36.505757],[-4.742512,36.505508],[-4.740914,36.505021],[-4.738754,36.504321],[-4.737672,36.504054],[-4.736739,36.503901],[-4.736006,36.503853],[-4.735236,36.503838],[-4.73482,36.503848],[-4.73389,36.503931],[-4.733333,36.504016],[-4.732892,36.504115],[-4.732033,36.504369],[-4.731357,36.504609],[-4.730663,36.504888],[-4.728142,36.505779],[-4.726292,36.506382],[-4.725346,36.506586],[-4.724335,36.506705],[-4.724021,36.506727],[-4.723251,36.506705],[-4.722651,36.50669],[-4.722159,36.506653],[-4.721155,36.506503],[-4.720767,36.506422],[-4.720566,36.506348],[-4.720042,36.50621],[-4.719333,36.505976],[-4.718486,36.505624],[-4.717894,36.505465],[-4.717755,36.505439],[-4.717558,36.50543],[-4.717304,36.505412],[-4.717127,36.505443],[-4.716973,36.505457],[-4.716212,36.505348],[-4.715976,36.505314],[-4.715303,36.505252],[-4.714657,36.505246],[-4.714221,36.505257],[-4.713352,36.505342],[-4.712648,36.505489],[-4.711763,36.50567],[-4.710855,36.505977],[-4.710152,36.506307],[-4.709461,36.506676],[-4.708868,36.507062],[-4.708301,36.507501],[-4.707914,36.507862],[-4.707393,36.508407],[-4.706995,36.508879],[-4.705454,36.510983],[-4.704636,36.511889],[-4.703801,36.512626],[-4.702788,36.513361],[-4.702101,36.513757],[-4.701353,36.514127],[-4.700731,36.514383],[-4.700045,36.514616],[-4.699253,36.514853],[-4.698223,36.515096],[-4.695932,36.515583],[-4.694966,36.515839],[-4.693752,36.516236],[-4.692682,36.516654],[-4.691949,36.516984],[-4.690789,36.517588],[-4.689754,36.518232],[-4.688523,36.519151],[-4.687782,36.519804],[-4.687446,36.520128],[-4.687145,36.520447],[-4.686547,36.521119],[-4.686006,36.521838],[-4.685578,36.522447],[-4.685297,36.522899],[-4.684742,36.523956],[-4.684352,36.524967],[-4.68227,36.531507],[-4.681825,36.532834],[-4.681722,36.53315],[-4.68148,36.533775],[-4.681239,36.534295],[-4.680891,36.534962],[-4.680441,36.535684],[-4.680031,36.536216],[-4.679615,36.5367],[-4.678976,36.537324],[-4.67875,36.537525],[-4.678471,36.53774],[-4.678058,36.538004],[-4.677535,36.538384],[-4.676912,36.538731],[-4.676198,36.539079],[-4.675474,36.539379],[-4.674564,36.539687],[-4.673827,36.539872],[-4.6727,36.540079],[-4.671602,36.540189],[-4.670518,36.540257],[-4.669338,36.540292],[-4.667201,36.540292],[-4.66608,36.540333],[-4.664963,36.540417],[-4.664219,36.540504],[-4.663451,36.540632],[-4.662658,36.540833],[-4.661875,36.541099],[-4.661268,36.541339],[-4.660302,36.541812],[-4.659933,36.54203],[-4.659447,36.542342],[-4.658583,36.543019],[-4.658264,36.543314],[-4.657945,36.543646],[-4.657281,36.544469],[-4.657117,36.544722],[-4.656734,36.545376],[-4.656452,36.545995],[-4.656285,36.546423],[-4.65614,36.546904],[-4.656017,36.547484],[-4.655926,36.548252],[-4.655889,36.549689],[-4.656026,36.554398],[-4.656062,36.555675],[-4.656179,36.559754],[-4.656123,36.560753],[-4.656015,36.561605],[-4.655848,36.56232],[-4.655613,36.563014],[-4.655413,36.563479],[-4.655001,36.564211],[-4.654516,36.564919],[-4.653741,36.565788],[-4.653089,36.566373],[-4.652242,36.566992],[-4.651431,36.567464],[-4.650613,36.567861],[-4.649786,36.568179],[-4.649276,36.568354],[-4.648696,36.568504],[-4.64776,36.568682],[-4.646895,36.568798],[-4.645737,36.568846],[-4.64492,36.568824],[-4.644035,36.568752],[-4.643183,36.568619],[-4.641889,36.568293],[-4.639542,36.567377],[-4.638228,36.566755],[-4.637009,36.566257],[-4.635849,36.565902],[-4.634968,36.565726],[-4.634496,36.56565],[-4.633937,36.565596],[-4.633328,36.565575],[-4.63229,36.565628],[-4.631614,36.565709],[-4.631143,36.565787],[-4.630702,36.56588],[-4.629867,36.566114],[-4.629298,36.566313],[-4.628669,36.566585],[-4.628205,36.566818],[-4.627894,36.566991],[-4.62746,36.567264],[-4.62705,36.567554],[-4.626544,36.567954],[-4.62602,36.568436],[-4.625332,36.569117],[-4.624708,36.569831],[-4.6229,36.572059],[-4.622392,36.572607],[-4.621954,36.573023],[-4.621458,36.573452],[-4.621277,36.57355],[-4.620326,36.574243],[-4.619444,36.574775],[-4.618748,36.575137],[-4.617835,36.575555],[-4.616624,36.575961],[-4.614071,36.576785],[-4.613328,36.577057],[-4.612311,36.577477],[-4.611078,36.578078],[-4.609794,36.578848],[-4.608432,36.579875],[-4.603645,36.583895],[-4.602499,36.58475],[-4.601854,36.585157],[-4.600862,36.585637],[-4.600028,36.585998],[-4.599138,36.58631],[-4.598028,36.586568],[-4.597272,36.586728],[-4.596229,36.586886],[-4.59537,36.586975],[-4.593382,36.587129],[-4.590973,36.587333],[-4.590041,36.587461],[-4.588653,36.587732],[-4.587241,36.588096],[-4.586578,36.588325],[-4.585823,36.588612],[-4.585341,36.588806],[-4.584587,36.589148],[-4.583294,36.589826],[-4.58248,36.590338],[-4.581621,36.590954],[-4.580375,36.591988],[-4.57933,36.592942],[-4.575469,36.596992],[-4.573328,36.599289],[-4.571153,36.601566],[-4.570056,36.602668],[-4.569317,36.603279],[-4.568676,36.603665],[-4.568131,36.60394],[-4.567678,36.60412],[-4.567173,36.604303],[-4.56665,36.60445],[-4.566033,36.604607],[-4.565325,36.604726],[-4.564509,36.604806],[-4.56247,36.604878],[-4.561873,36.604941],[-4.561461,36.605011],[-4.560606,36.605209],[-4.56016,36.605343],[-4.559209,36.605691],[-4.558117,36.606129],[-4.5573,36.606359],[-4.556815,36.606462],[-4.556388,36.606527],[-4.555991,36.606572],[-4.555495,36.606604],[-4.554917,36.606615],[-4.554282,36.606578],[-4.553637,36.606499],[-4.553229,36.606424],[-4.552768,36.606319],[-4.551725,36.606042],[-4.550922,36.605864],[-4.550414,36.605774],[-4.549813,36.605707],[-4.549284,36.605671],[-4.54841,36.605668],[-4.547577,36.605735],[-4.547102,36.605794],[-4.54615,36.605969],[-4.54559,36.60611],[-4.544823,36.606358],[-4.544305,36.606572],[-4.543715,36.606841],[-4.542622,36.60734],[-4.539887,36.608609],[-4.538545,36.609209],[-4.53774,36.609537],[-4.536394,36.609971],[-4.535937,36.610073],[-4.535475,36.610169],[-4.535029,36.61024],[-4.53365,36.610407],[-4.532624,36.610512],[-4.53211,36.610585],[-4.531448,36.610712],[-4.530777,36.610901],[-4.530467,36.611012],[-4.530128,36.611145],[-4.529512,36.611454],[-4.529082,36.611728],[-4.528614,36.612056],[-4.527299,36.613061],[-4.526939,36.613308],[-4.526757,36.61343],[-4.526203,36.613725],[-4.525638,36.61397],[-4.525333,36.614081],[-4.525009,36.614176],[-4.522584,36.614766],[-4.521849,36.615027],[-4.52133,36.615254],[-4.520898,36.615483],[-4.520433,36.615767],[-4.519772,36.616292],[-4.519356,36.616742],[-4.519139,36.617002],[-4.518867,36.617383],[-4.518551,36.617941],[-4.518417,36.618227],[-4.518312,36.61852],[-4.518207,36.618889],[-4.517915,36.620259],[-4.517548,36.621807],[-4.517264,36.622684],[-4.517108,36.623072],[-4.5167,36.623961],[-4.516295,36.624675],[-4.516049,36.624986],[-4.514271,36.627499],[-4.513907,36.628045],[-4.513652,36.628459],[-4.513047,36.629554],[-4.512467,36.630806],[-4.511567,36.632884],[-4.510891,36.634273],[-4.508332,36.639385],[-4.508031,36.639857],[-4.50747,36.64071],[-4.50705,36.641171],[-4.50653,36.641664],[-4.506055,36.64202],[-4.505587,36.64232],[-4.504707,36.642729],[-4.503502,36.643121],[-4.502896,36.643231],[-4.502462,36.643274],[-4.501583,36.643301],[-4.501197,36.64328],[-4.50064,36.643214],[-4.500005,36.64311],[-4.499133,36.642928],[-4.498192,36.642768],[-4.497408,36.642704],[-4.496879,36.642711],[-4.496314,36.642756],[-4.495791,36.642841],[-4.4953,36.642948],[-4.494646,36.643148],[-4.493904,36.643456],[-4.493381,36.643758],[-4.492878,36.644117],[-4.492454,36.644493],[-4.492072,36.644888],[-4.491627,36.645468],[-4.491262,36.64603],[-4.491236,36.646065],[-4.49115,36.646195],[-4.49054,36.647062],[-4.490093,36.647504],[-4.489851,36.647693],[-4.489241,36.648079],[-4.488944,36.648237],[-4.488629,36.648376],[-4.488334,36.648478],[-4.488199,36.648515],[-4.488071,36.64857],[-4.487741,36.648653],[-4.487158,36.648749],[-4.486729,36.648789],[-4.484936,36.648896],[-4.484758,36.648888],[-4.483896,36.64898],[-4.483688,36.649011],[-4.483363,36.649087],[-4.482937,36.649209],[-4.48251,36.649368],[-4.482033,36.649598],[-4.481667,36.649821],[-4.481375,36.650027],[-4.481134,36.650221],[-4.480752,36.650589],[-4.4791,36.652544],[-4.478188,36.653635],[-4.476997,36.655051],[-4.471475,36.661639],[-4.471384,36.661748],[-4.4707,36.662564],[-4.470441,36.662876],[-4.469533,36.663956],[-4.468994,36.664576],[-4.468828,36.664768],[-4.468739,36.6649],[-4.467944,36.665876],[-4.467637,36.666358],[-4.467469,36.666687],[-4.467285,36.667139],[-4.467157,36.667594],[-4.467069,36.668018],[-4.467034,36.668466],[-4.467033,36.668899],[-4.467061,36.669566],[-4.467055,36.669941],[-4.467024,36.670258],[-4.466944,36.670713],[-4.466808,36.671157],[-4.46658,36.671697],[-4.466466,36.67189],[-4.466309,36.672154],[-4.466016,36.672561],[-4.465358,36.673292],[-4.465126,36.673554],[-4.464914,36.673827],[-4.464641,36.674217],[-4.464332,36.674731],[-4.463908,36.675566],[-4.463745,36.675974],[-4.46362,36.676341],[-4.463429,36.677045],[-4.463319,36.677683],[-4.462971,36.680572],[-4.462834,36.681621],[-4.4628,36.681874],[-4.462766,36.682162],[-4.462654,36.683126],[-4.462548,36.683801],[-4.462361,36.684694],[-4.462237,36.685401],[-4.462177,36.685884],[-4.462132,36.686374],[-4.462069,36.687768],[-4.462,36.688438],[-4.461908,36.689083],[-4.46175,36.689896],[-4.4616,36.690494],[-4.461279,36.691455],[-4.461044,36.692055],[-4.460668,36.692932],[-4.459378,36.695733],[-4.458995,36.696645],[-4.458737,36.697349],[-4.458258,36.698802],[-4.458148,36.699244],[-4.458001,36.699854],[-4.457798,36.700974],[-4.457765,36.701147],[-4.45766,36.702305],[-4.457685,36.702471],[-4.457678,36.702618],[-4.457652,36.703169],[-4.457633,36.704058],[-4.457639,36.704991],[-4.457742,36.708373],[-4.457751,36.70868],[-4.457796,36.71025],[-4.457844,36.711274],[-4.457848,36.711378],[-4.457854,36.711592],[-4.457858,36.711695],[-4.4579,36.7129],[-4.45791,36.713196],[-4.457945,36.714277],[-4.45795,36.714418],[-4.457956,36.714604],[-4.457959,36.714702],[-4.457997,36.716074],[-4.457984,36.716237],[-4.457965,36.716984],[-4.457924,36.717669],[-4.45784,36.718153],[-4.457811,36.718297],[-4.457656,36.71876],[-4.457349,36.71946],[-4.457113,36.719925],[-4.456212,36.721531],[-4.454772,36.724104],[-4.454619,36.724338],[-4.454423,36.724503],[-4.454013,36.724999],[-4.45381,36.72518],[-4.453498,36.725392],[-4.45319,36.725561],[-4.452761,36.725714],[-4.451724,36.726016],[-4.451136,36.726206],[-4.45053,36.726428],[-4.450384,36.726469],[-4.447621,36.727546],[-4.447444,36.72762],[-4.447142,36.727745],[-4.445928,36.728359],[-4.445125,36.728787],[-4.444993,36.728668],[-4.444839,36.728527],[-4.444762,36.728477],[-4.444576,36.72841],[-4.444148,36.728283],[-4.443037,36.727932],[-4.442019,36.727606],[-4.441174,36.727337],[-4.43947,36.72677],[-4.439101,36.726635],[-4.438822,36.726601],[-4.438714,36.726584],[-4.437779,36.726423],[-4.437429,36.726361],[-4.436838,36.726242],[-4.435238,36.725966],[-4.434334,36.725801],[-4.432543,36.725473],[-4.432425,36.725441],[-4.432291,36.72537],[-4.431421,36.72467],[-4.431363,36.724607],[-4.431189,36.724822],[-4.431048,36.725032],[-4.430945,36.7253],[-4.4307,36.726144],[-4.430653,36.7263],[-4.430566,36.726449],[-4.430452,36.726568],[-4.430395,36.726627],[-4.430109,36.726846],[-4.430041,36.726883],[-4.429804,36.726954],[-4.429387,36.726928],[-4.428678,36.726883],[-4.427793,36.72683],[-4.42731,36.726798],[-4.426831,36.726772],[-4.426545,36.726752],[-4.426467,36.726758],[-4.425771,36.726724],[-4.425663,36.726735],[-4.425351,36.726856],[-4.425079,36.726959],[-4.424546,36.727089],[-4.42427,36.727009],[-4.423669,36.726804],[-4.423593,36.726781],[-4.423537,36.726762],[-4.423488,36.726761],[-4.423304,36.726843],[-4.422951,36.727001],[-4.422892,36.727026],[-4.422496,36.727204],[-4.422276,36.727362],[-4.422204,36.727435],[-4.422079,36.727579],[-4.421932,36.727777],[-4.421325,36.728735],[-4.421245,36.728744],[-4.421119,36.728706],[-4.421094,36.728114],[-4.420957,36.727032],[-4.420913,36.726891],[-4.420826,36.726738],[-4.420632,36.726572],[-4.420345,36.726405],[-4.420349,36.726341],[-4.420494,36.726062],[-4.420575,36.725883],[-4.420632,36.725446],[-4.420638,36.725393],[-4.420779,36.724373],[-4.420553,36.724292],[-4.420443,36.724247],[-4.420726,36.723878],[-4.421066,36.723479],[-4.421095,36.723288]]}},{"type":"Feature","properties":{"routeId":"route-009","originId":"malaga","destinationId":"murcia","logicalEndpoints":[[-4.4214,36.7213],[-1.1307,37.9922]],"returnedEndpoints":[[-4.421095,36.723288],[-1.131228,37.991912]],"snapDistancesMeters":[222.72099463514633,56.271245733587406],"summary":{"distanceMeters":399426,"durationSeconds":22037.6},"riskSnaps":[{"riskId":"rest-deadline-vehicle-009","kind":"segment","startIndex":2859,"endIndex":2860,"startCoordinate":[-2.122397,37.629458],"endCoordinate":[-2.118977,37.632227]},{"riskId":"severe-snow-leon","kind":"segment","startIndex":1906,"endIndex":1907,"startCoordinate":[-3.280906,37.32114],"endCoordinate":[-3.279576,37.321117]}]},"geometry":{"type":"LineString","coordinates":[[-4.421095,36.723288],[-4.421429,36.723563],[-4.421642,36.723824],[-4.421746,36.724066],[-4.421685,36.724083],[-4.420902,36.724341],[-4.420779,36.724373],[-4.420553,36.724292],[-4.41973,36.724856],[-4.419436,36.725076],[-4.419108,36.725362],[-4.418767,36.725684],[-4.418893,36.725782],[-4.419012,36.725849],[-4.419624,36.726126],[-4.420345,36.726405],[-4.420698,36.726495],[-4.421028,36.726576],[-4.421941,36.726989],[-4.422184,36.727089],[-4.42246,36.72717],[-4.422496,36.727204],[-4.422276,36.727362],[-4.422204,36.727435],[-4.422214,36.727493],[-4.422249,36.72753],[-4.422306,36.727551],[-4.422387,36.727539],[-4.423034,36.727407],[-4.423444,36.72732],[-4.423828,36.727238],[-4.424103,36.727182],[-4.42422,36.727159],[-4.424546,36.727089],[-4.425079,36.726959],[-4.425351,36.726856],[-4.425663,36.726735],[-4.425675,36.727072],[-4.425571,36.72859],[-4.425308,36.729745],[-4.425257,36.730003],[-4.425224,36.730528],[-4.425133,36.731745],[-4.425058,36.732724],[-4.425042,36.732946],[-4.424945,36.734035],[-4.42491,36.734473],[-4.424689,36.737293],[-4.42465,36.737459],[-4.424632,36.737529],[-4.424574,36.737678],[-4.424436,36.737946],[-4.42366,36.739016],[-4.423559,36.739255],[-4.423462,36.739814],[-4.423366,36.740456],[-4.422987,36.743113],[-4.422676,36.745143],[-4.422624,36.745492],[-4.422519,36.746271],[-4.422503,36.746523],[-4.422517,36.74671],[-4.422643,36.74713],[-4.423088,36.747966],[-4.423966,36.749565],[-4.424196,36.749977],[-4.425279,36.751961],[-4.425495,36.752389],[-4.425735,36.752948],[-4.425871,36.753336],[-4.425941,36.753498],[-4.426059,36.753964],[-4.426159,36.754481],[-4.42623,36.75523],[-4.426256,36.755829],[-4.426279,36.756535],[-4.426312,36.756851],[-4.426371,36.756997],[-4.426378,36.757078],[-4.426402,36.757382],[-4.426422,36.758135],[-4.426388,36.758343],[-4.426324,36.758572],[-4.426102,36.759148],[-4.425956,36.759405],[-4.425832,36.75957],[-4.425506,36.760019],[-4.424999,36.760639],[-4.424729,36.761008],[-4.424429,36.761531],[-4.424368,36.761695],[-4.42418,36.762226],[-4.424098,36.762596],[-4.423935,36.763635],[-4.423712,36.764877],[-4.423651,36.765391],[-4.423649,36.765853],[-4.423682,36.766198],[-4.423779,36.766635],[-4.423897,36.766993],[-4.424128,36.767489],[-4.424911,36.768876],[-4.425164,36.769369],[-4.425358,36.769885],[-4.425472,36.770339],[-4.425517,36.770782],[-4.425535,36.772528],[-4.425555,36.773388],[-4.425561,36.774176],[-4.425554,36.775411],[-4.425563,36.776047],[-4.425598,36.776337],[-4.425686,36.77663],[-4.42581,36.776892],[-4.42592,36.77708],[-4.426253,36.777491],[-4.426875,36.778198],[-4.427388,36.778859],[-4.427555,36.779131],[-4.427731,36.779485],[-4.428053,36.780221],[-4.428295,36.780664],[-4.428453,36.780865],[-4.428673,36.781095],[-4.428921,36.781322],[-4.429257,36.781542],[-4.4299,36.781837],[-4.431915,36.782534],[-4.432219,36.782662],[-4.432491,36.782802],[-4.432788,36.782999],[-4.433213,36.783406],[-4.433353,36.783597],[-4.433458,36.783779],[-4.433606,36.784038],[-4.433679,36.784336],[-4.433708,36.78459],[-4.433692,36.785066],[-4.433593,36.785511],[-4.433001,36.787156],[-4.432707,36.788034],[-4.43262,36.788393],[-4.43261,36.788623],[-4.432631,36.788948],[-4.43272,36.78932],[-4.43282,36.789569],[-4.433025,36.79006],[-4.433304,36.790716],[-4.43346,36.791167],[-4.433534,36.791505],[-4.433545,36.79187],[-4.433288,36.794133],[-4.433275,36.794461],[-4.433289,36.794726],[-4.433326,36.79498],[-4.433436,36.795335],[-4.433578,36.795627],[-4.434096,36.796432],[-4.434237,36.796732],[-4.434315,36.796963],[-4.434373,36.797203],[-4.4344,36.797495],[-4.434368,36.797953],[-4.434114,36.79949],[-4.434077,36.799827],[-4.43407,36.800105],[-4.434094,36.800398],[-4.434143,36.800675],[-4.434242,36.801052],[-4.434357,36.801316],[-4.43453,36.801651],[-4.434781,36.802029],[-4.436067,36.803612],[-4.437464,36.805371],[-4.437733,36.8058],[-4.437918,36.806181],[-4.438056,36.806618],[-4.438104,36.806814],[-4.43815,36.807146],[-4.438159,36.807504],[-4.438161,36.807729],[-4.438089,36.808485],[-4.438078,36.809426],[-4.438197,36.809954],[-4.43826,36.810127],[-4.438473,36.810578],[-4.438616,36.810819],[-4.43903,36.811317],[-4.43947,36.811723],[-4.440004,36.812079],[-4.440404,36.812283],[-4.441016,36.81252],[-4.441346,36.812603],[-4.441955,36.812714],[-4.442522,36.812765],[-4.444657,36.812862],[-4.44504,36.812914],[-4.445436,36.812993],[-4.446021,36.813177],[-4.446552,36.813414],[-4.447104,36.813752],[-4.44758,36.814168],[-4.447804,36.814428],[-4.447962,36.814645],[-4.448123,36.814942],[-4.448226,36.815204],[-4.448306,36.815486],[-4.448343,36.815711],[-4.448354,36.81599],[-4.448315,36.816268],[-4.448244,36.816557],[-4.448149,36.816815],[-4.448011,36.817093],[-4.447814,36.817396],[-4.447508,36.817748],[-4.446381,36.818819],[-4.446003,36.819263],[-4.445627,36.81983],[-4.445504,36.820094],[-4.44477,36.822303],[-4.444283,36.823829],[-4.444145,36.824384],[-4.444072,36.825072],[-4.444089,36.825648],[-4.444132,36.825947],[-4.444219,36.826317],[-4.444354,36.826734],[-4.444532,36.827143],[-4.444711,36.827483],[-4.444926,36.827822],[-4.44546,36.828488],[-4.445735,36.828796],[-4.44671,36.82981],[-4.446919,36.830084],[-4.447135,36.830418],[-4.447322,36.830775],[-4.44786,36.831978],[-4.448051,36.832352],[-4.448214,36.832623],[-4.448427,36.832924],[-4.448717,36.833277],[-4.449035,36.833602],[-4.449443,36.833956],[-4.450188,36.834575],[-4.450587,36.834952],[-4.450895,36.835316],[-4.451097,36.83559],[-4.451356,36.836041],[-4.451609,36.836673],[-4.451684,36.836983],[-4.451751,36.837458],[-4.451767,36.837841],[-4.451735,36.83817],[-4.451675,36.83851],[-4.451606,36.838805],[-4.451472,36.839213],[-4.451301,36.83963],[-4.450664,36.841013],[-4.450535,36.841338],[-4.450431,36.841707],[-4.450357,36.84202],[-4.450316,36.842373],[-4.450303,36.842749],[-4.450362,36.843331],[-4.450481,36.843828],[-4.450883,36.845104],[-4.451344,36.846969],[-4.451531,36.847796],[-4.451563,36.847965],[-4.451574,36.848255],[-4.451557,36.848578],[-4.451443,36.849086],[-4.451333,36.849368],[-4.451172,36.849662],[-4.45101,36.849904],[-4.450806,36.850148],[-4.45059,36.850357],[-4.450326,36.850565],[-4.449956,36.850811],[-4.449139,36.851197],[-4.448598,36.851435],[-4.44753,36.851908],[-4.446614,36.852295],[-4.446043,36.852566],[-4.445537,36.852867],[-4.44524,36.853066],[-4.445051,36.853232],[-4.444678,36.853501],[-4.444336,36.85379],[-4.444087,36.854023],[-4.44389,36.854239],[-4.443637,36.854556],[-4.443438,36.854886],[-4.443298,36.855162],[-4.443178,36.855473],[-4.443081,36.855856],[-4.443036,36.85616],[-4.442951,36.857095],[-4.442907,36.857359],[-4.442832,36.857658],[-4.442661,36.858115],[-4.442441,36.858481],[-4.4423,36.858665],[-4.442122,36.858849],[-4.441955,36.859015],[-4.441747,36.859182],[-4.44136,36.859443],[-4.440883,36.85969],[-4.440432,36.859914],[-4.439274,36.860484],[-4.438699,36.860766],[-4.438206,36.861024],[-4.437839,36.861258],[-4.437474,36.861534],[-4.437229,36.861744],[-4.436984,36.861988],[-4.436636,36.862444],[-4.4364,36.862795],[-4.436206,36.863161],[-4.436057,36.863541],[-4.435953,36.863931],[-4.435878,36.86436],[-4.435863,36.864645],[-4.43592,36.866917],[-4.436006,36.86789],[-4.43609,36.868603],[-4.436139,36.868999],[-4.436208,36.869549],[-4.436214,36.869856],[-4.436194,36.870165],[-4.436153,36.870397],[-4.436054,36.870727],[-4.435871,36.871116],[-4.435603,36.871535],[-4.435272,36.871983],[-4.434859,36.872452],[-4.434491,36.872838],[-4.433393,36.874064],[-4.433104,36.874328],[-4.432336,36.874961],[-4.432098,36.875149],[-4.431897,36.875343],[-4.431621,36.875603],[-4.43138,36.87586],[-4.431087,36.876192],[-4.430433,36.876997],[-4.43006,36.877394],[-4.429664,36.877742],[-4.429145,36.878095],[-4.42892,36.878224],[-4.428533,36.878427],[-4.428098,36.878643],[-4.425821,36.879746],[-4.425299,36.880069],[-4.424895,36.880374],[-4.424524,36.880724],[-4.424184,36.881101],[-4.423874,36.881556],[-4.423647,36.881971],[-4.423004,36.883683],[-4.42285,36.884114],[-4.421782,36.887],[-4.421641,36.887369],[-4.421371,36.888153],[-4.421237,36.888627],[-4.421165,36.889051],[-4.421125,36.889477],[-4.42111,36.889869],[-4.421132,36.890293],[-4.421223,36.890869],[-4.421299,36.891193],[-4.421386,36.891459],[-4.42172,36.89227],[-4.422312,36.893407],[-4.422444,36.893654],[-4.422942,36.89457],[-4.423102,36.894817],[-4.423307,36.895085],[-4.423498,36.895301],[-4.423735,36.89552],[-4.424139,36.895826],[-4.424638,36.896132],[-4.425242,36.896393],[-4.42562,36.896522],[-4.425968,36.896606],[-4.426573,36.896705],[-4.427414,36.89673],[-4.42956,36.896662],[-4.430076,36.896667],[-4.43026,36.896677],[-4.430665,36.896706],[-4.431185,36.896776],[-4.431599,36.896842],[-4.432886,36.897055],[-4.433296,36.897145],[-4.433773,36.897286],[-4.434142,36.89743],[-4.434696,36.897701],[-4.435051,36.897926],[-4.435388,36.898179],[-4.437282,36.899931],[-4.438261,36.900807],[-4.438937,36.901362],[-4.43939,36.901702],[-4.439945,36.902071],[-4.440684,36.902531],[-4.443796,36.904348],[-4.444187,36.904588],[-4.444552,36.904849],[-4.444885,36.905135],[-4.445104,36.905359],[-4.445441,36.905784],[-4.445655,36.906133],[-4.445799,36.906424],[-4.445917,36.906734],[-4.445998,36.907005],[-4.446045,36.907294],[-4.446075,36.907599],[-4.446076,36.907822],[-4.44605,36.908158],[-4.44598,36.908561],[-4.445903,36.90882],[-4.445812,36.909054],[-4.445604,36.909474],[-4.445369,36.909831],[-4.44389,36.911732],[-4.44361,36.912197],[-4.443442,36.912611],[-4.443348,36.912929],[-4.443275,36.913317],[-4.443252,36.913701],[-4.443299,36.914275],[-4.443358,36.91455],[-4.443457,36.914865],[-4.443565,36.915119],[-4.443737,36.915446],[-4.444003,36.915848],[-4.445031,36.91719],[-4.445343,36.917637],[-4.4457,36.918222],[-4.445979,36.918741],[-4.446195,36.919177],[-4.446343,36.919517],[-4.44643,36.919771],[-4.446711,36.92055],[-4.44687,36.921103],[-4.447037,36.921809],[-4.447162,36.922599],[-4.447215,36.923163],[-4.447237,36.92385],[-4.447223,36.924404],[-4.447134,36.925382],[-4.446869,36.926793],[-4.446018,36.930959],[-4.445907,36.931395],[-4.445757,36.931853],[-4.445586,36.93224],[-4.445439,36.932508],[-4.445224,36.932838],[-4.444966,36.933152],[-4.444685,36.933448],[-4.444169,36.933871],[-4.443798,36.934118],[-4.443332,36.934375],[-4.441673,36.935164],[-4.441262,36.935396],[-4.441026,36.935549],[-4.440469,36.935992],[-4.440103,36.936361],[-4.439837,36.936701],[-4.43965,36.936972],[-4.439467,36.9373],[-4.439343,36.937561],[-4.439227,36.937892],[-4.439147,36.93819],[-4.439077,36.938561],[-4.439058,36.938888],[-4.439119,36.939594],[-4.439198,36.940135],[-4.440109,36.944287],[-4.440282,36.945364],[-4.440383,36.946235],[-4.440324,36.946811],[-4.440204,36.947461],[-4.440075,36.947923],[-4.439987,36.948338],[-4.439935,36.948827],[-4.439982,36.949274],[-4.440058,36.949543],[-4.440167,36.949836],[-4.440366,36.950279],[-4.440585,36.950607],[-4.440872,36.950927],[-4.441248,36.951288],[-4.441556,36.951505],[-4.44197,36.951719],[-4.443854,36.952625],[-4.444373,36.952992],[-4.444695,36.953271],[-4.445334,36.953939],[-4.445603,36.954281],[-4.445816,36.954574],[-4.446102,36.955025],[-4.446328,36.955456],[-4.446544,36.955985],[-4.446725,36.956583],[-4.446826,36.957055],[-4.44688,36.957481],[-4.446895,36.957928],[-4.446885,36.958317],[-4.446815,36.959019],[-4.446652,36.959797],[-4.4465,36.960345],[-4.446339,36.960818],[-4.446135,36.961302],[-4.445865,36.961876],[-4.445424,36.962629],[-4.445151,36.963044],[-4.443559,36.965193],[-4.443464,36.965257],[-4.443179,36.965646],[-4.442699,36.966197],[-4.442198,36.966643],[-4.441701,36.967027],[-4.441311,36.967304],[-4.439189,36.968657],[-4.438955,36.968806],[-4.438427,36.969152],[-4.437029,36.970025],[-4.436152,36.970589],[-4.435201,36.971151],[-4.434892,36.971309],[-4.434567,36.971457],[-4.434078,36.971649],[-4.433488,36.97183],[-4.43315,36.971916],[-4.432694,36.972009],[-4.432208,36.972091],[-4.428082,36.972519],[-4.426719,36.972702],[-4.425469,36.9729],[-4.42385,36.973201],[-4.421274,36.973792],[-4.418518,36.974497],[-4.417111,36.974888],[-4.415525,36.975355],[-4.414787,36.975602],[-4.413802,36.975982],[-4.412861,36.976394],[-4.410739,36.977412],[-4.409366,36.978092],[-4.408103,36.978735],[-4.406241,36.979713],[-4.405369,36.980243],[-4.404953,36.980525],[-4.404459,36.980891],[-4.403827,36.981406],[-4.403273,36.98193],[-4.402977,36.982235],[-4.402489,36.982786],[-4.402311,36.983012],[-4.401863,36.983639],[-4.401465,36.984297],[-4.401198,36.984805],[-4.40096,36.985351],[-4.400721,36.986013],[-4.400468,36.986945],[-4.400411,36.98715],[-4.400069,36.988896],[-4.39955,36.991677],[-4.399037,36.993408],[-4.3988,36.994755],[-4.398475,36.997755],[-4.39826,36.999073],[-4.3979,37.000084],[-4.397474,37.001078],[-4.396758,37.002357],[-4.395048,37.004313],[-4.392107,37.006754],[-4.39162,37.007221],[-4.391145,37.00773],[-4.390363,37.008704],[-4.390242,37.008909],[-4.390133,37.009092],[-4.38971,37.009801],[-4.389192,37.010928],[-4.389017,37.011486],[-4.38875,37.012637],[-4.388675,37.013391],[-4.388648,37.014362],[-4.388874,37.01611],[-4.389312,37.018577],[-4.389382,37.019005],[-4.389575,37.020716],[-4.389583,37.020853],[-4.389685,37.022725],[-4.389522,37.024189],[-4.389166,37.026754],[-4.38904,37.028537],[-4.389363,37.033607],[-4.389261,37.034864],[-4.389114,37.03553],[-4.388926,37.036183],[-4.388531,37.03709],[-4.388058,37.037922],[-4.387268,37.038975],[-4.386657,37.039568],[-4.38601,37.040153],[-4.385194,37.040754],[-4.384639,37.041073],[-4.384139,37.04134],[-4.381645,37.042477],[-4.379989,37.043329],[-4.37902,37.044072],[-4.376473,37.046466],[-4.375628,37.047128],[-4.375509,37.04722],[-4.373567,37.048523],[-4.370828,37.049875],[-4.363462,37.052769],[-4.360789,37.053807],[-4.360612,37.053885],[-4.357652,37.055166],[-4.355962,37.055949],[-4.352183,37.057972],[-4.348557,37.06017],[-4.34318,37.063692],[-4.341673,37.06444],[-4.339255,37.065295],[-4.337571,37.065671],[-4.335815,37.065957],[-4.333015,37.066306],[-4.332257,37.066422],[-4.331512,37.066572],[-4.330986,37.066702],[-4.330106,37.066995],[-4.32918,37.067366],[-4.328786,37.067552],[-4.328185,37.067873],[-4.327655,37.068198],[-4.327528,37.068279],[-4.327178,37.068501],[-4.326241,37.069193],[-4.324676,37.07042],[-4.3229,37.072013],[-4.320807,37.074365],[-4.319423,37.076472],[-4.318575,37.078069],[-4.317697,37.080127],[-4.317181,37.081601],[-4.316843,37.08269],[-4.316528,37.084185],[-4.316378,37.085618],[-4.316316,37.08642],[-4.316297,37.086542],[-4.315893,37.088177],[-4.3157,37.089294],[-4.31557,37.090787],[-4.315586,37.092922],[-4.315589,37.09421],[-4.315605,37.095412],[-4.315559,37.096458],[-4.315453,37.09749],[-4.315177,37.098836],[-4.314867,37.099862],[-4.314144,37.101465],[-4.31237,37.10457],[-4.310419,37.107169],[-4.308751,37.109079],[-4.306584,37.111267],[-4.304909,37.112692],[-4.304105,37.113339],[-4.303143,37.114071],[-4.302293,37.114678],[-4.301571,37.115169],[-4.300828,37.115647],[-4.299344,37.11655],[-4.298719,37.11693],[-4.297519,37.117637],[-4.296694,37.118201],[-4.295805,37.118896],[-4.295441,37.119209],[-4.294938,37.119696],[-4.294328,37.120347],[-4.293519,37.121332],[-4.292931,37.122214],[-4.292491,37.122986],[-4.292217,37.12354],[-4.291961,37.124119],[-4.291623,37.124958],[-4.291548,37.125152],[-4.291348,37.125666],[-4.290938,37.12663],[-4.290883,37.126753],[-4.290645,37.127254],[-4.290409,37.127659],[-4.290315,37.127803],[-4.289972,37.128241],[-4.289599,37.128646],[-4.289155,37.129064],[-4.288812,37.129333],[-4.288277,37.129705],[-4.287566,37.130227],[-4.287345,37.130399],[-4.287089,37.130608],[-4.286831,37.130846],[-4.286771,37.131003],[-4.286324,37.1315],[-4.285809,37.132225],[-4.285423,37.132874],[-4.285095,37.133428],[-4.284879,37.133761],[-4.284584,37.134171],[-4.284228,37.134578],[-4.283928,37.134886],[-4.283585,37.135203],[-4.283264,37.135464],[-4.282948,37.135691],[-4.281624,37.136544],[-4.280571,37.13717],[-4.279497,37.137772],[-4.278705,37.138192],[-4.277906,37.138593],[-4.277266,37.138893],[-4.276602,37.139172],[-4.27592,37.139428],[-4.274517,37.139856],[-4.27275,37.140352],[-4.271257,37.140825],[-4.270577,37.141069],[-4.267879,37.14212],[-4.267185,37.142366],[-4.266472,37.142592],[-4.265771,37.142785],[-4.265051,37.142958],[-4.264326,37.143105],[-4.262667,37.143368],[-4.261566,37.143561],[-4.260667,37.143779],[-4.259976,37.143994],[-4.259289,37.144248],[-4.257282,37.145093],[-4.256619,37.145356],[-4.25558,37.145712],[-4.254637,37.14596],[-4.254142,37.146079],[-4.253573,37.146193],[-4.253018,37.146283],[-4.252464,37.146346],[-4.251902,37.146389],[-4.251142,37.146423],[-4.25057,37.146427],[-4.250121,37.146411],[-4.250002,37.146404],[-4.24946,37.146372],[-4.248886,37.146318],[-4.248346,37.146246],[-4.247221,37.146042],[-4.245236,37.145603],[-4.244484,37.14551],[-4.2441,37.145492],[-4.243726,37.145493],[-4.243173,37.145528],[-4.241852,37.145681],[-4.241483,37.145704],[-4.241101,37.145709],[-4.240716,37.14569],[-4.240168,37.145628],[-4.238868,37.145405],[-4.238498,37.145361],[-4.23774,37.145334],[-4.237358,37.14535],[-4.236979,37.145393],[-4.236619,37.145451],[-4.236248,37.145534],[-4.235898,37.145634],[-4.235547,37.145757],[-4.235215,37.145898],[-4.234749,37.146141],[-4.234305,37.14643],[-4.233897,37.146754],[-4.233011,37.147528],[-4.23273,37.147732],[-4.232428,37.147916],[-4.232108,37.148077],[-4.231767,37.148212],[-4.231421,37.148328],[-4.231056,37.148416],[-4.230686,37.148483],[-4.229563,37.14861],[-4.229194,37.148671],[-4.228835,37.148755],[-4.228479,37.148871],[-4.228147,37.149004],[-4.227828,37.149167],[-4.227571,37.14932],[-4.227114,37.149673],[-4.226873,37.149904],[-4.226668,37.150156],[-4.226492,37.150423],[-4.226336,37.150708],[-4.226222,37.150992],[-4.226132,37.151289],[-4.225967,37.152006],[-4.225947,37.152095],[-4.225845,37.152466],[-4.225738,37.152772],[-4.22561,37.153053],[-4.225289,37.153606],[-4.225102,37.153861],[-4.224781,37.154227],[-4.224386,37.154601],[-4.224145,37.154794],[-4.223566,37.155178],[-4.223251,37.155354],[-4.222765,37.155587],[-4.222263,37.155793],[-4.220031,37.156606],[-4.219378,37.156895],[-4.218747,37.157224],[-4.217905,37.15776],[-4.217429,37.15808],[-4.216973,37.15835],[-4.216494,37.158586],[-4.216157,37.158724],[-4.215805,37.158841],[-4.215277,37.158988],[-4.214974,37.159053],[-4.214543,37.15912],[-4.213785,37.159173],[-4.213022,37.15915],[-4.212641,37.159108],[-4.212259,37.159045],[-4.211877,37.158964],[-4.21136,37.15882],[-4.210812,37.15863],[-4.209316,37.158071],[-4.209076,37.157979],[-4.207403,37.157359],[-4.206889,37.157198],[-4.206614,37.157131],[-4.206336,37.157074],[-4.205981,37.157016],[-4.205609,37.15698],[-4.205215,37.156973],[-4.204844,37.156991],[-4.204475,37.157037],[-4.204099,37.157107],[-4.203746,37.157197],[-4.203383,37.157311],[-4.201938,37.157803],[-4.201037,37.158022],[-4.200168,37.15821],[-4.199667,37.158339],[-4.199157,37.158512],[-4.198638,37.158722],[-4.198165,37.158949],[-4.197702,37.159217],[-4.19636,37.160044],[-4.195873,37.16029],[-4.195402,37.160495],[-4.195016,37.160628],[-4.1948,37.160703],[-4.194311,37.160855],[-4.192144,37.161351],[-4.189566,37.161935],[-4.188358,37.162222],[-4.188247,37.162257],[-4.187312,37.162565],[-4.186642,37.162836],[-4.186132,37.163072],[-4.185661,37.163317],[-4.18474,37.163848],[-4.183082,37.164851],[-4.182616,37.16511],[-4.181813,37.165523],[-4.181335,37.165738],[-4.180817,37.165949],[-4.180304,37.166128],[-4.179774,37.166281],[-4.179235,37.166411],[-4.17868,37.166506],[-4.178131,37.166576],[-4.177563,37.166618],[-4.176879,37.166627],[-4.17682,37.166625],[-4.176417,37.166608],[-4.175693,37.166554],[-4.174944,37.166441],[-4.174221,37.166299],[-4.173491,37.166124],[-4.172768,37.165929],[-4.170588,37.165316],[-4.170136,37.165201],[-4.169443,37.165052],[-4.168712,37.164924],[-4.167971,37.164834],[-4.167217,37.164772],[-4.164742,37.164686],[-4.163805,37.164638],[-4.163249,37.164582],[-4.162683,37.164502],[-4.162147,37.164402],[-4.161613,37.164271],[-4.161087,37.164116],[-4.160569,37.163927],[-4.160085,37.163722],[-4.15959,37.16349],[-4.159331,37.163351],[-4.156777,37.16185],[-4.156309,37.161614],[-4.155822,37.161398],[-4.15531,37.161206],[-4.154619,37.161],[-4.15407,37.160872],[-4.153522,37.160769],[-4.151494,37.160485],[-4.150956,37.160388],[-4.150422,37.16026],[-4.149896,37.160112],[-4.148319,37.159611],[-4.147789,37.159478],[-4.147253,37.159374],[-4.146691,37.159308],[-4.146121,37.159289],[-4.145562,37.159314],[-4.145012,37.159381],[-4.144461,37.159494],[-4.143934,37.159636],[-4.141844,37.16031],[-4.14096,37.160524],[-4.140276,37.160625],[-4.139849,37.160658],[-4.139299,37.160658],[-4.138751,37.160617],[-4.13838,37.160566],[-4.138024,37.160497],[-4.137658,37.160413],[-4.1371,37.160256],[-4.135213,37.159616],[-4.134694,37.159463],[-4.134169,37.15934],[-4.133605,37.159248],[-4.133051,37.159206],[-4.132487,37.159214],[-4.131943,37.15927],[-4.13138,37.159376],[-4.130849,37.15953],[-4.130329,37.15973],[-4.129841,37.159956],[-4.127978,37.160918],[-4.127485,37.161122],[-4.126964,37.161303],[-4.126425,37.161449],[-4.12457,37.161847],[-4.123354,37.162115],[-4.123213,37.162146],[-4.119746,37.162882],[-4.118643,37.163081],[-4.118076,37.163137],[-4.117523,37.163157],[-4.116972,37.16314],[-4.116281,37.163072],[-4.115507,37.162932],[-4.11247,37.162158],[-4.111928,37.162042],[-4.111377,37.161962],[-4.110808,37.161921],[-4.10856,37.161932],[-4.10781,37.161955],[-4.107242,37.161998],[-4.106692,37.16206],[-4.106145,37.162149],[-4.105131,37.162392],[-4.104568,37.162565],[-4.104005,37.162774],[-4.1035,37.16299],[-4.100183,37.164673],[-4.0997,37.164889],[-4.099193,37.165091],[-4.098681,37.165269],[-4.098161,37.165424],[-4.097614,37.165565],[-4.097067,37.165677],[-4.096521,37.165768],[-4.095956,37.165834],[-4.095403,37.165882],[-4.091032,37.166127],[-4.090519,37.166169],[-4.090007,37.166236],[-4.089512,37.166337],[-4.088808,37.166551],[-4.088451,37.166694],[-4.08805,37.166898],[-4.087764,37.167064],[-4.08745,37.167274],[-4.087098,37.167546],[-4.086667,37.167963],[-4.086336,37.168305],[-4.085707,37.168995],[-4.0856,37.169111],[-4.085361,37.169373],[-4.083828,37.171054],[-4.083149,37.171796],[-4.082842,37.172181],[-4.082582,37.172593],[-4.082382,37.173037],[-4.082232,37.173498],[-4.080898,37.177936],[-4.080721,37.178367],[-4.080493,37.178797],[-4.080285,37.179094],[-4.080051,37.179371],[-4.079805,37.179621],[-4.079508,37.179871],[-4.079188,37.1801],[-4.078836,37.180309],[-4.078475,37.180492],[-4.078099,37.180647],[-4.077706,37.180775],[-4.077307,37.180875],[-4.076891,37.180954],[-4.076477,37.180997],[-4.076067,37.181018],[-4.075658,37.181006],[-4.075259,37.180973],[-4.074853,37.180914],[-4.072366,37.180496],[-4.071489,37.180369],[-4.07062,37.180276],[-4.069412,37.180196],[-4.068699,37.180186],[-4.061423,37.180328],[-4.058721,37.180388],[-4.057211,37.180491],[-4.040093,37.182103],[-4.038771,37.182271],[-4.038193,37.182373],[-4.037601,37.182502],[-4.037052,37.182659],[-4.036494,37.182847],[-4.035972,37.183054],[-4.03545,37.183297],[-4.034977,37.183554],[-4.034516,37.183839],[-4.033633,37.184473],[-4.033199,37.184825],[-4.029455,37.188027],[-4.026882,37.190235],[-4.026796,37.190308],[-4.024844,37.191979],[-4.023891,37.192777],[-4.023472,37.193098],[-4.022591,37.193691],[-4.022136,37.193953],[-4.021642,37.19419],[-4.021131,37.194403],[-4.020583,37.1946],[-4.020054,37.194759],[-4.019511,37.194893],[-4.018928,37.195004],[-4.018326,37.195086],[-4.017716,37.195148],[-4.015788,37.195263],[-4.012483,37.195422],[-4.011907,37.19544],[-4.01133,37.195426],[-4.010764,37.195377],[-4.010195,37.195288],[-4.009649,37.195168],[-4.009113,37.195012],[-4.008585,37.194823],[-4.008084,37.194609],[-4.006244,37.19377],[-4.005726,37.193553],[-4.005211,37.193374],[-4.004841,37.193268],[-4.003943,37.193076],[-4.003359,37.193007],[-4.002842,37.19297],[-4.002169,37.192945],[-4.000743,37.192873],[-4.000614,37.192869],[-3.999242,37.192813],[-3.998533,37.192794],[-3.997963,37.192799],[-3.997403,37.192832],[-3.996275,37.192976],[-3.993257,37.193447],[-3.991542,37.193701],[-3.990774,37.193776],[-3.990003,37.193812],[-3.989253,37.193808],[-3.988491,37.193764],[-3.987757,37.193683],[-3.983278,37.193003],[-3.980181,37.192525],[-3.979079,37.192355],[-3.978528,37.192255],[-3.977988,37.192122],[-3.977615,37.192004],[-3.967103,37.188085],[-3.966578,37.187913],[-3.966022,37.187757],[-3.963449,37.187143],[-3.962925,37.186984],[-3.962386,37.186803],[-3.961345,37.186384],[-3.957562,37.184592],[-3.957064,37.184382],[-3.955683,37.183899],[-3.948602,37.181567],[-3.948486,37.181529],[-3.945036,37.180399],[-3.943756,37.180005],[-3.943222,37.179884],[-3.942666,37.179789],[-3.942104,37.179736],[-3.94154,37.179718],[-3.941158,37.179731],[-3.9406,37.179775],[-3.939772,37.179875],[-3.934991,37.180529],[-3.93443,37.180583],[-3.933802,37.180611],[-3.932874,37.180637],[-3.932558,37.180646],[-3.926706,37.180802],[-3.925874,37.180798],[-3.92487,37.180767],[-3.924123,37.180723],[-3.922804,37.18061],[-3.910709,37.178832],[-3.909602,37.178721],[-3.907164,37.178562],[-3.904873,37.178467],[-3.904192,37.178456],[-3.903627,37.178469],[-3.903247,37.178503],[-3.90288,37.178551],[-3.902146,37.178696],[-3.901791,37.178791],[-3.901424,37.178911],[-3.901382,37.178924],[-3.901288,37.178958],[-3.900273,37.179387],[-3.897845,37.180552],[-3.896841,37.181023],[-3.8965,37.181169],[-3.896166,37.181294],[-3.895821,37.181402],[-3.89402,37.18186],[-3.893314,37.182082],[-3.892631,37.182344],[-3.879198,37.188449],[-3.873925,37.190823],[-3.87287,37.19133],[-3.872396,37.19161],[-3.87194,37.191921],[-3.868721,37.194216],[-3.868291,37.194483],[-3.868194,37.194536],[-3.867928,37.194682],[-3.867229,37.194993],[-3.86684,37.195129],[-3.866283,37.195283],[-3.865557,37.195423],[-3.865106,37.19547],[-3.864677,37.195496],[-3.864296,37.195498],[-3.863914,37.195486],[-3.86353,37.195452],[-3.863168,37.195406],[-3.862797,37.19534],[-3.862071,37.19517],[-3.859943,37.194562],[-3.85941,37.194427],[-3.858859,37.194316],[-3.858233,37.194235],[-3.857646,37.194202],[-3.857059,37.194197],[-3.854265,37.194211],[-3.854152,37.19421],[-3.853463,37.194187],[-3.85104,37.194061],[-3.849638,37.193985],[-3.849335,37.193972],[-3.848428,37.193933],[-3.848026,37.19393],[-3.847477,37.193949],[-3.845402,37.194156],[-3.844304,37.194224],[-3.843716,37.194215],[-3.843157,37.194175],[-3.842592,37.194094],[-3.842238,37.194019],[-3.841825,37.193907],[-3.841339,37.193758],[-3.840842,37.193559],[-3.840362,37.19333],[-3.839891,37.193082],[-3.838916,37.192495],[-3.838115,37.191997],[-3.837975,37.191908],[-3.835284,37.190213],[-3.834343,37.189673],[-3.833882,37.189452],[-3.833383,37.189248],[-3.833025,37.189126],[-3.832664,37.189029],[-3.831936,37.188899],[-3.831562,37.188866],[-3.83118,37.188857],[-3.830804,37.188866],[-3.830433,37.188899],[-3.83006,37.188953],[-3.829337,37.189126],[-3.828659,37.18936],[-3.828572,37.189396],[-3.827983,37.189651],[-3.827256,37.190008],[-3.82413,37.191619],[-3.823926,37.191724],[-3.819736,37.193874],[-3.81925,37.194103],[-3.818764,37.194317],[-3.818254,37.194519],[-3.817735,37.194693],[-3.817196,37.194846],[-3.816656,37.194966],[-3.816105,37.195061],[-3.815542,37.195126],[-3.814978,37.195163],[-3.813851,37.195167],[-3.812492,37.195099],[-3.808216,37.194837],[-3.807261,37.194762],[-3.804291,37.194474],[-3.803352,37.194402],[-3.803207,37.194391],[-3.802245,37.194316],[-3.801495,37.194236],[-3.800017,37.194024],[-3.798711,37.193801],[-3.786927,37.191834],[-3.78619,37.191697],[-3.785471,37.191538],[-3.783316,37.191003],[-3.782596,37.190837],[-3.782226,37.190771],[-3.781856,37.190727],[-3.781479,37.190704],[-3.780718,37.190704],[-3.778836,37.190757],[-3.778178,37.190761],[-3.778036,37.190758],[-3.777523,37.190729],[-3.775828,37.190495],[-3.775277,37.190445],[-3.774693,37.19044],[-3.774141,37.190476],[-3.772887,37.190588],[-3.772271,37.190625],[-3.771692,37.190637],[-3.769725,37.190587],[-3.767375,37.190526],[-3.766807,37.190539],[-3.76624,37.190603],[-3.765707,37.190696],[-3.764412,37.190992],[-3.763881,37.191083],[-3.763302,37.191133],[-3.761001,37.191278],[-3.756924,37.191765],[-3.756729,37.191782],[-3.755686,37.191829],[-3.755127,37.191834],[-3.754124,37.191804],[-3.75327,37.191755],[-3.752342,37.191674],[-3.750593,37.191487],[-3.750449,37.19147],[-3.749572,37.191371],[-3.747039,37.191042],[-3.745699,37.190895],[-3.743563,37.190687],[-3.742542,37.190622],[-3.742001,37.190612],[-3.741601,37.190615],[-3.741043,37.190658],[-3.740498,37.190736],[-3.739955,37.190846],[-3.739431,37.190967],[-3.738798,37.191136],[-3.738206,37.191302],[-3.737888,37.191398],[-3.737743,37.191444],[-3.737144,37.191645],[-3.736126,37.192019],[-3.735461,37.19229],[-3.734801,37.192583],[-3.73401,37.192968],[-3.733385,37.193293],[-3.732766,37.193638],[-3.731932,37.194157],[-3.731716,37.194292],[-3.731613,37.194359],[-3.730618,37.195072],[-3.730083,37.195486],[-3.729073,37.19635],[-3.728585,37.196812],[-3.72768,37.197754],[-3.726852,37.198756],[-3.726105,37.199799],[-3.725771,37.200327],[-3.725455,37.200869],[-3.725157,37.201427],[-3.724882,37.201983],[-3.723781,37.204535],[-3.723531,37.205096],[-3.723256,37.205654],[-3.722638,37.206757],[-3.722395,37.207157],[-3.722272,37.207324],[-3.721849,37.207929],[-3.721662,37.20819],[-3.72126,37.208696],[-3.720638,37.209416],[-3.720213,37.209865],[-3.719609,37.210465],[-3.719251,37.210795],[-3.718487,37.211451],[-3.717722,37.212019],[-3.716897,37.212578],[-3.716796,37.212649],[-3.716247,37.213003],[-3.715035,37.213716],[-3.714542,37.214003],[-3.712495,37.215176],[-3.711531,37.215778],[-3.71102,37.216141],[-3.710508,37.216538],[-3.709669,37.217309],[-3.709206,37.217764],[-3.708435,37.218606],[-3.708329,37.218702],[-3.70784,37.21933],[-3.707492,37.219808],[-3.707148,37.220345],[-3.706745,37.221038],[-3.706513,37.221466],[-3.706259,37.221945],[-3.706194,37.222063],[-3.706142,37.222202],[-3.705934,37.222575],[-3.705648,37.223032],[-3.705292,37.223488],[-3.705034,37.223774],[-3.704473,37.224294],[-3.704084,37.224601],[-3.703511,37.224976],[-3.70306,37.225228],[-3.702613,37.225443],[-3.702021,37.225676],[-3.701488,37.22585],[-3.700852,37.226009],[-3.700219,37.226121],[-3.699568,37.226196],[-3.697344,37.226297],[-3.696708,37.226365],[-3.696198,37.226464],[-3.695558,37.226636],[-3.69519,37.226767],[-3.694666,37.227002],[-3.694133,37.227302],[-3.693617,37.227642],[-3.692792,37.228222],[-3.690667,37.229746],[-3.690567,37.22982],[-3.689632,37.230473],[-3.689245,37.230706],[-3.688858,37.230926],[-3.688465,37.231126],[-3.687925,37.231355],[-3.687417,37.231523],[-3.68697,37.231638],[-3.686355,37.231755],[-3.685955,37.231811],[-3.685559,37.231839],[-3.685085,37.231853],[-3.684157,37.231832],[-3.68207,37.231658],[-3.681848,37.23164],[-3.677395,37.231259],[-3.676278,37.231194],[-3.675297,37.231161],[-3.67418,37.231154],[-3.673335,37.231186],[-3.672491,37.231237],[-3.671506,37.231348],[-3.670485,37.23151],[-3.669502,37.231708],[-3.668712,37.231896],[-3.667617,37.23222],[-3.666696,37.232557],[-3.666242,37.232736],[-3.665328,37.233132],[-3.66421,37.233703],[-3.663111,37.234328],[-3.662358,37.234777],[-3.66184,37.235105],[-3.661671,37.235189],[-3.661032,37.235602],[-3.660919,37.235677],[-3.655522,37.239231],[-3.654413,37.239944],[-3.654162,37.240107],[-3.653817,37.240324],[-3.653065,37.240784],[-3.652456,37.241132],[-3.652364,37.241183],[-3.651411,37.241686],[-3.651291,37.241746],[-3.650184,37.242289],[-3.64923,37.242703],[-3.648564,37.24297],[-3.64789,37.243217],[-3.646892,37.243551],[-3.646178,37.243772],[-3.64511,37.244068],[-3.644234,37.244281],[-3.643497,37.244436],[-3.642069,37.244688],[-3.641336,37.244795],[-3.640611,37.244883],[-3.639882,37.244951],[-3.638969,37.245018],[-3.638058,37.245056],[-3.636818,37.245064],[-3.63585,37.245045],[-3.635085,37.245001],[-3.634018,37.244914],[-3.632938,37.244795],[-3.632219,37.244694],[-3.630871,37.244457],[-3.630083,37.244287],[-3.629208,37.244076],[-3.628339,37.243835],[-3.627475,37.243572],[-3.626473,37.243231],[-3.625308,37.24278],[-3.624026,37.242215],[-3.621077,37.240739],[-3.620437,37.240448],[-3.619948,37.240235],[-3.6193,37.239978],[-3.618788,37.239789],[-3.618279,37.239621],[-3.617759,37.239466],[-3.617238,37.239332],[-3.616704,37.239216],[-3.616165,37.239123],[-3.615611,37.23905],[-3.615074,37.239003],[-3.614332,37.238961],[-3.613803,37.238953],[-3.61306,37.238972],[-3.61233,37.23901],[-3.60958,37.239209],[-3.608901,37.239234],[-3.608394,37.239233],[-3.607943,37.239226],[-3.607495,37.239194],[-3.606791,37.239093],[-3.606048,37.238927],[-3.605709,37.238821],[-3.605402,37.238712],[-3.604835,37.238456],[-3.604426,37.23824],[-3.60402,37.23799],[-3.603591,37.237693],[-3.603197,37.237379],[-3.602822,37.237048],[-3.60247,37.236708],[-3.601717,37.235874],[-3.600101,37.233922],[-3.599231,37.232975],[-3.598758,37.232516],[-3.597984,37.231879],[-3.597585,37.231587],[-3.597158,37.231315],[-3.596702,37.231058],[-3.59623,37.230828],[-3.595733,37.230627],[-3.595228,37.23046],[-3.594887,37.230363],[-3.594446,37.230264],[-3.593981,37.230178],[-3.593432,37.230113],[-3.59288,37.230084],[-3.592315,37.230088],[-3.591754,37.230121],[-3.591187,37.230193],[-3.590683,37.230281],[-3.590155,37.230395],[-3.589467,37.230574],[-3.588789,37.230787],[-3.5875,37.231236],[-3.58485,37.232184],[-3.582877,37.232814],[-3.581114,37.233264],[-3.579883,37.233511],[-3.57938,37.233592],[-3.577811,37.233755],[-3.576765,37.233785],[-3.575442,37.233747],[-3.574519,37.233653],[-3.573678,37.233534],[-3.572948,37.233396],[-3.572412,37.233276],[-3.571324,37.232966],[-3.570776,37.232786],[-3.570087,37.232531],[-3.569968,37.232484],[-3.569807,37.23242],[-3.569386,37.23224],[-3.568299,37.231709],[-3.567303,37.231139],[-3.566542,37.230654],[-3.566069,37.230333],[-3.56551,37.229924],[-3.563438,37.228368],[-3.563042,37.228068],[-3.562169,37.227447],[-3.561728,37.22718],[-3.561251,37.226933],[-3.560764,37.226714],[-3.560277,37.226542],[-3.559673,37.226378],[-3.559554,37.226349],[-3.559228,37.226279],[-3.558866,37.226225],[-3.558134,37.226147],[-3.557697,37.226118],[-3.557054,37.226086],[-3.556152,37.226068],[-3.555725,37.226053],[-3.554301,37.226036],[-3.553552,37.226048],[-3.551711,37.226092],[-3.550208,37.226086],[-3.55009,37.226079],[-3.548596,37.225987],[-3.547138,37.22584],[-3.546415,37.225747],[-3.544807,37.225475],[-3.542668,37.225053],[-3.541769,37.224907],[-3.54122,37.224835],[-3.5405,37.224766],[-3.539822,37.224733],[-3.539392,37.224732],[-3.53864,37.224761],[-3.538495,37.224772],[-3.537937,37.224815],[-3.537382,37.224887],[-3.536872,37.224966],[-3.535981,37.225157],[-3.534861,37.225504],[-3.534196,37.225732],[-3.533645,37.225949],[-3.533283,37.226089],[-3.5315,37.2268],[-3.530771,37.227039],[-3.530081,37.22721],[-3.529148,37.227343],[-3.528681,37.227365],[-3.528254,37.227365],[-3.527578,37.227327],[-3.52702,37.227255],[-3.526367,37.227133],[-3.524512,37.226718],[-3.52416,37.226653],[-3.523415,37.226562],[-3.522665,37.226533],[-3.521891,37.226574],[-3.521371,37.226643],[-3.520831,37.226745],[-3.519419,37.227065],[-3.518708,37.2272],[-3.51834,37.227251],[-3.517646,37.227306],[-3.516713,37.227309],[-3.515182,37.227272],[-3.51421,37.227303],[-3.513634,37.227353],[-3.511792,37.227622],[-3.511233,37.227686],[-3.510679,37.227723],[-3.510134,37.227715],[-3.509579,37.227678],[-3.508127,37.227512],[-3.507572,37.22746],[-3.507027,37.22743],[-3.50648,37.227427],[-3.505937,37.22747],[-3.505392,37.227553],[-3.504856,37.227685],[-3.504355,37.227863],[-3.504023,37.228005],[-3.503573,37.228246],[-3.503146,37.228531],[-3.502761,37.228854],[-3.502408,37.2292],[-3.502097,37.229569],[-3.500847,37.231296],[-3.500677,37.231501],[-3.500526,37.231678],[-3.500065,37.232148],[-3.498628,37.233387],[-3.49816,37.233877],[-3.49794,37.234138],[-3.497763,37.234392],[-3.497587,37.234666],[-3.497297,37.235233],[-3.49718,37.235524],[-3.496729,37.236851],[-3.496432,37.237577],[-3.496289,37.237859],[-3.49612,37.23814],[-3.495735,37.238663],[-3.495515,37.238912],[-3.495274,37.239152],[-3.495015,37.239378],[-3.494473,37.239793],[-3.492248,37.241237],[-3.491387,37.241856],[-3.4906,37.242462],[-3.488981,37.243837],[-3.488199,37.244392],[-3.487267,37.244988],[-3.48603,37.245675],[-3.485219,37.246172],[-3.484699,37.246567],[-3.48433,37.246897],[-3.484172,37.247063],[-3.483757,37.247557],[-3.483578,37.247819],[-3.483269,37.248377],[-3.483045,37.248949],[-3.482962,37.24925],[-3.482866,37.249847],[-3.48285,37.250153],[-3.482869,37.250753],[-3.483035,37.252267],[-3.483052,37.252566],[-3.48305,37.252878],[-3.483024,37.253182],[-3.48297,37.253471],[-3.482887,37.253765],[-3.482774,37.254057],[-3.482633,37.254344],[-3.482287,37.254867],[-3.481952,37.255236],[-3.481692,37.255477],[-3.481427,37.255685],[-3.481147,37.255873],[-3.480837,37.256052],[-3.480351,37.256277],[-3.480233,37.256325],[-3.479839,37.256467],[-3.479483,37.256575],[-3.476792,37.257306],[-3.4759,37.257548],[-3.475003,37.257813],[-3.474477,37.257989],[-3.473573,37.258317],[-3.472922,37.258626],[-3.47237,37.258944],[-3.471833,37.259333],[-3.471419,37.259689],[-3.470826,37.260361],[-3.470495,37.260857],[-3.470207,37.261423],[-3.469528,37.263163],[-3.469235,37.263722],[-3.468977,37.264121],[-3.464988,37.269333],[-3.463559,37.271256],[-3.463229,37.27162],[-3.462871,37.271973],[-3.460009,37.274385],[-3.459544,37.274863],[-3.459137,37.275376],[-3.45881,37.275919],[-3.458616,37.276341],[-3.45845,37.276776],[-3.45781,37.278678],[-3.457596,37.279415],[-3.457531,37.27971],[-3.457484,37.280009],[-3.457446,37.280617],[-3.457499,37.282586],[-3.457491,37.283031],[-3.457463,37.283486],[-3.457396,37.284093],[-3.457257,37.284682],[-3.457153,37.284976],[-3.456901,37.285537],[-3.456517,37.286236],[-3.456272,37.286642],[-3.454497,37.289314],[-3.454251,37.289723],[-3.454063,37.290091],[-3.453886,37.290526],[-3.453417,37.29205],[-3.453382,37.292166],[-3.453266,37.292572],[-3.453019,37.293163],[-3.452789,37.293577],[-3.452644,37.293798],[-3.452492,37.294016],[-3.452069,37.294519],[-3.451712,37.294861],[-3.451442,37.295086],[-3.450875,37.295498],[-3.44834,37.297178],[-3.447434,37.297737],[-3.446949,37.297998],[-3.44645,37.298236],[-3.445938,37.298449],[-3.44541,37.298644],[-3.444872,37.298814],[-3.444323,37.298958],[-3.443771,37.299079],[-3.44319,37.299174],[-3.442622,37.299242],[-3.442045,37.299287],[-3.44148,37.299305],[-3.440892,37.299297],[-3.440314,37.299262],[-3.439743,37.299205],[-3.439166,37.299128],[-3.437077,37.298781],[-3.436323,37.298707],[-3.435937,37.298702],[-3.435554,37.298721],[-3.435163,37.298763],[-3.434789,37.298824],[-3.434419,37.298913],[-3.43406,37.299018],[-3.433697,37.299152],[-3.433356,37.299293],[-3.433051,37.299445],[-3.432739,37.299633],[-3.431412,37.300516],[-3.430774,37.300871],[-3.430104,37.301178],[-3.428804,37.301667],[-3.428126,37.301946],[-3.427444,37.302249],[-3.426802,37.302557],[-3.426166,37.302886],[-3.423325,37.304429],[-3.419991,37.306253],[-3.419514,37.306528],[-3.418622,37.307112],[-3.417767,37.307743],[-3.417334,37.308043],[-3.416878,37.308323],[-3.416385,37.308579],[-3.415883,37.308799],[-3.41433,37.309407],[-3.413828,37.309639],[-3.413336,37.309878],[-3.411586,37.310789],[-3.411272,37.310919],[-3.410894,37.311062],[-3.410535,37.311176],[-3.41,37.311305],[-3.409719,37.311311],[-3.409417,37.311349],[-3.409095,37.311335],[-3.408222,37.311196],[-3.407976,37.311196],[-3.407767,37.311215],[-3.407558,37.311249],[-3.407239,37.311355],[-3.406999,37.311466],[-3.406375,37.311798],[-3.406041,37.311939],[-3.405833,37.312063],[-3.405499,37.312184],[-3.40501,37.312391],[-3.404367,37.312724],[-3.402281,37.313896],[-3.401183,37.314475],[-3.400679,37.3147],[-3.400166,37.314899],[-3.39963,37.315081],[-3.399102,37.315229],[-3.398554,37.315363],[-3.39744,37.315572],[-3.395758,37.315836],[-3.395007,37.315938],[-3.394451,37.315993],[-3.393875,37.316027],[-3.393325,37.316034],[-3.392742,37.316011],[-3.392174,37.315957],[-3.391602,37.315866],[-3.391062,37.315758],[-3.390516,37.315605],[-3.389988,37.315438],[-3.389475,37.315247],[-3.388969,37.315033],[-3.387994,37.314577],[-3.381913,37.31159],[-3.380947,37.311145],[-3.380469,37.310967],[-3.379942,37.310805],[-3.379404,37.310678],[-3.378871,37.310586],[-3.377243,37.310366],[-3.3767,37.310276],[-3.376177,37.310156],[-3.375648,37.310001],[-3.375155,37.309817],[-3.374668,37.309589],[-3.374218,37.309361],[-3.372855,37.308601],[-3.372009,37.308172],[-3.371931,37.308134],[-3.371452,37.307923],[-3.370946,37.307726],[-3.370429,37.307564],[-3.369898,37.307428],[-3.369368,37.307334],[-3.368822,37.307271],[-3.368277,37.307244],[-3.367718,37.307251],[-3.367177,37.307296],[-3.366615,37.307375],[-3.366088,37.307485],[-3.365549,37.30764],[-3.365021,37.307834],[-3.364532,37.308047],[-3.364035,37.308289],[-3.363249,37.308737],[-3.360953,37.310143],[-3.36016,37.310583],[-3.359361,37.311003],[-3.357718,37.311784],[-3.356882,37.31215],[-3.355667,37.312635],[-3.354422,37.313081],[-3.353526,37.31338],[-3.352619,37.313652],[-3.351533,37.313959],[-3.350435,37.314227],[-3.34914,37.314508],[-3.347849,37.314748],[-3.346704,37.314919],[-3.345566,37.315069],[-3.344602,37.315166],[-3.343668,37.315238],[-3.342896,37.315282],[-3.338299,37.31547],[-3.337703,37.315499],[-3.335609,37.315591],[-3.334893,37.31564],[-3.334745,37.315652],[-3.334009,37.315715],[-3.333255,37.3158],[-3.332673,37.315886],[-3.331608,37.316086],[-3.331168,37.316192],[-3.330241,37.316455],[-3.32923,37.316812],[-3.329142,37.316844],[-3.328132,37.317254],[-3.327465,37.317546],[-3.32679,37.317854],[-3.326212,37.318116],[-3.325787,37.31833],[-3.324412,37.318883],[-3.323697,37.319139],[-3.322985,37.31937],[-3.322257,37.319582],[-3.321515,37.319775],[-3.320769,37.319946],[-3.32001,37.320097],[-3.319264,37.320227],[-3.317738,37.320424],[-3.316966,37.32049],[-3.316037,37.320543],[-3.300023,37.32117],[-3.298319,37.321237],[-3.296209,37.321325],[-3.293971,37.321409],[-3.292761,37.321456],[-3.291613,37.321482],[-3.289316,37.321489],[-3.287023,37.321437],[-3.283139,37.32122],[-3.28304,37.321214],[-3.280906,37.32114],[-3.279576,37.321117],[-3.277282,37.321135],[-3.274985,37.32121],[-3.273075,37.32132],[-3.271927,37.321413],[-3.269404,37.321646],[-3.269259,37.32166],[-3.265457,37.322017],[-3.264781,37.322097],[-3.264341,37.322156],[-3.263576,37.322287],[-3.256922,37.323483],[-3.255839,37.323635],[-3.25476,37.323728],[-3.254194,37.323757],[-3.253461,37.323774],[-3.251623,37.323757],[-3.250342,37.323775],[-3.249245,37.323851],[-3.248518,37.323936],[-3.247408,37.324134],[-3.246857,37.324255],[-3.240714,37.325869],[-3.240161,37.326004],[-3.239603,37.326118],[-3.237727,37.326357],[-3.237185,37.326454],[-3.234061,37.327172],[-3.233698,37.327251],[-3.233141,37.327345],[-3.22937,37.327778],[-3.228805,37.327851],[-3.228263,37.327951],[-3.227529,37.328176],[-3.226858,37.328468],[-3.226387,37.328726],[-3.224941,37.329728],[-3.22448,37.329998],[-3.223979,37.330236],[-3.223464,37.330424],[-3.223092,37.330532],[-3.222549,37.330647],[-3.221793,37.330731],[-3.221205,37.33074],[-3.220832,37.33072],[-3.220451,37.330678],[-3.220073,37.330614],[-3.21971,37.330532],[-3.219344,37.330427],[-3.218999,37.330311],[-3.218656,37.330177],[-3.215974,37.329027],[-3.21544,37.328836],[-3.214966,37.328701],[-3.214415,37.328589],[-3.207617,37.327551],[-3.207124,37.327447],[-3.206685,37.327329],[-3.206396,37.327232],[-3.206042,37.327089],[-3.205722,37.326935],[-3.205386,37.326751],[-3.205065,37.326544],[-3.204859,37.326411],[-3.204073,37.325898],[-3.203535,37.32557],[-3.202975,37.325282],[-3.202581,37.325104],[-3.202446,37.325048],[-3.201776,37.324803],[-3.201417,37.324693],[-3.200697,37.324511],[-3.199947,37.324373],[-3.199379,37.324303],[-3.198988,37.324274],[-3.198614,37.324254],[-3.19791,37.324256],[-3.197074,37.324317],[-3.196511,37.324394],[-3.195948,37.324496],[-3.1954,37.324628],[-3.194862,37.32479],[-3.194329,37.324977],[-3.19382,37.325189],[-3.193328,37.325427],[-3.192861,37.32569],[-3.191652,37.326437],[-3.19118,37.326712],[-3.190702,37.326969],[-3.189696,37.327421],[-3.18917,37.327617],[-3.188635,37.327793],[-3.188086,37.327957],[-3.187524,37.328096],[-3.186968,37.32821],[-3.186401,37.328306],[-3.185459,37.328419],[-3.185268,37.328432],[-3.184667,37.328466],[-3.18408,37.32847],[-3.183475,37.328456],[-3.182917,37.328422],[-3.182342,37.328363],[-3.181781,37.328287],[-3.181203,37.328188],[-3.180094,37.327924],[-3.179558,37.327763],[-3.179027,37.327576],[-3.1785,37.32737],[-3.177989,37.327151],[-3.177488,37.326904],[-3.177003,37.326643],[-3.175613,37.325814],[-3.175143,37.325552],[-3.174653,37.325303],[-3.174146,37.325072],[-3.171566,37.32397],[-3.170887,37.323688],[-3.170179,37.323417],[-3.168764,37.322937],[-3.168037,37.322711],[-3.166578,37.322302],[-3.165843,37.322115],[-3.164355,37.321787],[-3.162795,37.3215],[-3.162458,37.321442],[-3.162121,37.321384],[-3.159673,37.320965],[-3.159374,37.320914],[-3.156306,37.320391],[-3.154641,37.320106],[-3.152389,37.319722],[-3.151821,37.319647],[-3.151254,37.3196],[-3.150723,37.319578],[-3.145952,37.319586],[-3.144844,37.319573],[-3.143432,37.319516],[-3.142791,37.319476],[-3.141408,37.319383],[-3.141124,37.319364],[-3.14071,37.319337],[-3.137577,37.31913],[-3.137432,37.319121],[-3.136066,37.31903],[-3.135154,37.318974],[-3.133579,37.318879],[-3.132991,37.318873],[-3.132419,37.31889],[-3.131848,37.318928],[-3.131091,37.31901],[-3.128415,37.319378],[-3.127469,37.31951],[-3.126833,37.319603],[-3.12573,37.319763],[-3.12415,37.32011],[-3.123824,37.320155],[-3.122812,37.32037],[-3.122247,37.320446],[-3.121675,37.320484],[-3.121109,37.320486],[-3.119568,37.320438],[-3.118989,37.32046],[-3.118388,37.320519],[-3.11811,37.320567],[-3.117721,37.320637],[-3.117451,37.32071],[-3.117042,37.320825],[-3.116259,37.321116],[-3.115341,37.321487],[-3.114359,37.321835],[-3.113646,37.322034],[-3.111122,37.322704],[-3.110555,37.32284],[-3.110011,37.322936],[-3.109432,37.323],[-3.107331,37.323113],[-3.106754,37.323176],[-3.1062,37.323271],[-3.105644,37.323395],[-3.105107,37.323551],[-3.104587,37.323741],[-3.104082,37.323958],[-3.103584,37.324211],[-3.103125,37.324481],[-3.102333,37.325013],[-3.098392,37.327805],[-3.097974,37.328121],[-3.097569,37.328457],[-3.097194,37.328803],[-3.096847,37.329166],[-3.096532,37.329542],[-3.096235,37.32993],[-3.095956,37.33036],[-3.095726,37.330752],[-3.095515,37.331179],[-3.095334,37.331623],[-3.095185,37.332058],[-3.095062,37.332507],[-3.094128,37.33603],[-3.092847,37.340886],[-3.092371,37.342672],[-3.091999,37.343855],[-3.091571,37.345027],[-3.091334,37.345613],[-3.091015,37.346327],[-3.090673,37.347039],[-3.090377,37.347608],[-3.089742,37.348721],[-3.089403,37.349274],[-3.088686,37.350357],[-3.087916,37.351405],[-3.087087,37.35243],[-3.08654,37.353057],[-3.085966,37.353682],[-3.085387,37.354276],[-3.074283,37.364939],[-3.073923,37.365308],[-3.07356,37.365711],[-3.073074,37.366322],[-3.072802,37.36673],[-3.072551,37.367151],[-3.072337,37.367569],[-3.072144,37.368009],[-3.071982,37.368443],[-3.07181,37.369024],[-3.071679,37.369635],[-3.071551,37.370702],[-3.071471,37.371457],[-3.071397,37.371873],[-3.071315,37.372184],[-3.071193,37.372496],[-3.070914,37.373055],[-3.070548,37.373593],[-3.07033,37.373847],[-3.070102,37.374086],[-3.069855,37.374314],[-3.069587,37.37453],[-3.068999,37.374931],[-3.068684,37.375106],[-3.068361,37.375261],[-3.067677,37.375534],[-3.067328,37.375643],[-3.066941,37.375737],[-3.066195,37.375864],[-3.064481,37.376073],[-3.064111,37.376131],[-3.063362,37.376276],[-3.063006,37.376358],[-3.062287,37.376558],[-3.061576,37.3768],[-3.061234,37.376934],[-3.060569,37.377226],[-3.060244,37.377391],[-3.059917,37.377562],[-3.059127,37.378038],[-3.05858,37.378433],[-3.058037,37.378843],[-3.047586,37.387017],[-3.044497,37.389399],[-3.042763,37.390595],[-3.042158,37.39096],[-3.04153,37.391311],[-3.040883,37.391644],[-3.040216,37.391958],[-3.039544,37.392251],[-3.03886,37.392516],[-3.038149,37.39277],[-3.037432,37.393],[-3.036726,37.393203],[-3.03599,37.393389],[-3.035246,37.393553],[-3.034506,37.393691],[-3.03374,37.39381],[-3.03298,37.393905],[-3.032201,37.393979],[-3.03146,37.394026],[-3.029931,37.394052],[-3.029165,37.394029],[-3.02839,37.393986],[-3.027635,37.393919],[-3.02687,37.393829],[-3.026118,37.393716],[-3.02537,37.393578],[-3.024263,37.393337],[-3.023536,37.393147],[-3.022806,37.392934],[-3.022096,37.392697],[-3.021401,37.392438],[-3.013858,37.38944],[-3.013148,37.3892],[-3.012778,37.389106],[-3.012214,37.388992],[-3.011838,37.388941],[-3.011076,37.388887],[-3.01069,37.388885],[-3.010313,37.388903],[-3.009539,37.388988],[-3.009176,37.389056],[-3.008645,37.389186],[-3.008122,37.389343],[-3.007768,37.389472],[-3.007402,37.389628],[-3.006953,37.389848],[-3.00583,37.39048],[-3.005192,37.390775],[-3.004501,37.391018],[-3.004133,37.391118],[-3.003767,37.3912],[-3.003208,37.391299],[-3.002645,37.391355],[-3.002067,37.391368],[-3.000132,37.391317],[-2.999344,37.391369],[-2.998658,37.391482],[-2.998068,37.391624],[-2.997345,37.391863],[-2.996583,37.392211],[-2.996179,37.392444],[-2.995534,37.3929],[-2.995057,37.393303],[-2.994624,37.393801],[-2.994261,37.394296],[-2.993892,37.394972],[-2.993569,37.395949],[-2.993317,37.396523],[-2.99315,37.396799],[-2.992954,37.397071],[-2.992753,37.397308],[-2.992499,37.39757],[-2.992228,37.397815],[-2.991942,37.398023],[-2.991338,37.398359],[-2.991008,37.398506],[-2.990665,37.39863],[-2.990308,37.398737],[-2.989937,37.398823],[-2.989565,37.398888],[-2.989182,37.398928],[-2.988798,37.398946],[-2.988408,37.39894],[-2.988043,37.398913],[-2.987278,37.398781],[-2.986741,37.398642],[-2.984222,37.397891],[-2.974475,37.39504],[-2.973154,37.394729],[-2.971558,37.394443],[-2.969468,37.394169],[-2.968733,37.394049],[-2.967996,37.393866],[-2.967228,37.393587],[-2.966512,37.393254],[-2.965748,37.392794],[-2.965011,37.392418],[-2.964309,37.39216],[-2.963948,37.392064],[-2.963564,37.39198],[-2.963204,37.391925],[-2.962446,37.391869],[-2.962056,37.391866],[-2.961684,37.391891],[-2.9613,37.391931],[-2.960924,37.391996],[-2.960552,37.392079],[-2.960196,37.392182],[-2.959845,37.392302],[-2.959498,37.392444],[-2.959174,37.392602],[-2.958873,37.392772],[-2.958577,37.392963],[-2.958289,37.393174],[-2.958025,37.393393],[-2.957782,37.393631],[-2.957563,37.39388],[-2.95736,37.39413],[-2.956802,37.394936],[-2.956603,37.395191],[-2.95615,37.395683],[-2.955893,37.395916],[-2.955629,37.396133],[-2.95534,37.396343],[-2.955052,37.396527],[-2.953705,37.397318],[-2.952254,37.398136],[-2.951771,37.398386],[-2.950947,37.398781],[-2.949911,37.399229],[-2.949802,37.399269],[-2.948872,37.399562],[-2.948315,37.399712],[-2.947231,37.399966],[-2.946105,37.400175],[-2.945536,37.400259],[-2.94458,37.400361],[-2.934217,37.401058],[-2.93135,37.401261],[-2.93078,37.401326],[-2.930215,37.401421],[-2.929665,37.401558],[-2.929131,37.401726],[-2.9286,37.401939],[-2.928104,37.402178],[-2.927025,37.402858],[-2.923594,37.405213],[-2.921061,37.406943],[-2.920504,37.407365],[-2.920246,37.407595],[-2.919785,37.408081],[-2.919394,37.408606],[-2.91908,37.409168],[-2.918949,37.409461],[-2.91884,37.409748],[-2.918753,37.410053],[-2.918641,37.410658],[-2.918618,37.410961],[-2.918613,37.411266],[-2.918639,37.411568],[-2.918901,37.413235],[-2.91892,37.41385],[-2.918857,37.414466],[-2.918713,37.415067],[-2.91741,37.419201],[-2.916893,37.420859],[-2.916789,37.421152],[-2.91653,37.421712],[-2.91648,37.421796],[-2.916179,37.422273],[-2.914167,37.425021],[-2.913699,37.425662],[-2.913293,37.42615],[-2.913058,37.426386],[-2.91254,37.426835],[-2.911956,37.427233],[-2.910384,37.428093],[-2.910092,37.428278],[-2.909814,37.428475],[-2.909578,37.428673],[-2.909155,37.42909],[-2.908862,37.429444],[-2.908675,37.429718],[-2.90802,37.430817],[-2.907817,37.431086],[-2.907601,37.431334],[-2.907234,37.431686],[-2.906972,37.431909],[-2.906551,37.432212],[-2.904634,37.433509],[-2.903455,37.434389],[-2.894222,37.442066],[-2.890298,37.445325],[-2.890182,37.445424],[-2.886804,37.448233],[-2.88607,37.448848],[-2.883819,37.450675],[-2.875546,37.457511],[-2.869552,37.462405],[-2.867295,37.464232],[-2.867181,37.464326],[-2.864949,37.466136],[-2.860661,37.469607],[-2.860275,37.469946],[-2.859904,37.47033],[-2.859574,37.470741],[-2.859302,37.471138],[-2.850894,37.483816],[-2.848352,37.487643],[-2.848143,37.487908],[-2.847929,37.488144],[-2.847682,37.488385],[-2.847412,37.488602],[-2.84719,37.488768],[-2.846815,37.48899],[-2.846486,37.489155],[-2.846159,37.489294],[-2.845633,37.489467],[-2.845073,37.4896],[-2.842295,37.490127],[-2.841189,37.49036],[-2.833506,37.492223],[-2.82939,37.49315],[-2.825268,37.494141],[-2.821356,37.495283],[-2.820372,37.49561],[-2.81934,37.495991],[-2.818497,37.496333],[-2.817676,37.496708],[-2.817023,37.497036],[-2.816534,37.49731],[-2.816426,37.497372],[-2.815909,37.497672],[-2.815342,37.498035],[-2.814753,37.498434],[-2.814189,37.498854],[-2.813647,37.499284],[-2.813117,37.499731],[-2.812612,37.500185],[-2.812126,37.500658],[-2.811202,37.501628],[-2.810335,37.502629],[-2.80992,37.503147],[-2.808802,37.504619],[-2.807773,37.506099],[-2.805998,37.508742],[-2.805159,37.509921],[-2.804512,37.510726],[-2.804104,37.511188],[-2.803763,37.511559],[-2.803025,37.512257],[-2.802642,37.512583],[-2.801786,37.5132],[-2.801342,37.513481],[-2.800875,37.51375],[-2.800398,37.514],[-2.7999,37.514228],[-2.79939,37.514442],[-2.798336,37.514804],[-2.797825,37.51495],[-2.797253,37.515085],[-2.796691,37.515197],[-2.796134,37.515283],[-2.79557,37.515352],[-2.794994,37.515395],[-2.794417,37.515418],[-2.793849,37.515421],[-2.79327,37.515402],[-2.792715,37.515362],[-2.792138,37.515298],[-2.791571,37.515215],[-2.790466,37.514997],[-2.789359,37.514711],[-2.788817,37.51455],[-2.787752,37.514202],[-2.786706,37.513831],[-2.783427,37.512587],[-2.781332,37.511821],[-2.77713,37.510322],[-2.775753,37.50977],[-2.775084,37.509484],[-2.773889,37.508921],[-2.773108,37.508524],[-2.771851,37.507829],[-2.769104,37.506173],[-2.768538,37.505854],[-2.768311,37.505734],[-2.767831,37.505485],[-2.767333,37.505255],[-2.766831,37.505056],[-2.766301,37.504869],[-2.765748,37.504704],[-2.765215,37.50457],[-2.764658,37.504452],[-2.764102,37.504362],[-2.763107,37.504259],[-2.762372,37.504229],[-2.761585,37.504237],[-2.760858,37.504282],[-2.760089,37.504354],[-2.759327,37.504446],[-2.75859,37.504555],[-2.755008,37.505139],[-2.75351,37.505353],[-2.75199,37.505533],[-2.751226,37.505601],[-2.749703,37.505691],[-2.74818,37.505706],[-2.746652,37.505644],[-2.745134,37.505527],[-2.742937,37.505321],[-2.741889,37.505237],[-2.740817,37.505193],[-2.740261,37.505196],[-2.739681,37.505218],[-2.739116,37.505261],[-2.738549,37.505325],[-2.737979,37.505416],[-2.737417,37.505525],[-2.73688,37.505653],[-2.736337,37.505805],[-2.735281,37.506166],[-2.734768,37.506377],[-2.733892,37.506798],[-2.733304,37.507098],[-2.732353,37.507616],[-2.720248,37.514355],[-2.711458,37.519165],[-2.71108,37.519354],[-2.710689,37.519524],[-2.710289,37.519677],[-2.709878,37.519814],[-2.709504,37.519913],[-2.70895,37.52003],[-2.708395,37.520114],[-2.707816,37.520165],[-2.707226,37.520173],[-2.706672,37.520147],[-2.706096,37.520086],[-2.705526,37.520001],[-2.703486,37.519617],[-2.703097,37.519555],[-2.702345,37.519472],[-2.701769,37.519435],[-2.701207,37.519435],[-2.700655,37.519467],[-2.700072,37.519527],[-2.699517,37.519622],[-2.698965,37.519746],[-2.698626,37.519842],[-2.698481,37.519886],[-2.697888,37.520076],[-2.695339,37.521],[-2.694553,37.521225],[-2.693999,37.521356],[-2.693458,37.521453],[-2.692326,37.521597],[-2.690222,37.521791],[-2.68871,37.52195],[-2.688026,37.5221],[-2.687355,37.522295],[-2.686708,37.522536],[-2.686393,37.522673],[-2.685771,37.522975],[-2.685176,37.52332],[-2.684336,37.523885],[-2.68277,37.525085],[-2.681956,37.525651],[-2.681365,37.525975],[-2.681038,37.526115],[-2.68036,37.526362],[-2.679655,37.526548],[-2.678923,37.526672],[-2.678548,37.526707],[-2.6778,37.526735],[-2.677425,37.526723],[-2.677053,37.526693],[-2.67632,37.526582],[-2.674883,37.526288],[-2.674158,37.52617],[-2.673425,37.526107],[-2.673055,37.5261],[-2.672318,37.526137],[-2.671583,37.526238],[-2.669401,37.526655],[-2.668293,37.526798],[-2.667171,37.526882],[-2.666418,37.526887],[-2.665295,37.526837],[-2.663121,37.526638],[-2.662021,37.526608],[-2.661653,37.526627],[-2.660923,37.52671],[-2.660565,37.526776],[-2.659866,37.526948],[-2.659533,37.527057],[-2.6589,37.527323],[-2.658293,37.527645],[-2.658001,37.527827],[-2.65685,37.52862],[-2.65506,37.529788],[-2.653543,37.530655],[-2.638261,37.538963],[-2.634438,37.541012],[-2.631231,37.5428],[-2.62363,37.546928],[-2.61972,37.549018],[-2.616407,37.550848],[-2.615401,37.551447],[-2.614839,37.551819],[-2.614315,37.552212],[-2.613807,37.552639],[-2.613346,37.553079],[-2.612903,37.553534],[-2.611642,37.554933],[-2.611081,37.555524],[-2.610865,37.555748],[-2.610419,37.556194],[-2.609946,37.556632],[-2.609444,37.557052],[-2.608933,37.557451],[-2.608381,37.557838],[-2.607823,37.558203],[-2.607247,37.558551],[-2.606656,37.558871],[-2.605418,37.559481],[-2.603211,37.560473],[-2.601639,37.561201],[-2.600423,37.561828],[-2.59983,37.562166],[-2.599255,37.56252],[-2.598699,37.562891],[-2.598163,37.563288],[-2.597658,37.563698],[-2.597174,37.564132],[-2.596714,37.564571],[-2.595105,37.566312],[-2.594537,37.566882],[-2.593895,37.567473],[-2.593453,37.567857],[-2.592346,37.568718],[-2.590815,37.569726],[-2.589555,37.570478],[-2.588215,37.571122],[-2.586828,37.571692],[-2.585378,37.572185],[-2.58425,37.572507],[-2.58273,37.572855],[-2.58121,37.573117],[-2.580078,37.573257],[-2.578561,37.57337],[-2.577008,37.573408],[-2.57582,37.573375],[-2.574241,37.573252],[-2.572718,37.573045],[-2.569775,37.572488],[-2.569038,37.572402],[-2.568306,37.57236],[-2.567581,37.572363],[-2.566856,37.572408],[-2.566141,37.572493],[-2.56509,37.572687],[-2.564411,37.572867],[-2.563748,37.573087],[-2.563106,37.573352],[-2.56249,37.573662],[-2.561898,37.574007],[-2.560646,37.574795],[-2.559295,37.575725],[-2.558601,37.576183],[-2.558064,37.576509],[-2.557518,37.576814],[-2.556756,37.577201],[-2.556179,37.577477],[-2.554432,37.578257],[-2.553798,37.578561],[-2.552897,37.579059],[-2.552187,37.579514],[-2.551773,37.579806],[-2.551,37.580422],[-2.548816,37.582448],[-2.548361,37.582835],[-2.547621,37.583404],[-2.547008,37.583814],[-2.546715,37.58399],[-2.546591,37.584063],[-2.546104,37.584323],[-2.545157,37.584749],[-2.544666,37.584935],[-2.544156,37.585102],[-2.54364,37.585251],[-2.543116,37.585378],[-2.542578,37.585486],[-2.542049,37.585575],[-2.540953,37.585711],[-2.539666,37.58581],[-2.531282,37.586375],[-2.522351,37.586985],[-2.504116,37.588239],[-2.491756,37.589122],[-2.478695,37.590022],[-2.474416,37.59034],[-2.466632,37.590889],[-2.464727,37.591043],[-2.461492,37.591245],[-2.435303,37.593061],[-2.430911,37.593355],[-2.427966,37.593568],[-2.41943,37.594158],[-2.413667,37.594544],[-2.409486,37.594844],[-2.408876,37.5949],[-2.408304,37.594989],[-2.407488,37.595156],[-2.406554,37.595456],[-2.405579,37.595903],[-2.403752,37.596981],[-2.403101,37.597286],[-2.402412,37.597541],[-2.401697,37.59774],[-2.400973,37.597911],[-2.400222,37.598001],[-2.399117,37.598056],[-2.398372,37.598076],[-2.398001,37.598076],[-2.396887,37.59804],[-2.395784,37.597941],[-2.394686,37.59778],[-2.39367,37.597602],[-2.39317,37.597482],[-2.392195,37.597194],[-2.391668,37.597001],[-2.391202,37.596815],[-2.389599,37.596069],[-2.388875,37.595757],[-2.388432,37.595597],[-2.387851,37.595412],[-2.387354,37.595272],[-2.386826,37.595147],[-2.386267,37.595037],[-2.385715,37.594951],[-2.385139,37.594889],[-2.382057,37.594653],[-2.377681,37.594398],[-2.375737,37.594468],[-2.371067,37.594574],[-2.364251,37.594733],[-2.354842,37.594969],[-2.346143,37.595165],[-2.324501,37.5956],[-2.320119,37.59566],[-2.315953,37.595685],[-2.313863,37.59565],[-2.291781,37.595076],[-2.291146,37.595074],[-2.290567,37.595086],[-2.289392,37.595153],[-2.288286,37.595283],[-2.287727,37.59537],[-2.286608,37.59559],[-2.285879,37.595766],[-2.285155,37.595976],[-2.284445,37.596208],[-2.283759,37.59646],[-2.283073,37.596746],[-2.282415,37.59705],[-2.281772,37.597374],[-2.281143,37.597723],[-2.28039,37.598196],[-2.279805,37.598592],[-2.27925,37.599012],[-2.278072,37.600009],[-2.277252,37.600637],[-2.276825,37.600933],[-2.276213,37.601316],[-2.275282,37.601844],[-2.274305,37.602317],[-2.273289,37.602745],[-2.272241,37.603101],[-2.271156,37.603415],[-2.270615,37.603546],[-2.269498,37.603767],[-2.268362,37.603923],[-2.267245,37.60402],[-2.266095,37.604057],[-2.265511,37.60405],[-2.264371,37.603994],[-2.263811,37.603943],[-2.262677,37.603793],[-2.262115,37.603699],[-2.261007,37.603458],[-2.260464,37.603316],[-2.259396,37.602984],[-2.258359,37.602603],[-2.257683,37.602312],[-2.25719,37.602082],[-2.256233,37.601578],[-2.254914,37.600816],[-2.254205,37.600443],[-2.253247,37.59996],[-2.252415,37.599573],[-2.251409,37.599136],[-2.250557,37.598792],[-2.249688,37.598464],[-2.248822,37.598158],[-2.247215,37.597658],[-2.246139,37.597363],[-2.244488,37.596972],[-2.243744,37.596822],[-2.242995,37.596693],[-2.242241,37.596598],[-2.241486,37.596524],[-2.240717,37.596474],[-2.239949,37.596461],[-2.239192,37.59647],[-2.238431,37.596506],[-2.237663,37.59657],[-2.236889,37.596661],[-2.236342,37.596749],[-2.23578,37.59685],[-2.234992,37.597019],[-2.23396,37.597292],[-2.233408,37.597461],[-2.232712,37.597699],[-2.232026,37.59796],[-2.231339,37.598258],[-2.229683,37.599025],[-2.224712,37.601388],[-2.220073,37.603493],[-2.217796,37.604248],[-2.215691,37.60492],[-2.214205,37.605237],[-2.210001,37.605871],[-2.208882,37.606183],[-2.207799,37.606556],[-2.206754,37.606988],[-2.204761,37.60797],[-2.197149,37.611861],[-2.196449,37.612163],[-2.195764,37.612451],[-2.195053,37.612678],[-2.194295,37.612888],[-2.191711,37.61343],[-2.190887,37.613611],[-2.190015,37.613888],[-2.189692,37.614006],[-2.189345,37.614165],[-2.188776,37.614481],[-2.186644,37.615965],[-2.185707,37.616546],[-2.185065,37.616902],[-2.184077,37.61738],[-2.183,37.617783],[-2.181919,37.618121],[-2.181184,37.618303],[-2.180439,37.61845],[-2.179309,37.618605],[-2.178171,37.618725],[-2.177033,37.618745],[-2.175856,37.618713],[-2.167995,37.617922],[-2.166547,37.61788],[-2.160505,37.618173],[-2.159756,37.618232],[-2.159024,37.618357],[-2.158323,37.618497],[-2.157597,37.618686],[-2.156847,37.618935],[-2.155544,37.619463],[-2.154917,37.619818],[-2.152374,37.62137],[-2.151101,37.62211],[-2.150719,37.622309],[-2.150083,37.622614],[-2.149058,37.623046],[-2.147927,37.623423],[-2.146913,37.623718],[-2.145775,37.62396],[-2.143825,37.624283],[-2.142198,37.624508],[-2.140919,37.62475],[-2.139781,37.625028],[-2.136156,37.626151],[-2.135265,37.626374],[-2.134637,37.626489],[-2.132811,37.626726],[-2.128308,37.627227],[-2.127255,37.627394],[-2.126152,37.627582],[-2.125469,37.627803],[-2.124806,37.628063],[-2.124161,37.628363],[-2.123542,37.628696],[-2.122956,37.62906],[-2.122397,37.629458],[-2.118977,37.632227],[-2.118469,37.632678],[-2.118014,37.63316],[-2.112339,37.63988],[-2.111871,37.640367],[-2.111612,37.640592],[-2.111339,37.640802],[-2.110752,37.641187],[-2.110446,37.641357],[-2.109806,37.641652],[-2.109134,37.641885],[-2.108439,37.64206],[-2.107729,37.642173],[-2.107006,37.642227],[-2.106286,37.642228],[-2.104847,37.64215],[-2.103747,37.642142],[-2.103016,37.642185],[-2.101944,37.642317],[-2.101252,37.642441],[-2.100266,37.642695],[-2.097349,37.643699],[-2.092066,37.645432],[-2.090399,37.645956],[-2.089192,37.646285],[-2.088246,37.646472],[-2.087289,37.646597],[-2.085999,37.646683],[-2.085026,37.646683],[-2.084041,37.646622],[-2.082729,37.64646],[-2.081442,37.6462],[-2.080492,37.64594],[-2.079567,37.645622],[-2.078662,37.645245],[-2.077799,37.644813],[-2.077254,37.64449],[-2.076209,37.643775],[-2.075477,37.643173],[-2.074319,37.642105],[-2.073546,37.641474],[-2.072389,37.640769],[-2.071825,37.64049],[-2.07117,37.640201],[-2.070498,37.639964],[-2.069525,37.639682],[-2.068816,37.639541],[-2.06809,37.639432],[-2.067417,37.639364],[-2.066669,37.639339],[-2.065943,37.639364],[-2.065149,37.639421],[-2.064402,37.639524],[-2.063637,37.63968],[-2.062948,37.63987],[-2.062264,37.640091],[-2.06071,37.640742],[-2.059861,37.641057],[-2.059139,37.64126],[-2.05813,37.641472],[-2.056902,37.641617],[-2.056129,37.641637],[-2.055371,37.64162],[-2.054614,37.641553],[-2.053864,37.641442],[-2.053132,37.641288],[-2.052421,37.641093],[-2.051734,37.640858],[-2.051387,37.640717],[-2.049064,37.639773],[-2.048004,37.639433],[-2.044666,37.63855],[-2.0422,37.637987],[-2.041657,37.637849],[-2.040606,37.637565],[-2.039811,37.637404],[-2.039059,37.63733],[-2.038281,37.637308],[-2.037531,37.637333],[-2.036772,37.63747],[-2.036404,37.637565],[-2.036044,37.637678],[-2.035692,37.637812],[-2.035354,37.637963],[-2.033729,37.638823],[-2.033029,37.639105],[-2.032667,37.63922],[-2.031924,37.639396],[-2.031164,37.639512],[-2.030784,37.639538],[-2.030024,37.639548],[-2.029267,37.639498],[-2.028521,37.639382],[-2.027802,37.639195],[-2.027109,37.638948],[-2.026451,37.638645],[-2.025844,37.638282],[-2.025562,37.63808],[-2.025051,37.637642],[-2.024607,37.63716],[-2.024412,37.636905],[-2.023889,37.63602],[-2.023542,37.635522],[-2.023361,37.6353],[-2.023071,37.634992],[-2.022545,37.634523],[-2.022268,37.634315],[-2.021663,37.633933],[-2.021188,37.633687],[-2.020568,37.633432],[-2.020195,37.633303],[-2.019777,37.633185],[-2.019223,37.633066],[-2.014597,37.632394],[-2.009176,37.631611],[-2.006814,37.631227],[-2.005242,37.630947],[-2.00357,37.630629],[-2.001338,37.630167],[-1.995958,37.629014],[-1.994858,37.628759],[-1.994485,37.628655],[-1.994127,37.628545],[-1.99342,37.628296],[-1.992743,37.628012],[-1.991571,37.627479],[-1.991242,37.627344],[-1.990874,37.627213],[-1.99015,37.627018],[-1.989393,37.626885],[-1.989014,37.626843],[-1.988608,37.626816],[-1.987854,37.626818],[-1.986893,37.626906],[-1.986256,37.626987],[-1.983553,37.627305],[-1.981841,37.62749],[-1.981767,37.627498],[-1.980856,37.627569],[-1.979956,37.627633],[-1.978897,37.627665],[-1.978132,37.62766],[-1.976898,37.627605],[-1.975658,37.627462],[-1.973452,37.62716],[-1.964085,37.625823],[-1.963881,37.625793],[-1.961623,37.625462],[-1.960427,37.625239],[-1.959282,37.624953],[-1.958191,37.624574],[-1.957074,37.624085],[-1.956248,37.62361],[-1.955479,37.623092],[-1.953544,37.621674],[-1.952555,37.621138],[-1.952068,37.6209],[-1.951642,37.620717],[-1.950989,37.620482],[-1.950312,37.620272],[-1.937015,37.616738],[-1.936285,37.616533],[-1.935767,37.61637],[-1.935206,37.616145],[-1.934728,37.615914],[-1.934246,37.615642],[-1.933681,37.615263],[-1.933243,37.614911],[-1.932762,37.614447],[-1.931381,37.612924],[-1.930675,37.612361],[-1.930161,37.612018],[-1.929546,37.611695],[-1.928818,37.61138],[-1.928263,37.611198],[-1.927707,37.611031],[-1.92683,37.610859],[-1.926251,37.610784],[-1.925712,37.610743],[-1.924692,37.610764],[-1.924136,37.610805],[-1.9239,37.610827],[-1.922591,37.61095],[-1.915524,37.611567],[-1.914526,37.611596],[-1.913549,37.611564],[-1.912047,37.611417],[-1.907616,37.61098],[-1.906313,37.610818],[-1.905738,37.610712],[-1.905023,37.610517],[-1.904537,37.610362],[-1.90353,37.609903],[-1.902586,37.609312],[-1.90206,37.60889],[-1.900304,37.607119],[-1.899358,37.606137],[-1.898717,37.605605],[-1.898177,37.605239],[-1.897366,37.604795],[-1.896799,37.604546],[-1.896177,37.604309],[-1.895959,37.604226],[-1.892768,37.603035],[-1.887326,37.601005],[-1.886804,37.600848],[-1.886363,37.600734],[-1.885848,37.600637],[-1.88533,37.600566],[-1.884821,37.600522],[-1.884249,37.600503],[-1.883353,37.600544],[-1.882863,37.600593],[-1.881176,37.600842],[-1.880512,37.600917],[-1.879808,37.600969],[-1.879054,37.600992],[-1.87835,37.600983],[-1.877625,37.600944],[-1.876823,37.600857],[-1.8759,37.600715],[-1.87495,37.600512],[-1.874127,37.600284],[-1.873436,37.600053],[-1.872587,37.599725],[-1.871804,37.599356],[-1.870905,37.598876],[-1.870335,37.598522],[-1.870182,37.598426],[-1.865649,37.5956],[-1.865186,37.595256],[-1.864717,37.594861],[-1.864382,37.594515],[-1.863784,37.593825],[-1.861548,37.591192],[-1.860957,37.590518],[-1.860256,37.589767],[-1.859564,37.589122],[-1.856268,37.586319],[-1.855306,37.585537],[-1.854903,37.585267],[-1.854508,37.585017],[-1.853924,37.58472],[-1.853325,37.584481],[-1.852629,37.584251],[-1.851998,37.584086],[-1.851431,37.583977],[-1.850821,37.583901],[-1.848018,37.583666],[-1.847309,37.583564],[-1.846652,37.58343],[-1.846246,37.583331],[-1.845252,37.583024],[-1.844753,37.582829],[-1.8437,37.582329],[-1.839301,37.579938],[-1.83714,37.57875],[-1.83686,37.578606],[-1.836013,37.578236],[-1.835572,37.578082],[-1.834711,37.577872],[-1.832562,37.577559],[-1.830659,37.577193],[-1.829037,37.576735],[-1.82752,37.576171],[-1.826599,37.575651],[-1.82575,37.575093],[-1.824782,37.57418],[-1.82394,37.573208],[-1.823064,37.57145],[-1.82277,37.5709],[-1.822327,37.570191],[-1.821818,37.569555],[-1.821535,37.569238],[-1.820813,37.568527],[-1.820455,37.56825],[-1.819596,37.567633],[-1.818094,37.566804],[-1.817403,37.566547],[-1.816673,37.566333],[-1.815908,37.566221],[-1.814956,37.566189],[-1.814145,37.566249],[-1.813503,37.566385],[-1.812512,37.566723],[-1.811821,37.567066],[-1.809257,37.568532],[-1.80901,37.568705],[-1.808321,37.56913],[-1.807935,37.569394],[-1.807441,37.569793],[-1.80706,37.570127],[-1.806049,37.571062],[-1.805684,37.57136],[-1.804995,37.571832],[-1.804467,37.572124],[-1.804071,37.572316],[-1.801977,37.573159],[-1.801127,37.573544],[-1.80002,37.574202],[-1.799604,37.574481],[-1.799151,37.574829],[-1.798767,37.575156],[-1.798577,37.57532],[-1.797726,37.576154],[-1.797193,37.576651],[-1.796436,37.57727],[-1.795924,37.577621],[-1.794685,37.578348],[-1.793628,37.57896],[-1.793145,37.579266],[-1.79285,37.579474],[-1.792547,37.579719],[-1.791681,37.580503],[-1.78928,37.582913],[-1.788918,37.583268],[-1.788636,37.583509],[-1.788068,37.583927],[-1.787684,37.584153],[-1.78737,37.584312],[-1.786753,37.584579],[-1.786401,37.58471],[-1.785729,37.584946],[-1.785238,37.585145],[-1.784921,37.585286],[-1.784516,37.585505],[-1.784071,37.585791],[-1.783672,37.586085],[-1.783328,37.586384],[-1.781575,37.58807],[-1.778821,37.590721],[-1.768565,37.600655],[-1.767585,37.601593],[-1.764054,37.604973],[-1.758356,37.61037],[-1.758159,37.610556],[-1.756217,37.612411],[-1.754689,37.613886],[-1.754511,37.614058],[-1.752233,37.61626],[-1.751222,37.617278],[-1.750896,37.617667],[-1.750588,37.618085],[-1.750098,37.618937],[-1.749921,37.619323],[-1.749745,37.619783],[-1.749538,37.620515],[-1.749251,37.622087],[-1.749008,37.623199],[-1.748845,37.623787],[-1.748675,37.624303],[-1.74846,37.624869],[-1.748237,37.625391],[-1.74784,37.62617],[-1.74757,37.626656],[-1.747206,37.627241],[-1.746906,37.62767],[-1.746754,37.627878],[-1.746292,37.628478],[-1.745876,37.628973],[-1.744701,37.630214],[-1.743402,37.631503],[-1.742732,37.632276],[-1.741899,37.633383],[-1.741781,37.633558],[-1.741331,37.634287],[-1.741031,37.634856],[-1.740691,37.635555],[-1.740253,37.636709],[-1.739941,37.638004],[-1.739754,37.639229],[-1.73966,37.639987],[-1.739649,37.640196],[-1.739572,37.640843],[-1.739462,37.641423],[-1.739228,37.642188],[-1.738749,37.643111],[-1.738332,37.643706],[-1.737755,37.644441],[-1.736639,37.645394],[-1.73568,37.645992],[-1.73456,37.646523],[-1.733898,37.646749],[-1.733511,37.646881],[-1.732675,37.647079],[-1.731323,37.647341],[-1.730438,37.647543],[-1.72951,37.64786],[-1.728804,37.648181],[-1.728198,37.648534],[-1.72784,37.648772],[-1.727712,37.648869],[-1.725953,37.650279],[-1.72534,37.650656],[-1.724488,37.651037],[-1.723611,37.651316],[-1.722276,37.65164],[-1.721495,37.651917],[-1.720701,37.652334],[-1.720138,37.652717],[-1.71963,37.653184],[-1.719174,37.653742],[-1.718925,37.654161],[-1.718764,37.654502],[-1.718667,37.65478],[-1.717743,37.658535],[-1.717613,37.659023],[-1.717471,37.659414],[-1.717324,37.659721],[-1.717154,37.660014],[-1.716938,37.660315],[-1.716713,37.660584],[-1.716382,37.660911],[-1.716101,37.661153],[-1.715766,37.66142],[-1.712038,37.663989],[-1.711675,37.664257],[-1.711145,37.664684],[-1.710721,37.665125],[-1.710206,37.66574],[-1.709942,37.666175],[-1.709795,37.66652],[-1.709595,37.667075],[-1.709507,37.667621],[-1.709483,37.668491],[-1.709484,37.669238],[-1.709388,37.669858],[-1.709155,37.670546],[-1.708786,37.671278],[-1.70791,37.672579],[-1.707818,37.672741],[-1.707573,37.673321],[-1.707478,37.673641],[-1.707375,37.674289],[-1.70736,37.674607],[-1.70744,37.676398],[-1.707759,37.677224],[-1.708113,37.677728],[-1.708708,37.678243],[-1.709108,37.678644],[-1.709642,37.679268],[-1.709892,37.679782],[-1.710139,37.680402],[-1.71036,37.681164],[-1.710521,37.681848],[-1.710592,37.682403],[-1.710642,37.683371],[-1.710605,37.68445],[-1.710529,37.686704],[-1.710458,37.688724],[-1.710356,37.689604],[-1.710223,37.690127],[-1.710069,37.69057],[-1.709865,37.690987],[-1.709731,37.691243],[-1.70956,37.691515],[-1.709209,37.692012],[-1.708817,37.692458],[-1.70843,37.692825],[-1.707897,37.693257],[-1.707577,37.693476],[-1.706888,37.693882],[-1.704936,37.694952],[-1.704695,37.695075],[-1.703843,37.695548],[-1.703158,37.69585],[-1.702703,37.695999],[-1.702262,37.696139],[-1.70174,37.696274],[-1.701248,37.696371],[-1.700644,37.696442],[-1.700132,37.696483],[-1.699601,37.696492],[-1.699101,37.696475],[-1.698167,37.696357],[-1.697773,37.696282],[-1.696923,37.696072],[-1.692288,37.694722],[-1.691251,37.694366],[-1.690538,37.694029],[-1.689768,37.693508],[-1.687384,37.691448],[-1.687049,37.691187],[-1.686693,37.690954],[-1.686291,37.690736],[-1.685864,37.690536],[-1.685358,37.690359],[-1.684846,37.690217],[-1.6844,37.690129],[-1.683957,37.690071],[-1.683517,37.690037],[-1.683096,37.690032],[-1.68263,37.690052],[-1.682174,37.690113],[-1.681339,37.690281],[-1.680502,37.690547],[-1.679484,37.690952],[-1.678599,37.691228],[-1.677885,37.691381],[-1.67699,37.691468],[-1.673149,37.691588],[-1.672472,37.691624],[-1.67228,37.691635],[-1.670744,37.691748],[-1.670071,37.691836],[-1.669079,37.691994],[-1.668292,37.692135],[-1.66768,37.692266],[-1.667281,37.692347],[-1.666601,37.692507],[-1.665487,37.692809],[-1.665248,37.692872],[-1.663648,37.693408],[-1.662838,37.693699],[-1.660979,37.694504],[-1.659563,37.695187],[-1.658173,37.695896],[-1.657621,37.696152],[-1.657012,37.69642],[-1.656474,37.696626],[-1.655284,37.696998],[-1.654674,37.697155],[-1.653645,37.697385],[-1.652663,37.697541],[-1.650319,37.697899],[-1.649123,37.698208],[-1.648871,37.698289],[-1.647949,37.698624],[-1.647414,37.69887],[-1.646402,37.699397],[-1.645664,37.699874],[-1.643803,37.701235],[-1.643213,37.701645],[-1.642486,37.702078],[-1.64189,37.702403],[-1.641005,37.702802],[-1.640126,37.703118],[-1.63945,37.703314],[-1.638742,37.70349],[-1.636866,37.703921],[-1.63632,37.704082],[-1.633973,37.704937],[-1.63383,37.704989],[-1.632689,37.705335],[-1.632237,37.705436],[-1.631626,37.705568],[-1.631053,37.705666],[-1.630503,37.705726],[-1.629961,37.705775],[-1.62944,37.705801],[-1.62873,37.705806],[-1.627738,37.705778],[-1.626563,37.705709],[-1.625658,37.705678],[-1.625036,37.705686],[-1.624379,37.705719],[-1.623542,37.705796],[-1.622801,37.705897],[-1.621981,37.706057],[-1.618802,37.706809],[-1.618002,37.706962],[-1.615547,37.707341],[-1.615083,37.707413],[-1.614464,37.70752],[-1.613229,37.707781],[-1.612387,37.708003],[-1.611231,37.708351],[-1.610397,37.708685],[-1.609797,37.70895],[-1.609343,37.709177],[-1.608524,37.70965],[-1.608058,37.709959],[-1.606159,37.711349],[-1.605278,37.711946],[-1.604795,37.712247],[-1.604289,37.712533],[-1.604144,37.712631],[-1.603447,37.712989],[-1.602878,37.713247],[-1.602691,37.713328],[-1.601961,37.713624],[-1.601153,37.713906],[-1.600242,37.714185],[-1.599402,37.7144],[-1.598225,37.714641],[-1.596918,37.714821],[-1.596363,37.71487],[-1.595896,37.7149],[-1.595134,37.714934],[-1.591586,37.714984],[-1.590782,37.715021],[-1.590604,37.715029],[-1.589556,37.715109],[-1.588413,37.715234],[-1.586876,37.715467],[-1.586238,37.715591],[-1.584648,37.715955],[-1.583943,37.716145],[-1.582564,37.716565],[-1.581014,37.717135],[-1.579102,37.717961],[-1.577155,37.71887],[-1.576684,37.71909],[-1.576402,37.719222],[-1.560693,37.726566],[-1.554839,37.729285],[-1.553291,37.730022],[-1.552448,37.730403],[-1.551829,37.730648],[-1.551244,37.730842],[-1.55076,37.730981],[-1.550196,37.731113],[-1.549763,37.731194],[-1.549273,37.731266],[-1.548179,37.73137],[-1.547691,37.731383],[-1.546374,37.731334],[-1.544751,37.731205],[-1.544124,37.731173],[-1.54355,37.731156],[-1.543013,37.731163],[-1.542503,37.731194],[-1.541954,37.731249],[-1.541415,37.731326],[-1.540664,37.731477],[-1.540239,37.73158],[-1.539196,37.731914],[-1.538774,37.732072],[-1.538354,37.732259],[-1.537869,37.732493],[-1.537389,37.732762],[-1.536965,37.733021],[-1.536546,37.733307],[-1.536022,37.733724],[-1.535631,37.734066],[-1.53518,37.734526],[-1.534712,37.735078],[-1.533658,37.736572],[-1.533367,37.736951],[-1.532904,37.737494],[-1.532333,37.73808],[-1.531657,37.738672],[-1.531222,37.739019],[-1.530771,37.739352],[-1.529904,37.739901],[-1.529377,37.740203],[-1.528744,37.740523],[-1.527853,37.740939],[-1.526978,37.741301],[-1.526837,37.741355],[-1.526241,37.741584],[-1.525235,37.741936],[-1.524725,37.742099],[-1.523572,37.742436],[-1.52276,37.742653],[-1.52192,37.742846],[-1.521365,37.742967],[-1.520021,37.743217],[-1.518841,37.743391],[-1.517224,37.743586],[-1.515494,37.743743],[-1.513831,37.743858],[-1.509754,37.744076],[-1.50882,37.744139],[-1.508114,37.74417],[-1.50528,37.744329],[-1.50513,37.744338],[-1.503161,37.74447],[-1.500112,37.744717],[-1.498188,37.744905],[-1.49673,37.745067],[-1.494508,37.745363],[-1.493234,37.745552],[-1.490898,37.745959],[-1.488031,37.746572],[-1.4867,37.746897],[-1.485547,37.7472],[-1.484061,37.747633],[-1.482871,37.748],[-1.481629,37.748407],[-1.480532,37.748799],[-1.478583,37.749529],[-1.477922,37.749796],[-1.475913,37.750673],[-1.4739,37.751635],[-1.472092,37.752572],[-1.470697,37.753356],[-1.469142,37.754296],[-1.46822,37.754873],[-1.466707,37.755897],[-1.465497,37.756773],[-1.464821,37.757288],[-1.463845,37.758077],[-1.462981,37.758804],[-1.462019,37.759687],[-1.460799,37.760877],[-1.46001,37.761699],[-1.458865,37.762997],[-1.458264,37.763731],[-1.457065,37.765295],[-1.456419,37.766186],[-1.454948,37.768346],[-1.453897,37.769973],[-1.451524,37.773702],[-1.45075,37.774891],[-1.450078,37.775875],[-1.449201,37.777116],[-1.448202,37.778442],[-1.447312,37.779558],[-1.44661,37.780376],[-1.44554,37.781544],[-1.444974,37.782123],[-1.444147,37.782922],[-1.442715,37.784213],[-1.442109,37.78472],[-1.440481,37.785996],[-1.439512,37.786691],[-1.438533,37.787363],[-1.437002,37.788334],[-1.435891,37.789014],[-1.433673,37.790318],[-1.432375,37.791125],[-1.431941,37.791412],[-1.431221,37.791905],[-1.430709,37.792289],[-1.429644,37.793168],[-1.429137,37.793633],[-1.428531,37.794235],[-1.427874,37.794945],[-1.426947,37.796106],[-1.426257,37.797111],[-1.425903,37.797708],[-1.425527,37.798391],[-1.425346,37.798757],[-1.424932,37.799675],[-1.424752,37.800127],[-1.424409,37.801171],[-1.424125,37.80231],[-1.424039,37.802772],[-1.423886,37.803871],[-1.423641,37.806029],[-1.423505,37.807006],[-1.423385,37.807699],[-1.423159,37.808661],[-1.423017,37.809165],[-1.422674,37.810176],[-1.422459,37.810727],[-1.422145,37.811441],[-1.421852,37.812039],[-1.421493,37.8127],[-1.420842,37.813778],[-1.420085,37.814838],[-1.419439,37.81565],[-1.418672,37.81651],[-1.418028,37.817184],[-1.41692,37.818215],[-1.416392,37.818673],[-1.415367,37.819527],[-1.413999,37.820567],[-1.412352,37.821743],[-1.409732,37.823548],[-1.409093,37.82401],[-1.407724,37.82504],[-1.406894,37.825752],[-1.406089,37.826478],[-1.404998,37.827553],[-1.404397,37.828195],[-1.40386,37.828815],[-1.403381,37.829375],[-1.402961,37.829913],[-1.401975,37.831289],[-1.401621,37.831817],[-1.401232,37.832459],[-1.400838,37.833137],[-1.400484,37.833796],[-1.399776,37.835296],[-1.399199,37.836804],[-1.398976,37.837463],[-1.398687,37.838458],[-1.398523,37.839119],[-1.398397,37.839723],[-1.398258,37.840454],[-1.398131,37.841318],[-1.397987,37.842961],[-1.397959,37.844067],[-1.397968,37.844747],[-1.397995,37.845188],[-1.398067,37.846213],[-1.398136,37.846801],[-1.398338,37.848083],[-1.39859,37.849214],[-1.399097,37.851052],[-1.399633,37.852808],[-1.399816,37.853551],[-1.399941,37.854299],[-1.399987,37.85493],[-1.399993,37.855239],[-1.399939,37.855961],[-1.399921,37.856097],[-1.399802,37.856747],[-1.39972,37.857052],[-1.399628,37.857351],[-1.399367,37.858084],[-1.398975,37.85884],[-1.398682,37.859291],[-1.39837,37.859727],[-1.398059,37.860109],[-1.397529,37.86068],[-1.397169,37.861025],[-1.396921,37.861255],[-1.396709,37.861424],[-1.39607,37.861898],[-1.395567,37.862211],[-1.394678,37.862702],[-1.394207,37.862937],[-1.388364,37.865964],[-1.379747,37.870383],[-1.369477,37.875682],[-1.36846,37.876218],[-1.366044,37.877466],[-1.365362,37.877894],[-1.364864,37.878251],[-1.364339,37.878678],[-1.364098,37.878899],[-1.36375,37.879261],[-1.363444,37.879628],[-1.363104,37.880083],[-1.362783,37.880545],[-1.362391,37.8811],[-1.361798,37.881992],[-1.361255,37.882959],[-1.3597,37.88583],[-1.359388,37.886351],[-1.358818,37.887227],[-1.358249,37.887977],[-1.357725,37.888571],[-1.357114,37.889164],[-1.356493,37.889675],[-1.355837,37.890148],[-1.35511,37.890599],[-1.354165,37.891084],[-1.353426,37.891412],[-1.352834,37.891643],[-1.352295,37.891823],[-1.351669,37.891993],[-1.350812,37.892169],[-1.349724,37.892328],[-1.348869,37.892399],[-1.342976,37.892716],[-1.342404,37.892761],[-1.341804,37.892852],[-1.340406,37.893173],[-1.339548,37.893448],[-1.338387,37.893958],[-1.337804,37.89427],[-1.336895,37.894863],[-1.335695,37.895712],[-1.334959,37.896202],[-1.330877,37.898999],[-1.328441,37.900523],[-1.326746,37.901607],[-1.325974,37.902177],[-1.325385,37.902649],[-1.325017,37.902982],[-1.324455,37.90355],[-1.323878,37.904097],[-1.323176,37.904702],[-1.322381,37.905306],[-1.321598,37.905792],[-1.320985,37.906127],[-1.318921,37.907169],[-1.317574,37.907901],[-1.314497,37.909765],[-1.313011,37.910733],[-1.310193,37.912758],[-1.302902,37.91812],[-1.301723,37.918958],[-1.301217,37.919265],[-1.300793,37.919496],[-1.30005,37.919837],[-1.299323,37.920135],[-1.297801,37.920555],[-1.297157,37.920698],[-1.296437,37.920857],[-1.295013,37.921108],[-1.293841,37.921347],[-1.292783,37.921652],[-1.29186,37.922018],[-1.291167,37.922367],[-1.290476,37.922749],[-1.289833,37.923198],[-1.289126,37.923727],[-1.287709,37.924851],[-1.286092,37.926082],[-1.28577,37.926374],[-1.282184,37.929241],[-1.280885,37.930243],[-1.279002,37.931579],[-1.278306,37.932055],[-1.27504,37.934286],[-1.274206,37.934876],[-1.273381,37.93554],[-1.272778,37.936151],[-1.272132,37.936925],[-1.271862,37.937327],[-1.271549,37.93785],[-1.271328,37.938286],[-1.270398,37.940277],[-1.270082,37.94089],[-1.269652,37.941621],[-1.269143,37.942384],[-1.268799,37.942868],[-1.268187,37.943644],[-1.267643,37.944252],[-1.267209,37.944707],[-1.266442,37.945437],[-1.265931,37.945863],[-1.265496,37.946245],[-1.26501,37.946628],[-1.264299,37.947147],[-1.261558,37.948951],[-1.259997,37.950042],[-1.259107,37.950713],[-1.258667,37.951066],[-1.257937,37.951692],[-1.25724,37.952351],[-1.256677,37.952933],[-1.256242,37.953411],[-1.255537,37.954278],[-1.255135,37.954808],[-1.254695,37.955476],[-1.254099,37.956511],[-1.253839,37.95701],[-1.253627,37.957454],[-1.253297,37.95822],[-1.252999,37.958996],[-1.252755,37.959724],[-1.252264,37.961346],[-1.252052,37.962093],[-1.25136,37.964769],[-1.250695,37.967108],[-1.250191,37.968715],[-1.249598,37.970481],[-1.249048,37.97198],[-1.248195,37.974156],[-1.247363,37.976104],[-1.246397,37.978202],[-1.245415,37.980172],[-1.245291,37.980422],[-1.245105,37.980778],[-1.244009,37.982793],[-1.24247,37.985466],[-1.241942,37.986427],[-1.240661,37.988863],[-1.239503,37.991232],[-1.239098,37.991994],[-1.238521,37.992951],[-1.237778,37.993956],[-1.237453,37.994363],[-1.236968,37.994928],[-1.236275,37.99565],[-1.235482,37.996412],[-1.234812,37.996964],[-1.233916,37.997634],[-1.232897,37.99832],[-1.232244,37.998712],[-1.231085,37.99936],[-1.230501,37.999648],[-1.229587,38.000053],[-1.228944,38.000312],[-1.227819,38.000709],[-1.22765,38.000768],[-1.226647,38.001091],[-1.226314,38.001175],[-1.224905,38.001491],[-1.224051,38.001655],[-1.222733,38.001871],[-1.222165,38.001939],[-1.221509,38.001993],[-1.219522,38.002068],[-1.217933,38.002025],[-1.216303,38.001874],[-1.215308,38.001741],[-1.212681,38.001287],[-1.212318,38.001218],[-1.210467,38.000855],[-1.207651,38.000251],[-1.204727,37.999562],[-1.201718,37.998788],[-1.199201,37.998076],[-1.198741,37.997965],[-1.19775,37.997778],[-1.196941,37.997678],[-1.195844,37.997639],[-1.19523,37.997661],[-1.194669,37.997704],[-1.193631,37.997843],[-1.192577,37.998069],[-1.191563,37.998381],[-1.190978,37.998608],[-1.190459,37.998848],[-1.189879,37.999173],[-1.188621,37.999932],[-1.188488,38.000009],[-1.187988,38.000322],[-1.187231,38.000752],[-1.186747,38.000988],[-1.1863,38.001179],[-1.185671,38.001457],[-1.184748,38.001819],[-1.183979,38.002092],[-1.183482,38.00225],[-1.182986,38.002383],[-1.181602,38.002677],[-1.180504,38.002844],[-1.179834,38.002929],[-1.179397,38.002964],[-1.178251,38.003023],[-1.176191,38.003066],[-1.17518,38.003136],[-1.174998,38.003155],[-1.174129,38.00329],[-1.173295,38.003471],[-1.172387,38.003732],[-1.171947,38.003875],[-1.171243,38.004149],[-1.170676,38.004409],[-1.170206,38.004654],[-1.16968,38.004954],[-1.169234,38.005257],[-1.168633,38.00553],[-1.168357,38.005619],[-1.168208,38.005651],[-1.167782,38.005695],[-1.167568,38.005691],[-1.167313,38.005662],[-1.167157,38.005631],[-1.166874,38.005546],[-1.166558,38.005398],[-1.166393,38.005299],[-1.166234,38.00517],[-1.165937,38.004878],[-1.165687,38.004705],[-1.165267,38.004307],[-1.16457,38.00372],[-1.164163,38.003413],[-1.163778,38.003156],[-1.162911,38.002645],[-1.162411,38.002391],[-1.161785,38.002122],[-1.161101,38.001866],[-1.160384,38.001637],[-1.159684,38.001446],[-1.15711,38.000806],[-1.156244,38.000551],[-1.155305,38.000211],[-1.154751,37.999963],[-1.154211,37.999691],[-1.153745,37.99943],[-1.153318,37.999174],[-1.152882,37.998878],[-1.152547,37.998646],[-1.152108,37.9983],[-1.151529,37.997813],[-1.150971,37.997311],[-1.150563,37.996918],[-1.150231,37.996567],[-1.149638,37.995918],[-1.148728,37.994859],[-1.147831,37.993718],[-1.147003,37.992464],[-1.146914,37.992215],[-1.14689,37.992101],[-1.146878,37.991866],[-1.1469,37.991669],[-1.14709,37.991012],[-1.147124,37.990841],[-1.147116,37.990677],[-1.147066,37.990538],[-1.146989,37.99043],[-1.146859,37.990324],[-1.146763,37.990276],[-1.146549,37.99023],[-1.146303,37.990238],[-1.146187,37.99026],[-1.145779,37.990449],[-1.14516,37.990777],[-1.144569,37.991107],[-1.144312,37.991221],[-1.14292,37.992049],[-1.142561,37.992305],[-1.141853,37.992735],[-1.141498,37.992922],[-1.141412,37.992954],[-1.141258,37.992983],[-1.140914,37.992979],[-1.140628,37.992925],[-1.139739,37.992644],[-1.139324,37.992465],[-1.138441,37.992182],[-1.13799,37.992035],[-1.136057,37.991393],[-1.135755,37.991328],[-1.135086,37.991275],[-1.134792,37.991288],[-1.134146,37.991426],[-1.133374,37.99159],[-1.132993,37.991671],[-1.132059,37.991871],[-1.131505,37.991988],[-1.131393,37.991994],[-1.131279,37.991969],[-1.131228,37.991912]]}},{"type":"Feature","properties":{"routeId":"route-010","originId":"murcia","destinationId":"madrid","logicalEndpoints":[[-1.1307,37.9922],[-3.7038,40.4168]],"returnedEndpoints":[[-1.131228,37.991912],[-3.705065,40.416454]],"snapDistancesMeters":[56.271245733587406,113.79408158125304],"summary":{"distanceMeters":410986.3,"durationSeconds":20656.5},"riskSnaps":[{"riskId":"rest-deadline-vehicle-010","kind":"segment","startIndex":2324,"endIndex":2325,"startCoordinate":[-3.164798,39.781507],"endCoordinate":[-3.166668,39.782225]}]},"geometry":{"type":"LineString","coordinates":[[-1.131228,37.991912],[-1.131155,37.991829],[-1.130985,37.99172],[-1.130786,37.991649],[-1.130522,37.991619],[-1.130377,37.991631],[-1.130237,37.991664],[-1.130013,37.991767],[-1.129834,37.991921],[-1.12977,37.992009],[-1.129728,37.992103],[-1.129706,37.992223],[-1.129729,37.992364],[-1.129765,37.992453],[-1.129871,37.992614],[-1.130051,37.992763],[-1.130201,37.992837],[-1.13045,37.9929],[-1.130614,37.992915],[-1.130754,37.992907],[-1.130922,37.992867],[-1.13105,37.992809],[-1.131177,37.992715],[-1.131276,37.992604],[-1.131338,37.992488],[-1.131374,37.992363],[-1.131377,37.992215],[-1.131453,37.992137],[-1.131537,37.992102],[-1.132583,37.991877],[-1.133585,37.991663],[-1.134572,37.991452],[-1.134881,37.991388],[-1.135116,37.991359],[-1.135564,37.99138],[-1.135703,37.991405],[-1.136362,37.991619],[-1.136845,37.991779],[-1.137321,37.991936],[-1.13811,37.992197],[-1.138616,37.992363],[-1.139037,37.992501],[-1.139276,37.99258],[-1.13953,37.99271],[-1.140572,37.993053],[-1.140849,37.993112],[-1.141103,37.99314],[-1.141213,37.993171],[-1.141309,37.993212],[-1.1414,37.993226],[-1.141557,37.993202],[-1.141646,37.993154],[-1.14171,37.993086],[-1.141747,37.992968],[-1.142067,37.992772],[-1.142648,37.992426],[-1.143327,37.991951],[-1.143939,37.991591],[-1.144417,37.991408],[-1.144552,37.991381],[-1.144689,37.991364],[-1.14504,37.991354],[-1.145327,37.991386],[-1.145669,37.991492],[-1.145903,37.991617],[-1.146081,37.991759],[-1.146339,37.992075],[-1.146527,37.992206],[-1.148127,37.994302],[-1.14861,37.994911],[-1.149153,37.995572],[-1.149754,37.99627],[-1.150147,37.996697],[-1.151306,37.997781],[-1.152592,37.998846],[-1.15313,37.999209],[-1.153896,37.999669],[-1.154194,37.999829],[-1.154944,38.00019],[-1.155596,38.000448],[-1.156213,38.000665],[-1.157058,38.000909],[-1.159655,38.001552],[-1.160759,38.001867],[-1.161412,38.002095],[-1.161974,38.002325],[-1.162444,38.002539],[-1.163228,38.002956],[-1.16369,38.003236],[-1.164351,38.003701],[-1.164816,38.004072],[-1.16516,38.004375],[-1.165444,38.004656],[-1.165973,38.00523],[-1.166363,38.005732],[-1.166646,38.006132],[-1.166998,38.006751],[-1.167261,38.007293],[-1.167393,38.007631],[-1.167527,38.008037],[-1.167688,38.008633],[-1.167804,38.009318],[-1.167838,38.009661],[-1.167863,38.010326],[-1.167863,38.010868],[-1.167841,38.011213],[-1.167772,38.011953],[-1.167697,38.012482],[-1.167532,38.013245],[-1.167388,38.013776],[-1.167108,38.014501],[-1.16694,38.014936],[-1.166425,38.016116],[-1.166088,38.016854],[-1.165836,38.01752],[-1.165727,38.017911],[-1.16554,38.018891],[-1.165495,38.019165],[-1.16547,38.019321],[-1.165193,38.020888],[-1.164991,38.021957],[-1.164813,38.023035],[-1.164632,38.024119],[-1.164573,38.024503],[-1.164458,38.024939],[-1.164307,38.02533],[-1.16406,38.025779],[-1.163774,38.026195],[-1.163584,38.026406],[-1.16322,38.026741],[-1.163016,38.026906],[-1.16282,38.027038],[-1.162191,38.027399],[-1.161597,38.027646],[-1.161088,38.027813],[-1.159306,38.028354],[-1.157748,38.028875],[-1.157576,38.028904],[-1.156826,38.029208],[-1.156348,38.029278],[-1.156076,38.029268],[-1.155741,38.029196],[-1.155158,38.028996],[-1.154998,38.028956],[-1.154736,38.028937],[-1.154394,38.028951],[-1.154211,38.028988],[-1.153925,38.02908],[-1.153602,38.029262],[-1.153465,38.029362],[-1.153254,38.029554],[-1.153164,38.029662],[-1.153017,38.029886],[-1.152922,38.030096],[-1.152861,38.030357],[-1.152847,38.030605],[-1.152906,38.030956],[-1.153001,38.031194],[-1.15314,38.031415],[-1.153309,38.031608],[-1.153451,38.031742],[-1.15371,38.03191],[-1.154003,38.032059],[-1.154307,38.032147],[-1.154493,38.032173],[-1.154789,38.032177],[-1.155099,38.032124],[-1.155891,38.031895],[-1.156179,38.031855],[-1.156416,38.031857],[-1.156713,38.031898],[-1.156988,38.031985],[-1.157191,38.0321],[-1.157725,38.032505],[-1.1584,38.033119],[-1.158812,38.033572],[-1.15903,38.033765],[-1.159437,38.034333],[-1.159922,38.035179],[-1.160245,38.036025],[-1.160397,38.036422],[-1.160825,38.038407],[-1.161396,38.040024],[-1.161833,38.040975],[-1.162527,38.042016],[-1.163012,38.04266],[-1.16344,38.043117],[-1.164866,38.044487],[-1.166768,38.045715],[-1.169715,38.047093],[-1.17083,38.047607],[-1.171931,38.048201],[-1.172959,38.048871],[-1.173427,38.049206],[-1.174442,38.050048],[-1.17599,38.051491],[-1.176725,38.052113],[-1.17757,38.052724],[-1.178177,38.053109],[-1.178965,38.053542],[-1.179772,38.053921],[-1.180238,38.054117],[-1.180645,38.054269],[-1.181682,38.054622],[-1.18321,38.055096],[-1.183684,38.05526],[-1.184432,38.055554],[-1.185292,38.055964],[-1.185684,38.056184],[-1.186415,38.056636],[-1.187173,38.057169],[-1.187673,38.057565],[-1.188327,38.058156],[-1.188951,38.058811],[-1.189157,38.059049],[-1.189468,38.059452],[-1.189956,38.060193],[-1.190451,38.061059],[-1.190779,38.06183],[-1.191571,38.064111],[-1.191993,38.064956],[-1.192654,38.065938],[-1.193285,38.066706],[-1.194058,38.067423],[-1.19513,38.068228],[-1.19638,38.068948],[-1.198218,38.069807],[-1.199637,38.070555],[-1.201074,38.071417],[-1.201333,38.07159],[-1.202434,38.072397],[-1.202835,38.072718],[-1.203358,38.073136],[-1.204366,38.074013],[-1.206238,38.075574],[-1.206902,38.076069],[-1.207671,38.0766],[-1.208977,38.077396],[-1.210529,38.078211],[-1.212048,38.078871],[-1.213124,38.07927],[-1.215608,38.080134],[-1.216669,38.080563],[-1.217454,38.08094],[-1.21824,38.081383],[-1.218511,38.081556],[-1.219272,38.082101],[-1.219703,38.082433],[-1.220117,38.082787],[-1.220558,38.083182],[-1.2208,38.083428],[-1.2211,38.083754],[-1.221644,38.084419],[-1.222051,38.084996],[-1.22222,38.085295],[-1.223768,38.088107],[-1.226194,38.092565],[-1.227623,38.095082],[-1.228048,38.095666],[-1.228648,38.096502],[-1.229214,38.097214],[-1.230242,38.0984],[-1.230487,38.098644],[-1.233434,38.101916],[-1.233775,38.10229],[-1.235637,38.104377],[-1.236111,38.104954],[-1.23704,38.106013],[-1.237389,38.10651],[-1.237728,38.107069],[-1.237985,38.107589],[-1.238182,38.108099],[-1.238464,38.109107],[-1.238552,38.109643],[-1.238842,38.111021],[-1.239181,38.111892],[-1.239433,38.112393],[-1.241,38.114909],[-1.241365,38.115449],[-1.241742,38.115893],[-1.24217,38.116321],[-1.242544,38.116634],[-1.244557,38.11812],[-1.245376,38.118758],[-1.24628,38.119409],[-1.247472,38.120142],[-1.250527,38.121973],[-1.252746,38.123405],[-1.253099,38.123605],[-1.254136,38.124227],[-1.256706,38.125935],[-1.266059,38.132357],[-1.267828,38.133604],[-1.268319,38.133999],[-1.269187,38.134755],[-1.269768,38.135339],[-1.270365,38.135994],[-1.270655,38.136337],[-1.271099,38.136895],[-1.271488,38.13743],[-1.272053,38.138319],[-1.272587,38.13931],[-1.273109,38.140471],[-1.273415,38.14137],[-1.273895,38.142842],[-1.274292,38.143802],[-1.274444,38.144083],[-1.274721,38.144548],[-1.275061,38.145042],[-1.275349,38.145397],[-1.275796,38.145906],[-1.276242,38.146347],[-1.276651,38.146705],[-1.277659,38.147495],[-1.282129,38.150947],[-1.282637,38.151331],[-1.284091,38.152148],[-1.28476,38.15243],[-1.285399,38.15267],[-1.286241,38.152948],[-1.287231,38.153163],[-1.289983,38.153547],[-1.291546,38.153823],[-1.292753,38.154192],[-1.293692,38.154538],[-1.294923,38.155156],[-1.295899,38.155791],[-1.296495,38.156261],[-1.297656,38.157423],[-1.298715,38.15899],[-1.299231,38.159856],[-1.300372,38.161518],[-1.30144,38.162723],[-1.301629,38.162899],[-1.303038,38.164056],[-1.304154,38.164863],[-1.305635,38.165892],[-1.307544,38.167419],[-1.308552,38.168493],[-1.309561,38.169715],[-1.310827,38.171445],[-1.313091,38.17503],[-1.315826,38.179643],[-1.31664,38.180803],[-1.317925,38.182147],[-1.318512,38.182702],[-1.319175,38.183281],[-1.319728,38.183716],[-1.320432,38.184227],[-1.321126,38.184696],[-1.321419,38.184835],[-1.321936,38.185162],[-1.322736,38.185647],[-1.323376,38.186042],[-1.32654,38.187996],[-1.327289,38.188518],[-1.327953,38.189059],[-1.328574,38.189625],[-1.329236,38.190302],[-1.329557,38.190659],[-1.331315,38.192853],[-1.331503,38.193089],[-1.332959,38.194664],[-1.333752,38.19542],[-1.334861,38.196296],[-1.335484,38.196727],[-1.336132,38.19713],[-1.337207,38.197746],[-1.338784,38.198571],[-1.340098,38.199218],[-1.341176,38.199837],[-1.34244,38.200727],[-1.34302,38.201186],[-1.343657,38.201736],[-1.346168,38.204036],[-1.348086,38.205736],[-1.348986,38.206577],[-1.349457,38.207063],[-1.349866,38.207536],[-1.350324,38.208146],[-1.350727,38.208862],[-1.351156,38.209825],[-1.351331,38.210358],[-1.351461,38.210941],[-1.351539,38.212402],[-1.351489,38.214144],[-1.351529,38.214666],[-1.351651,38.215454],[-1.351868,38.216277],[-1.352164,38.217019],[-1.35238,38.217455],[-1.352767,38.21811],[-1.353098,38.218587],[-1.353434,38.219004],[-1.353777,38.219392],[-1.354238,38.219831],[-1.355065,38.220544],[-1.355785,38.221044],[-1.357043,38.221727],[-1.359142,38.222669],[-1.363744,38.22463],[-1.364904,38.225137],[-1.366385,38.225942],[-1.367768,38.226955],[-1.369072,38.228256],[-1.369921,38.229581],[-1.370618,38.231448],[-1.370928,38.232222],[-1.371183,38.232733],[-1.371356,38.233025],[-1.372022,38.234059],[-1.372998,38.234992],[-1.373704,38.235504],[-1.374142,38.2358],[-1.374813,38.236175],[-1.375619,38.236561],[-1.376238,38.236808],[-1.376964,38.237061],[-1.377793,38.237263],[-1.378734,38.237451],[-1.380268,38.237599],[-1.381732,38.23771],[-1.383361,38.237784],[-1.385945,38.238518],[-1.387914,38.239462],[-1.390322,38.241573],[-1.392305,38.243983],[-1.395166,38.247134],[-1.395572,38.247544],[-1.39638,38.24819],[-1.396851,38.248507],[-1.397403,38.24885],[-1.398101,38.249221],[-1.398962,38.249591],[-1.399803,38.249863],[-1.400754,38.250107],[-1.401724,38.250267],[-1.40249,38.250348],[-1.403259,38.250384],[-1.404112,38.250363],[-1.405125,38.250304],[-1.406402,38.250064],[-1.407071,38.249887],[-1.408478,38.249404],[-1.409527,38.249007],[-1.410138,38.248759],[-1.411589,38.248353],[-1.413,38.248096],[-1.413477,38.248012],[-1.413881,38.24796],[-1.41456,38.247891],[-1.415435,38.247832],[-1.416628,38.24783],[-1.417657,38.247878],[-1.418061,38.247908],[-1.419028,38.248028],[-1.42061,38.248325],[-1.421318,38.248501],[-1.422368,38.248816],[-1.423666,38.249317],[-1.424504,38.249697],[-1.425224,38.250132],[-1.425946,38.250543],[-1.42648,38.25094],[-1.427077,38.251391],[-1.427605,38.25183],[-1.428268,38.252365],[-1.431034,38.254811],[-1.432358,38.255958],[-1.439026,38.261798],[-1.440457,38.263452],[-1.440865,38.263996],[-1.441553,38.265107],[-1.442089,38.266305],[-1.442608,38.267799],[-1.442922,38.268648],[-1.443152,38.269131],[-1.443475,38.269697],[-1.444028,38.270525],[-1.444855,38.271397],[-1.445463,38.271944],[-1.446121,38.272457],[-1.447002,38.273053],[-1.447959,38.273556],[-1.449669,38.274408],[-1.450724,38.275043],[-1.451671,38.275694],[-1.452362,38.276257],[-1.453064,38.2769],[-1.453652,38.277527],[-1.454256,38.27823],[-1.454861,38.279098],[-1.455357,38.279934],[-1.456335,38.282084],[-1.459361,38.289136],[-1.461629,38.294372],[-1.4624,38.296074],[-1.462833,38.296911],[-1.46332,38.297792],[-1.463842,38.29864],[-1.464344,38.299378],[-1.465139,38.300481],[-1.466074,38.301617],[-1.466661,38.302284],[-1.467123,38.302749],[-1.468607,38.3042],[-1.470348,38.30568],[-1.473549,38.308332],[-1.474646,38.309409],[-1.475083,38.30987],[-1.475599,38.31033],[-1.476236,38.310746],[-1.47664,38.311107],[-1.477469,38.312046],[-1.479459,38.314689],[-1.479778,38.31514],[-1.480768,38.31646],[-1.481254,38.317108],[-1.48161,38.317594],[-1.481722,38.317742],[-1.482024,38.318144],[-1.48208,38.318248],[-1.484084,38.321044],[-1.485259,38.322103],[-1.489899,38.326059],[-1.49006,38.326223],[-1.490334,38.326601],[-1.491498,38.328339],[-1.491702,38.3286],[-1.492077,38.329],[-1.492523,38.329375],[-1.493097,38.329728],[-1.493354,38.329859],[-1.49359,38.329964],[-1.494218,38.330178],[-1.494615,38.330296],[-1.494965,38.330361],[-1.494994,38.330417],[-1.495051,38.330469],[-1.495131,38.330502],[-1.495199,38.330512],[-1.495282,38.330503],[-1.495844,38.330744],[-1.497336,38.331642],[-1.498623,38.332712],[-1.499806,38.334347],[-1.500463,38.33581],[-1.501235,38.338734],[-1.501835,38.34128],[-1.502147,38.342569],[-1.50233,38.343113],[-1.502482,38.343407],[-1.502833,38.343977],[-1.503995,38.345691],[-1.504494,38.346312],[-1.505478,38.347444],[-1.505969,38.348293],[-1.506265,38.349251],[-1.506664,38.350018],[-1.50705,38.350522],[-1.507155,38.350629],[-1.508517,38.352006],[-1.51059,38.354226],[-1.511085,38.354778],[-1.512439,38.356348],[-1.512904,38.356801],[-1.513489,38.357262],[-1.513959,38.357698],[-1.515619,38.359526],[-1.516944,38.360874],[-1.517108,38.361023],[-1.517416,38.361253],[-1.517534,38.361328],[-1.517933,38.361514],[-1.518243,38.361626],[-1.518696,38.361729],[-1.518895,38.361755],[-1.520066,38.361839],[-1.520354,38.361874],[-1.52067,38.361933],[-1.520886,38.36199],[-1.521322,38.362139],[-1.521536,38.362233],[-1.521933,38.362459],[-1.522089,38.362571],[-1.522318,38.362772],[-1.522491,38.362965],[-1.523277,38.363932],[-1.523687,38.364332],[-1.524069,38.364637],[-1.52717,38.366869],[-1.527938,38.367343],[-1.528433,38.367562],[-1.528818,38.367696],[-1.530483,38.3683],[-1.530926,38.3685],[-1.531087,38.368638],[-1.53112,38.3687],[-1.53111,38.368808],[-1.531066,38.36886],[-1.531039,38.36896],[-1.53105,38.369011],[-1.531075,38.369058],[-1.531163,38.369132],[-1.531284,38.369166],[-1.531388,38.369159],[-1.531418,38.369151],[-1.531542,38.36914],[-1.531631,38.369151],[-1.531814,38.369244],[-1.531933,38.369388],[-1.53234,38.370212],[-1.532487,38.370449],[-1.532653,38.370669],[-1.532868,38.370892],[-1.533563,38.371418],[-1.534664,38.372201],[-1.534808,38.372302],[-1.53692,38.373785],[-1.537863,38.374285],[-1.53888,38.374704],[-1.543171,38.376218],[-1.543462,38.376301],[-1.543763,38.376365],[-1.544147,38.376415],[-1.544601,38.376442],[-1.546395,38.376454],[-1.546951,38.376436],[-1.547462,38.376469],[-1.54786,38.376546],[-1.551602,38.377728],[-1.551836,38.377819],[-1.552338,38.378082],[-1.552626,38.378287],[-1.553372,38.378986],[-1.553943,38.379428],[-1.55493,38.380047],[-1.55531,38.380372],[-1.555732,38.380795],[-1.556085,38.381266],[-1.556359,38.381786],[-1.556444,38.381981],[-1.556594,38.382485],[-1.556673,38.382916],[-1.556699,38.383337],[-1.556365,38.386665],[-1.556349,38.38706],[-1.556341,38.387255],[-1.556397,38.387611],[-1.556515,38.387914],[-1.556818,38.3884],[-1.557688,38.389461],[-1.557939,38.389728],[-1.558814,38.390388],[-1.559137,38.390683],[-1.559367,38.391005],[-1.559528,38.391358],[-1.559607,38.391627],[-1.559636,38.391972],[-1.55958,38.392345],[-1.559247,38.393641],[-1.559189,38.394383],[-1.559196,38.395128],[-1.559373,38.39791],[-1.559475,38.399105],[-1.559565,38.399665],[-1.559738,38.400495],[-1.560119,38.401524],[-1.561722,38.404473],[-1.561829,38.404762],[-1.561871,38.404979],[-1.561882,38.405374],[-1.561836,38.405713],[-1.561802,38.406364],[-1.56186,38.406767],[-1.56204,38.40719],[-1.563366,38.409409],[-1.56717,38.415689],[-1.569321,38.419249],[-1.569552,38.419628],[-1.569629,38.41975],[-1.569767,38.419978],[-1.569846,38.420112],[-1.569877,38.420164],[-1.56995,38.420287],[-1.570512,38.421225],[-1.571221,38.422438],[-1.571495,38.4229],[-1.573887,38.426781],[-1.57732,38.432482],[-1.577448,38.432736],[-1.57755,38.432985],[-1.577609,38.433263],[-1.578054,38.435723],[-1.578067,38.43597],[-1.578028,38.436233],[-1.577957,38.4365],[-1.577846,38.436734],[-1.57659,38.43879],[-1.576456,38.43904],[-1.576293,38.439599],[-1.576281,38.439822],[-1.576341,38.440481],[-1.57645,38.440798],[-1.576597,38.44108],[-1.57704,38.441828],[-1.577686,38.442706],[-1.578148,38.443229],[-1.578567,38.443617],[-1.579159,38.44408],[-1.579602,38.444364],[-1.580336,38.444785],[-1.581261,38.44527],[-1.581701,38.445563],[-1.581838,38.445672],[-1.582027,38.44584],[-1.582152,38.445987],[-1.582325,38.446233],[-1.58244,38.446462],[-1.582505,38.446641],[-1.582562,38.446855],[-1.582582,38.447097],[-1.582639,38.447831],[-1.582671,38.448185],[-1.582761,38.448479],[-1.582922,38.448796],[-1.58311,38.449055],[-1.583352,38.449313],[-1.584669,38.45023],[-1.585389,38.450831],[-1.587867,38.453369],[-1.58837,38.453931],[-1.588747,38.454398],[-1.589356,38.455227],[-1.590985,38.457625],[-1.592586,38.460078],[-1.592694,38.460267],[-1.592816,38.460583],[-1.592863,38.460759],[-1.592891,38.460958],[-1.592904,38.461241],[-1.592623,38.46341],[-1.592636,38.463561],[-1.592697,38.463733],[-1.592722,38.463764],[-1.592799,38.46389],[-1.592951,38.464022],[-1.593028,38.464134],[-1.593033,38.464186],[-1.593091,38.464281],[-1.593182,38.464338],[-1.593237,38.464354],[-1.593353,38.464358],[-1.593417,38.464343],[-1.593516,38.464288],[-1.593551,38.464249],[-1.593586,38.464158],[-1.593587,38.464138],[-1.593547,38.464031],[-1.593446,38.463952],[-1.593432,38.463947],[-1.593341,38.463858],[-1.593291,38.463731],[-1.593283,38.463331],[-1.593323,38.463092],[-1.593393,38.462945],[-1.593545,38.462766],[-1.59364,38.462709],[-1.593849,38.462633],[-1.594096,38.462619],[-1.594236,38.46264],[-1.594472,38.462734],[-1.594571,38.462821],[-1.594741,38.463028],[-1.596089,38.464938],[-1.598553,38.468618],[-1.599151,38.469545],[-1.599543,38.470302],[-1.600034,38.471423],[-1.600287,38.472162],[-1.600466,38.472905],[-1.600652,38.474111],[-1.600882,38.47656],[-1.601177,38.477618],[-1.601645,38.478628],[-1.602152,38.479395],[-1.602494,38.479861],[-1.603047,38.480447],[-1.603411,38.480781],[-1.603986,38.481251],[-1.604457,38.48159],[-1.605057,38.481954],[-1.605437,38.482161],[-1.60579,38.48234],[-1.606635,38.482701],[-1.607464,38.482976],[-1.608205,38.483175],[-1.608729,38.483291],[-1.610123,38.483496],[-1.611013,38.483604],[-1.612649,38.483843],[-1.613323,38.48397],[-1.614703,38.484324],[-1.615457,38.484554],[-1.616654,38.485005],[-1.617339,38.485285],[-1.618534,38.485883],[-1.619139,38.486222],[-1.620044,38.48681],[-1.621014,38.487538],[-1.621554,38.487968],[-1.622526,38.488885],[-1.624028,38.49043],[-1.624543,38.490907],[-1.625655,38.491731],[-1.626125,38.492023],[-1.626669,38.492333],[-1.62736,38.492659],[-1.628013,38.492924],[-1.628611,38.493126],[-1.629306,38.493331],[-1.630041,38.493512],[-1.630857,38.493674],[-1.631779,38.493782],[-1.633051,38.493844],[-1.634568,38.493881],[-1.63522,38.493926],[-1.635876,38.494001],[-1.637002,38.494175],[-1.638212,38.494474],[-1.63935,38.494831],[-1.640149,38.49514],[-1.641555,38.495824],[-1.642544,38.496433],[-1.643476,38.49713],[-1.644001,38.497579],[-1.644486,38.498057],[-1.645009,38.498635],[-1.645505,38.499272],[-1.645973,38.499944],[-1.646254,38.500437],[-1.646591,38.501129],[-1.647508,38.503393],[-1.647833,38.504094],[-1.648203,38.50476],[-1.648563,38.505298],[-1.648934,38.505791],[-1.649232,38.506124],[-1.649618,38.506511],[-1.65002,38.506863],[-1.650635,38.507354],[-1.651155,38.507702],[-1.65174,38.508037],[-1.652246,38.50829],[-1.652856,38.508562],[-1.653416,38.508765],[-1.654139,38.508992],[-1.655047,38.509221],[-1.655953,38.509418],[-1.6594,38.510039],[-1.660168,38.510214],[-1.6609,38.5104],[-1.661571,38.510611],[-1.662193,38.510838],[-1.663012,38.511207],[-1.663413,38.511417],[-1.663763,38.511621],[-1.664423,38.512045],[-1.664985,38.512486],[-1.66554,38.51298],[-1.665969,38.513423],[-1.666442,38.514034],[-1.666859,38.51469],[-1.667193,38.515282],[-1.667462,38.515861],[-1.667662,38.516295],[-1.668148,38.517586],[-1.668708,38.518966],[-1.669087,38.519762],[-1.669413,38.520281],[-1.669989,38.521089],[-1.670403,38.521577],[-1.670834,38.522028],[-1.671288,38.52244],[-1.671773,38.522857],[-1.672093,38.523106],[-1.673345,38.523935],[-1.67665,38.525921],[-1.677347,38.526403],[-1.677853,38.526786],[-1.678779,38.527591],[-1.679828,38.528681],[-1.680363,38.529334],[-1.681098,38.53032],[-1.68253,38.532299],[-1.683232,38.533117],[-1.683729,38.533619],[-1.684304,38.534151],[-1.685043,38.534769],[-1.685759,38.535305],[-1.687206,38.53632],[-1.687683,38.536656],[-1.688431,38.537182],[-1.688686,38.537368],[-1.688733,38.537402],[-1.689533,38.537967],[-1.691115,38.539313],[-1.69152,38.5397],[-1.691907,38.540102],[-1.692228,38.540479],[-1.6926,38.540963],[-1.693312,38.542002],[-1.693634,38.542572],[-1.693954,38.543211],[-1.694414,38.544434],[-1.694583,38.545044],[-1.694708,38.545648],[-1.694817,38.54643],[-1.694852,38.547103],[-1.694844,38.547738],[-1.694796,38.54855],[-1.694724,38.549225],[-1.694603,38.550064],[-1.693314,38.556993],[-1.693103,38.557887],[-1.692898,38.55849],[-1.692693,38.559019],[-1.692408,38.559628],[-1.692029,38.560322],[-1.691607,38.560975],[-1.689312,38.564303],[-1.6887,38.565248],[-1.688384,38.565823],[-1.688087,38.566504],[-1.687714,38.56757],[-1.687418,38.568982],[-1.687372,38.56944],[-1.687323,38.570392],[-1.687346,38.572181],[-1.68728,38.573391],[-1.687188,38.574116],[-1.687046,38.574747],[-1.686891,38.575269],[-1.686688,38.575826],[-1.686472,38.576315],[-1.685973,38.577173],[-1.685697,38.577595],[-1.685325,38.578104],[-1.684446,38.579055],[-1.683794,38.579707],[-1.682122,38.581214],[-1.680655,38.582559],[-1.67761,38.585353],[-1.675402,38.587409],[-1.674519,38.588411],[-1.673926,38.589297],[-1.673525,38.590101],[-1.673367,38.590518],[-1.673197,38.591087],[-1.673106,38.591542],[-1.673039,38.591969],[-1.672977,38.592898],[-1.673073,38.597981],[-1.673131,38.598958],[-1.673218,38.599565],[-1.673432,38.600395],[-1.673575,38.600777],[-1.673838,38.60136],[-1.674066,38.601803],[-1.674399,38.60234],[-1.674715,38.60275],[-1.675375,38.603488],[-1.675763,38.603884],[-1.677347,38.605365],[-1.678071,38.606079],[-1.678653,38.606694],[-1.679093,38.607232],[-1.679487,38.607839],[-1.679862,38.608418],[-1.680404,38.609602],[-1.680593,38.610327],[-1.680695,38.611079],[-1.68072,38.611738],[-1.680696,38.612186],[-1.680602,38.612812],[-1.680396,38.613604],[-1.680274,38.613963],[-1.680114,38.614339],[-1.679774,38.615],[-1.679351,38.615701],[-1.679009,38.616232],[-1.678503,38.616934],[-1.669588,38.62876],[-1.668767,38.629815],[-1.667981,38.630888],[-1.667252,38.631954],[-1.666822,38.632793],[-1.666525,38.633581],[-1.6662,38.634883],[-1.665393,38.638589],[-1.664907,38.641164],[-1.664837,38.641787],[-1.664783,38.642538],[-1.664763,38.644906],[-1.66469,38.645821],[-1.664558,38.646603],[-1.664371,38.647416],[-1.662067,38.656063],[-1.66194,38.656697],[-1.661863,38.657328],[-1.66184,38.657935],[-1.661886,38.65852],[-1.662014,38.659285],[-1.662204,38.660135],[-1.663748,38.666481],[-1.664088,38.667645],[-1.66427,38.66808],[-1.664706,38.668942],[-1.665025,38.669428],[-1.665381,38.669886],[-1.665806,38.67037],[-1.666191,38.670764],[-1.667554,38.672047],[-1.668533,38.673102],[-1.668785,38.67341],[-1.669125,38.673879],[-1.669632,38.674801],[-1.669844,38.675311],[-1.669996,38.675793],[-1.67013,38.676303],[-1.670196,38.67666],[-1.670254,38.677449],[-1.670253,38.677727],[-1.670229,38.678262],[-1.670143,38.67895],[-1.669894,38.680359],[-1.669798,38.681015],[-1.669733,38.681653],[-1.66975,38.682533],[-1.669842,38.683223],[-1.670032,38.683937],[-1.670259,38.684597],[-1.671241,38.686802],[-1.671627,38.687958],[-1.671816,38.6889],[-1.671925,38.689656],[-1.671957,38.690637],[-1.671895,38.693157],[-1.671913,38.694378],[-1.672055,38.695589],[-1.672179,38.696256],[-1.672354,38.697027],[-1.672621,38.697986],[-1.67295,38.699006],[-1.673554,38.700803],[-1.674015,38.702417],[-1.67426,38.7036],[-1.674406,38.70453],[-1.674518,38.705575],[-1.675389,38.716938],[-1.675505,38.718731],[-1.675517,38.719788],[-1.675495,38.720906],[-1.675228,38.725302],[-1.675257,38.72701],[-1.675316,38.727765],[-1.675535,38.729446],[-1.675631,38.730016],[-1.675961,38.731332],[-1.67614,38.731971],[-1.676391,38.732759],[-1.676584,38.733301],[-1.677129,38.734646],[-1.677656,38.735799],[-1.67863,38.7376],[-1.679107,38.738441],[-1.67968,38.739371],[-1.680846,38.741116],[-1.68134,38.741825],[-1.681914,38.742582],[-1.683063,38.744021],[-1.684043,38.745166],[-1.69076,38.752402],[-1.69171,38.753513],[-1.69258,38.754575],[-1.693577,38.755869],[-1.694447,38.757116],[-1.695121,38.758134],[-1.695998,38.759556],[-1.696584,38.760597],[-1.697649,38.762651],[-1.697932,38.76314],[-1.698148,38.763474],[-1.699034,38.764704],[-1.699657,38.765469],[-1.700079,38.765935],[-1.700214,38.766079],[-1.701073,38.766947],[-1.70171,38.767564],[-1.70238,38.768182],[-1.703886,38.769614],[-1.705069,38.770878],[-1.705695,38.771662],[-1.70709,38.773532],[-1.707862,38.774457],[-1.70942,38.776117],[-1.715505,38.782523],[-1.716306,38.783403],[-1.716678,38.783875],[-1.717103,38.784497],[-1.717464,38.785091],[-1.717735,38.785646],[-1.717981,38.786212],[-1.718499,38.787496],[-1.71888,38.788298],[-1.71909,38.788657],[-1.719312,38.788991],[-1.71993,38.789758],[-1.720327,38.79016],[-1.720802,38.790607],[-1.721705,38.791286],[-1.72251,38.791781],[-1.723149,38.792112],[-1.723833,38.792401],[-1.724289,38.792567],[-1.725495,38.792916],[-1.726165,38.793053],[-1.727988,38.793279],[-1.729808,38.793543],[-1.731055,38.793782],[-1.73157,38.793901],[-1.732708,38.794235],[-1.734958,38.795207],[-1.73523,38.795346],[-1.735757,38.795657],[-1.736583,38.796222],[-1.737259,38.796756],[-1.738088,38.797553],[-1.738307,38.797795],[-1.738653,38.79819],[-1.73897,38.79859],[-1.73918,38.798886],[-1.739553,38.799525],[-1.73987,38.800146],[-1.740252,38.80105],[-1.740345,38.801314],[-1.740496,38.801851],[-1.740623,38.802495],[-1.740724,38.80325],[-1.740795,38.804351],[-1.740832,38.808561],[-1.740827,38.810215],[-1.740877,38.811278],[-1.741005,38.811905],[-1.741121,38.81235],[-1.741266,38.812796],[-1.741588,38.813555],[-1.74171,38.813785],[-1.742486,38.815085],[-1.743868,38.817274],[-1.74533,38.819559],[-1.747934,38.823699],[-1.749048,38.825333],[-1.750209,38.82693],[-1.75127,38.828279],[-1.753391,38.830831],[-1.754118,38.831769],[-1.760383,38.840432],[-1.762313,38.843507],[-1.763677,38.845818],[-1.765619,38.849677],[-1.765952,38.850238],[-1.767191,38.852477],[-1.768399,38.854382],[-1.768866,38.855062],[-1.769723,38.856401],[-1.774495,38.863612],[-1.776224,38.866257],[-1.776947,38.867448],[-1.778206,38.869622],[-1.779275,38.871645],[-1.779871,38.87287],[-1.780288,38.873808],[-1.780681,38.874788],[-1.781072,38.876078],[-1.781426,38.877805],[-1.781936,38.881709],[-1.782275,38.884277],[-1.782399,38.884949],[-1.782607,38.885659],[-1.783004,38.88679],[-1.783631,38.888061],[-1.784098,38.888793],[-1.784768,38.889693],[-1.785283,38.890325],[-1.785868,38.890947],[-1.787585,38.892611],[-1.794081,38.898768],[-1.794732,38.899317],[-1.795347,38.899803],[-1.796361,38.900496],[-1.797212,38.900982],[-1.798362,38.901574],[-1.800325,38.902447],[-1.803663,38.903876],[-1.810746,38.906972],[-1.812459,38.907747],[-1.813906,38.908523],[-1.815104,38.909291],[-1.815827,38.909795],[-1.816577,38.910369],[-1.817185,38.910872],[-1.820137,38.913495],[-1.823271,38.916318],[-1.824133,38.917151],[-1.82484,38.917929],[-1.825376,38.918609],[-1.826127,38.919615],[-1.827037,38.921172],[-1.827717,38.922644],[-1.828143,38.923885],[-1.828359,38.924701],[-1.828476,38.925233],[-1.82888,38.927433],[-1.829005,38.927992],[-1.829424,38.929203],[-1.829811,38.929991],[-1.830252,38.930723],[-1.830735,38.931397],[-1.83119,38.931983],[-1.831324,38.932132],[-1.832179,38.933004],[-1.832544,38.933362],[-1.832895,38.933768],[-1.833433,38.934504],[-1.833788,38.935109],[-1.834209,38.936117],[-1.834381,38.93668],[-1.834493,38.93738],[-1.834544,38.938061],[-1.834496,38.938878],[-1.834413,38.939377],[-1.834311,38.939778],[-1.83397,38.940687],[-1.833521,38.941543],[-1.833213,38.942038],[-1.83283,38.942553],[-1.832496,38.942917],[-1.832085,38.94332],[-1.831757,38.943614],[-1.831189,38.944043],[-1.829888,38.944993],[-1.829482,38.945316],[-1.829048,38.945699],[-1.8284,38.946378],[-1.827687,38.947214],[-1.825101,38.950782],[-1.824291,38.951997],[-1.823893,38.952626],[-1.823438,38.953394],[-1.822983,38.954206],[-1.822629,38.954903],[-1.822148,38.955927],[-1.821807,38.95669],[-1.821401,38.957729],[-1.821057,38.958678],[-1.82074,38.959705],[-1.820282,38.961364],[-1.819391,38.964847],[-1.819211,38.965418],[-1.818976,38.96601],[-1.818807,38.96636],[-1.818065,38.967716],[-1.817818,38.968172],[-1.817526,38.968852],[-1.81741,38.969237],[-1.817283,38.969756],[-1.817199,38.970307],[-1.817176,38.970773],[-1.817182,38.971273],[-1.817216,38.971728],[-1.817267,38.972068],[-1.81733,38.972369],[-1.817476,38.972902],[-1.817984,38.974479],[-1.818114,38.974759],[-1.818272,38.975179],[-1.818519,38.975764],[-1.818832,38.976355],[-1.819033,38.976674],[-1.819479,38.977288],[-1.819902,38.977796],[-1.821848,38.979849],[-1.822526,38.980533],[-1.823759,38.98183],[-1.825368,38.983508],[-1.826935,38.985145],[-1.827298,38.985504],[-1.827887,38.986078],[-1.828802,38.986855],[-1.82968,38.987502],[-1.830782,38.988199],[-1.834232,38.99012],[-1.835341,38.990752],[-1.835876,38.991092],[-1.83665,38.991636],[-1.8377,38.992502],[-1.83849,38.993253],[-1.838658,38.9934],[-1.83898,38.993736],[-1.839695,38.994595],[-1.839802,38.99476],[-1.841639,38.99701],[-1.841884,38.997284],[-1.846198,39.002577],[-1.850404,39.007757],[-1.851678,39.009247],[-1.852885,39.010554],[-1.853668,39.011309],[-1.854976,39.012426],[-1.856065,39.013284],[-1.856547,39.01365],[-1.858131,39.01478],[-1.859968,39.016018],[-1.860595,39.01644],[-1.862796,39.017931],[-1.86486,39.019334],[-1.875078,39.026282],[-1.882004,39.030984],[-1.882574,39.031328],[-1.883099,39.031593],[-1.883641,39.031829],[-1.884447,39.032119],[-1.884958,39.032268],[-1.885339,39.032357],[-1.886164,39.032507],[-1.886278,39.032524],[-1.887038,39.032605],[-1.887664,39.032629],[-1.888266,39.032625],[-1.888753,39.032596],[-1.889289,39.032541],[-1.889826,39.032466],[-1.891621,39.032111],[-1.892142,39.032024],[-1.893141,39.031904],[-1.893676,39.031876],[-1.894118,39.03186],[-1.895146,39.031888],[-1.895962,39.031955],[-1.896861,39.032083],[-1.897522,39.032218],[-1.897896,39.032308],[-1.898446,39.032463],[-1.899042,39.032655],[-1.899556,39.032845],[-1.900009,39.033035],[-1.900559,39.033297],[-1.901173,39.033621],[-1.901766,39.033989],[-1.902471,39.034492],[-1.904267,39.035991],[-1.906325,39.037708],[-1.921239,39.050165],[-1.929261,39.05687],[-1.930647,39.058073],[-1.934962,39.061689],[-1.937133,39.063452],[-1.938872,39.064865],[-1.946354,39.071115],[-1.947042,39.071683],[-1.948945,39.073273],[-1.951711,39.07562],[-1.959661,39.082256],[-1.960398,39.082892],[-1.960546,39.082995],[-1.962601,39.084703],[-1.964636,39.086417],[-1.96809,39.089285],[-1.97049,39.091286],[-1.974579,39.094693],[-1.982238,39.101067],[-1.982968,39.101781],[-1.983389,39.102264],[-1.983763,39.102784],[-1.984101,39.103332],[-1.984386,39.103962],[-1.984607,39.104582],[-1.984798,39.10535],[-1.98487,39.105977],[-1.984886,39.106613],[-1.984833,39.107239],[-1.984719,39.107869],[-1.984532,39.108739],[-1.984444,39.10929],[-1.984392,39.109986],[-1.984435,39.110798],[-1.984561,39.111511],[-1.984715,39.112064],[-1.98487,39.112518],[-1.985148,39.113101],[-1.985315,39.11341],[-1.985508,39.113733],[-1.985865,39.114246],[-1.98631,39.114794],[-1.986735,39.115221],[-1.987282,39.115699],[-1.987849,39.116135],[-1.98856,39.116593],[-1.989445,39.117066],[-1.989984,39.117303],[-1.990715,39.117574],[-1.991574,39.117831],[-1.992318,39.117999],[-1.993117,39.118118],[-1.994087,39.118218],[-1.996198,39.118387],[-1.999491,39.118661],[-1.999806,39.118686],[-2.00196,39.118861],[-2.002961,39.118998],[-2.003976,39.119214],[-2.004657,39.119411],[-2.005481,39.119696],[-2.012364,39.122577],[-2.014,39.123374],[-2.018264,39.125831],[-2.025296,39.129915],[-2.034315,39.135146],[-2.035838,39.136031],[-2.038671,39.137664],[-2.041799,39.139481],[-2.108385,39.178071],[-2.114863,39.181803],[-2.115211,39.182011],[-2.126099,39.188306],[-2.135847,39.193945],[-2.137304,39.194787],[-2.138436,39.195443],[-2.139118,39.195906],[-2.139984,39.196713],[-2.142399,39.199351],[-2.143601,39.200682],[-2.143982,39.201186],[-2.144307,39.201712],[-2.144552,39.20219],[-2.144746,39.202672],[-2.146229,39.207222],[-2.146865,39.209193],[-2.147357,39.210702],[-2.147516,39.21113],[-2.147724,39.211562],[-2.147874,39.211848],[-2.148309,39.212531],[-2.148887,39.213223],[-2.149392,39.213707],[-2.149874,39.214108],[-2.150602,39.214608],[-2.151104,39.214896],[-2.151488,39.215097],[-2.152075,39.215351],[-2.152615,39.215547],[-2.153247,39.215746],[-2.153896,39.215915],[-2.154543,39.216042],[-2.155437,39.216151],[-2.156182,39.216189],[-2.156899,39.216172],[-2.157641,39.216109],[-2.158315,39.216034],[-2.158783,39.215955],[-2.159638,39.21575],[-2.160281,39.215542],[-2.161184,39.215208],[-2.161897,39.214885],[-2.162709,39.214539],[-2.1632,39.21435],[-2.164183,39.214057],[-2.16502,39.213903],[-2.165854,39.213802],[-2.167845,39.213708],[-2.16866,39.213683],[-2.169615,39.213719],[-2.170241,39.213781],[-2.171058,39.213907],[-2.171496,39.214008],[-2.172353,39.214267],[-2.172762,39.214421],[-2.173294,39.214656],[-2.173824,39.214921],[-2.174681,39.215406],[-2.176034,39.216231],[-2.177604,39.217226],[-2.179617,39.218597],[-2.181184,39.219735],[-2.18345,39.22153],[-2.184959,39.222827],[-2.186007,39.223772],[-2.18728,39.224981],[-2.188347,39.226057],[-2.189537,39.227323],[-2.190325,39.228212],[-2.190443,39.228373],[-2.191155,39.229211],[-2.192131,39.23041],[-2.192898,39.23139],[-2.193402,39.232079],[-2.194388,39.233508],[-2.195202,39.234752],[-2.195978,39.236016],[-2.196815,39.237501],[-2.197748,39.239288],[-2.198476,39.240778],[-2.199137,39.242199],[-2.200103,39.244421],[-2.201087,39.246921],[-2.201949,39.249344],[-2.202119,39.249723],[-2.202388,39.250491],[-2.202817,39.251424],[-2.203188,39.252005],[-2.203682,39.252659],[-2.204181,39.253156],[-2.204599,39.253551],[-2.205002,39.253888],[-2.20554,39.25428],[-2.206036,39.254589],[-2.20667,39.254936],[-2.207452,39.2553],[-2.208076,39.255543],[-2.208898,39.255814],[-2.209567,39.255983],[-2.210437,39.256136],[-2.211262,39.256226],[-2.212173,39.256267],[-2.213007,39.256264],[-2.213828,39.256207],[-2.214694,39.256083],[-2.21544,39.255933],[-2.216386,39.255677],[-2.217194,39.255394],[-2.218874,39.254746],[-2.219581,39.254496],[-2.220372,39.25424],[-2.221193,39.254013],[-2.221996,39.253826],[-2.222913,39.253645],[-2.223947,39.253482],[-2.224919,39.253378],[-2.226012,39.253305],[-2.226972,39.25329],[-2.227841,39.253305],[-2.228732,39.253358],[-2.229576,39.253431],[-2.230612,39.253574],[-2.231535,39.253731],[-2.232356,39.253912],[-2.233578,39.25424],[-2.23464,39.254591],[-2.23562,39.254966],[-2.236486,39.255341],[-2.237298,39.255747],[-2.238081,39.256187],[-2.238828,39.256643],[-2.255735,39.268069],[-2.257467,39.269326],[-2.259014,39.270542],[-2.260021,39.271389],[-2.261116,39.272375],[-2.262002,39.27322],[-2.263286,39.274508],[-2.265108,39.276383],[-2.265649,39.276906],[-2.266302,39.277482],[-2.266913,39.277975],[-2.267527,39.278428],[-2.268076,39.278814],[-2.268676,39.279199],[-2.269304,39.279576],[-2.269975,39.279942],[-2.271299,39.280583],[-2.272125,39.280936],[-2.27305,39.28128],[-2.273938,39.281578],[-2.274883,39.281849],[-2.281096,39.283459],[-2.283102,39.284008],[-2.285088,39.284589],[-2.286984,39.285169],[-2.289004,39.285841],[-2.291327,39.286669],[-2.294001,39.287683],[-2.300904,39.290414],[-2.302972,39.291206],[-2.304706,39.291853],[-2.307026,39.292665],[-2.310303,39.293714],[-2.311938,39.294191],[-2.31417,39.294791],[-2.315638,39.295167],[-2.319176,39.295988],[-2.324952,39.297231],[-2.326821,39.297679],[-2.327918,39.297978],[-2.329837,39.298583],[-2.332326,39.299507],[-2.335888,39.300938],[-2.339328,39.302252],[-2.342841,39.303513],[-2.346264,39.304592],[-2.349692,39.30558],[-2.355002,39.307053],[-2.356533,39.307559],[-2.358359,39.308311],[-2.359943,39.30907],[-2.361425,39.309952],[-2.36264,39.310793],[-2.363795,39.311693],[-2.36929,39.31633],[-2.371951,39.3186],[-2.3746,39.320887],[-2.376536,39.32265],[-2.377978,39.32402],[-2.379524,39.325593],[-2.382081,39.328305],[-2.384441,39.330877],[-2.385659,39.332155],[-2.386971,39.333378],[-2.388108,39.334313],[-2.389287,39.335214],[-2.390296,39.33592],[-2.391625,39.336774],[-2.39302,39.337577],[-2.394465,39.338328],[-2.395813,39.338947],[-2.397404,39.339611],[-2.399122,39.340246],[-2.401304,39.340927],[-2.408887,39.342884],[-2.411372,39.343568],[-2.413873,39.344298],[-2.416199,39.345045],[-2.418479,39.345845],[-2.420933,39.346762],[-2.423328,39.347722],[-2.428133,39.349732],[-2.429787,39.350406],[-2.431033,39.350877],[-2.431978,39.351212],[-2.43309,39.351578],[-2.437474,39.352844],[-2.438774,39.353244],[-2.440175,39.353737],[-2.441472,39.354262],[-2.442694,39.35482],[-2.443983,39.355482],[-2.445215,39.356173],[-2.446495,39.356976],[-2.447778,39.35789],[-2.448947,39.358844],[-2.450431,39.360167],[-2.452101,39.361827],[-2.45264,39.362316],[-2.453866,39.363369],[-2.45493,39.364105],[-2.45632,39.364977],[-2.45729,39.365512],[-2.45827,39.366001],[-2.459462,39.366525],[-2.460705,39.366999],[-2.461948,39.3674],[-2.462714,39.367624],[-2.46349,39.367828],[-2.466607,39.368568],[-2.467564,39.368814],[-2.468474,39.369068],[-2.46986,39.369509],[-2.471335,39.370064],[-2.472308,39.370463],[-2.473082,39.370812],[-2.474735,39.371646],[-2.475845,39.372281],[-2.476929,39.372957],[-2.477896,39.373636],[-2.478792,39.374322],[-2.479539,39.374932],[-2.480246,39.375539],[-2.481519,39.376671],[-2.482403,39.377434],[-2.483212,39.378089],[-2.484004,39.378657],[-2.484875,39.379232],[-2.485746,39.379752],[-2.486657,39.380248],[-2.487733,39.380794],[-2.489124,39.38146],[-2.490543,39.382107],[-2.492381,39.382907],[-2.494079,39.383599],[-2.495824,39.38428],[-2.497658,39.384951],[-2.499657,39.385639],[-2.501767,39.386323],[-2.502614,39.386577],[-2.504804,39.387205],[-2.507251,39.387869],[-2.508668,39.388241],[-2.514581,39.389727],[-2.51684,39.390316],[-2.519077,39.390925],[-2.521042,39.391487],[-2.522959,39.392089],[-2.525182,39.392835],[-2.527659,39.393733],[-2.529116,39.394298],[-2.529741,39.394553],[-2.530803,39.394985],[-2.532324,39.395637],[-2.534466,39.396607],[-2.536517,39.397588],[-2.543057,39.40082],[-2.544831,39.401669],[-2.546063,39.402215],[-2.547291,39.402734],[-2.549707,39.403663],[-2.551766,39.404361],[-2.55291,39.404715],[-2.555176,39.405343],[-2.556502,39.405672],[-2.557893,39.40598],[-2.559288,39.406263],[-2.560704,39.406515],[-2.562169,39.406742],[-2.563666,39.406943],[-2.565193,39.407117],[-2.569452,39.407555],[-2.571066,39.407744],[-2.572529,39.407966],[-2.574167,39.408264],[-2.575037,39.408465],[-2.576413,39.408794],[-2.577727,39.409155],[-2.579088,39.409584],[-2.581809,39.410547],[-2.584413,39.411493],[-2.587064,39.412424],[-2.589047,39.413094],[-2.591031,39.413725],[-2.592637,39.414204],[-2.594851,39.414823],[-2.596813,39.41533],[-2.598781,39.415807],[-2.605387,39.417284],[-2.606391,39.417542],[-2.607384,39.417843],[-2.608327,39.418163],[-2.609262,39.418538],[-2.610072,39.418891],[-2.610839,39.419263],[-2.61168,39.41972],[-2.61267,39.420319],[-2.613468,39.42086],[-2.614264,39.421456],[-2.615146,39.422206],[-2.615806,39.42283],[-2.619558,39.426607],[-2.620769,39.427795],[-2.622014,39.428983],[-2.624216,39.430938],[-2.626453,39.432795],[-2.627534,39.433643],[-2.628625,39.434467],[-2.630831,39.436055],[-2.633082,39.437564],[-2.635409,39.439039],[-2.642575,39.443346],[-2.643604,39.443987],[-2.644603,39.444644],[-2.645584,39.445316],[-2.646536,39.446008],[-2.648463,39.447517],[-2.649383,39.448301],[-2.650275,39.449091],[-2.651687,39.450452],[-2.652369,39.451153],[-2.653026,39.451857],[-2.653755,39.452671],[-2.654575,39.45364],[-2.655368,39.454614],[-2.657544,39.457358],[-2.6584,39.458368],[-2.659333,39.459375],[-2.660121,39.460165],[-2.661357,39.461287],[-2.662266,39.462038],[-2.663205,39.462758],[-2.664168,39.463443],[-2.665187,39.464108],[-2.666337,39.464801],[-2.667481,39.465443],[-2.668628,39.466027],[-2.669582,39.466479],[-2.670561,39.466914],[-2.67231,39.467604],[-2.673244,39.467936],[-2.674251,39.468265],[-2.675324,39.468581],[-2.676407,39.468873],[-2.677357,39.469102],[-2.678521,39.469357],[-2.680532,39.469756],[-2.682596,39.470144],[-2.684646,39.470566],[-2.68619,39.470918],[-2.687608,39.471275],[-2.688637,39.471562],[-2.689895,39.471942],[-2.691124,39.472349],[-2.692512,39.47284],[-2.693763,39.47331],[-2.697623,39.474846],[-2.699,39.475362],[-2.700079,39.475727],[-2.70095,39.475993],[-2.701829,39.476234],[-2.702775,39.476475],[-2.703717,39.476685],[-2.70467,39.476872],[-2.705628,39.477037],[-2.706953,39.477221],[-2.708272,39.477351],[-2.709517,39.477444],[-2.71089,39.477488],[-2.711741,39.477499],[-2.713287,39.477467],[-2.714902,39.477361],[-2.715756,39.477284],[-2.717574,39.477041],[-2.718451,39.476897],[-2.719271,39.476738],[-2.720469,39.476477],[-2.721623,39.476182],[-2.722521,39.475928],[-2.724034,39.475446],[-2.724518,39.475267],[-2.72575,39.474795],[-2.72699,39.474269],[-2.729781,39.473014],[-2.730496,39.472719],[-2.7312,39.47245],[-2.731966,39.472184],[-2.732797,39.47193],[-2.733509,39.471742],[-2.734175,39.471576],[-2.734847,39.471429],[-2.735529,39.471308],[-2.736908,39.471113],[-2.737601,39.471039],[-2.738994,39.470947],[-2.739814,39.470929],[-2.740652,39.470933],[-2.74141,39.470963],[-2.742285,39.471022],[-2.743092,39.471099],[-2.744524,39.471309],[-2.745975,39.471598],[-2.746678,39.471768],[-2.747383,39.471961],[-2.748079,39.472178],[-2.749434,39.472663],[-2.750178,39.472968],[-2.753062,39.474267],[-2.75393,39.47463],[-2.754633,39.474883],[-2.75534,39.475123],[-2.756142,39.475363],[-2.756928,39.475574],[-2.757704,39.475755],[-2.758582,39.475931],[-2.759471,39.476076],[-2.760354,39.47619],[-2.76116,39.476269],[-2.76197,39.476327],[-2.763016,39.476358],[-2.763803,39.476362],[-2.766454,39.476336],[-2.767439,39.476347],[-2.768168,39.476367],[-2.769006,39.476411],[-2.769842,39.476478],[-2.770838,39.476587],[-2.771818,39.47672],[-2.77268,39.476868],[-2.773637,39.477053],[-2.777084,39.477797],[-2.778028,39.477984],[-2.778928,39.478134],[-2.779781,39.478252],[-2.780637,39.478347],[-2.781559,39.47842],[-2.783008,39.478496],[-2.783896,39.478501],[-2.784913,39.478484],[-2.785888,39.47844],[-2.786804,39.478371],[-2.787729,39.478274],[-2.788638,39.478149],[-2.789542,39.478007],[-2.790476,39.477825],[-2.794332,39.476973],[-2.795199,39.476805],[-2.79606,39.47666],[-2.797012,39.476534],[-2.797863,39.476445],[-2.799244,39.476358],[-2.800051,39.476338],[-2.800848,39.476338],[-2.801596,39.476358],[-2.8031,39.476453],[-2.803812,39.476529],[-2.804663,39.476636],[-2.805369,39.476748],[-2.806145,39.476892],[-2.806987,39.477068],[-2.807798,39.477266],[-2.808893,39.477569],[-2.809444,39.477744],[-2.811001,39.47831],[-2.811689,39.478593],[-2.812459,39.478943],[-2.81321,39.479317],[-2.814167,39.47983],[-2.815237,39.480475],[-2.815952,39.48095],[-2.817636,39.482134],[-2.818709,39.482867],[-2.819569,39.483378],[-2.820451,39.483856],[-2.821318,39.484281],[-2.822089,39.484624],[-2.822993,39.484969],[-2.823889,39.485285],[-2.824584,39.485506],[-2.825308,39.485709],[-2.82684,39.486053],[-2.827524,39.48618],[-2.828295,39.486298],[-2.829042,39.486393],[-2.829781,39.486467],[-2.830541,39.486517],[-2.831936,39.486562],[-2.832793,39.486557],[-2.833651,39.48653],[-2.834369,39.486472],[-2.835953,39.486284],[-2.8374,39.486033],[-2.838144,39.48587],[-2.838926,39.485677],[-2.839879,39.485409],[-2.842314,39.484644],[-2.84316,39.484392],[-2.844006,39.484165],[-2.844759,39.483987],[-2.845664,39.483794],[-2.84655,39.483643],[-2.847432,39.483518],[-2.848194,39.483428],[-2.849355,39.483332],[-2.850226,39.483298],[-2.854326,39.483212],[-2.855689,39.483152],[-2.856578,39.483097],[-2.857595,39.48301],[-2.858707,39.482886],[-2.859821,39.482735],[-2.860981,39.482551],[-2.862169,39.482323],[-2.863951,39.481918],[-2.868059,39.480865],[-2.869146,39.480633],[-2.870179,39.480453],[-2.871023,39.480338],[-2.871792,39.480258],[-2.872658,39.480194],[-2.873435,39.480169],[-2.874194,39.480152],[-2.874959,39.480166],[-2.875758,39.480202],[-2.876654,39.480269],[-2.877567,39.480365],[-2.878612,39.480526],[-2.879541,39.480704],[-2.880399,39.480892],[-2.881186,39.481099],[-2.882772,39.481597],[-2.883653,39.481924],[-2.88527,39.482643],[-2.886243,39.48315],[-2.886866,39.483507],[-2.887725,39.484055],[-2.888333,39.484474],[-2.888986,39.484962],[-2.890215,39.486006],[-2.893123,39.488713],[-2.894595,39.490017],[-2.89533,39.490621],[-2.896434,39.491494],[-2.897502,39.492291],[-2.898638,39.49309],[-2.899588,39.493728],[-2.900658,39.494404],[-2.901751,39.495064],[-2.903299,39.495967],[-2.905803,39.497374],[-2.906834,39.497982],[-2.907438,39.498373],[-2.908065,39.498799],[-2.908669,39.499234],[-2.909236,39.499687],[-2.909779,39.50015],[-2.910297,39.500619],[-2.910792,39.501102],[-2.911295,39.501625],[-2.911779,39.502172],[-2.91256,39.503165],[-2.91327,39.504216],[-2.913927,39.505374],[-2.914478,39.50656],[-2.914711,39.50716],[-2.915818,39.510676],[-2.916028,39.511253],[-2.916263,39.511825],[-2.916641,39.512617],[-2.917266,39.51373],[-2.91771,39.514411],[-2.918161,39.515047],[-2.918475,39.515452],[-2.918912,39.51599],[-2.919449,39.516582],[-2.920145,39.51729],[-2.920696,39.5178],[-2.921386,39.518396],[-2.92203,39.518907],[-2.922729,39.519416],[-2.924027,39.520257],[-2.92496,39.520791],[-2.925761,39.521206],[-2.92649,39.521555],[-2.927183,39.521862],[-2.927896,39.522151],[-2.928731,39.522461],[-2.929377,39.522678],[-2.930012,39.522875],[-2.933636,39.523923],[-2.935628,39.524566],[-2.936389,39.524838],[-2.938161,39.525543],[-2.938772,39.525808],[-2.939585,39.526187],[-2.940589,39.526681],[-2.941427,39.527123],[-2.943171,39.528133],[-2.944954,39.529305],[-2.946973,39.530703],[-2.948096,39.531459],[-2.949628,39.532413],[-2.950204,39.532746],[-2.951431,39.533406],[-2.952342,39.533862],[-2.953287,39.534301],[-2.954573,39.53485],[-2.955973,39.535387],[-2.9567,39.535646],[-2.95794,39.53605],[-2.959245,39.536432],[-2.962499,39.53735],[-2.963313,39.537607],[-2.964525,39.538043],[-2.965759,39.538552],[-2.96639,39.538844],[-2.967144,39.539221],[-2.968369,39.539902],[-2.969394,39.540555],[-2.970114,39.541056],[-2.970603,39.541424],[-2.971323,39.542005],[-2.97186,39.542475],[-2.972658,39.543247],[-2.973072,39.543675],[-2.973742,39.544442],[-2.974542,39.545494],[-2.975186,39.546473],[-2.97645,39.548618],[-2.976946,39.549395],[-2.977223,39.549789],[-2.977743,39.550472],[-2.978158,39.550963],[-2.978488,39.551336],[-2.978949,39.551813],[-2.979431,39.552277],[-2.979922,39.552718],[-2.980364,39.55309],[-2.98101,39.553593],[-2.982113,39.554364],[-2.983153,39.55499],[-2.984153,39.555521],[-2.985146,39.555993],[-2.986004,39.556357],[-2.987138,39.556771],[-2.988411,39.557165],[-2.989745,39.557501],[-2.990509,39.557663],[-2.991852,39.557886],[-2.992753,39.558],[-2.995243,39.558267],[-2.996403,39.558412],[-2.997276,39.55853],[-2.998204,39.558683],[-2.998825,39.558806],[-2.999298,39.558899],[-3.000327,39.559138],[-3.001343,39.559395],[-3.002428,39.559711],[-3.004333,39.560348],[-3.007387,39.561444],[-3.008777,39.561851],[-3.009349,39.561996],[-3.009973,39.562139],[-3.010735,39.56229],[-3.011271,39.562384],[-3.01247,39.562555],[-3.013102,39.562622],[-3.013766,39.562672],[-3.015064,39.562732],[-3.015872,39.562734],[-3.016785,39.562708],[-3.017548,39.562665],[-3.018928,39.56254],[-3.020184,39.562357],[-3.021301,39.562158],[-3.022749,39.561825],[-3.02498,39.561346],[-3.026146,39.561174],[-3.027279,39.561057],[-3.028434,39.560976],[-3.029894,39.560954],[-3.031396,39.561016],[-3.0332,39.561194],[-3.034974,39.56151],[-3.036753,39.561951],[-3.038337,39.56246],[-3.039352,39.562838],[-3.040376,39.563284],[-3.041149,39.563662],[-3.042409,39.564361],[-3.04335,39.564952],[-3.045899,39.566454],[-3.048131,39.567684],[-3.05033,39.568802],[-3.050549,39.568908],[-3.05269,39.569861],[-3.053688,39.570266],[-3.056959,39.571482],[-3.060906,39.572815],[-3.061154,39.572903],[-3.061889,39.573173],[-3.062534,39.573446],[-3.063089,39.573689],[-3.063603,39.573939],[-3.064764,39.574586],[-3.066054,39.575418],[-3.066857,39.576062],[-3.067558,39.57667],[-3.068678,39.577767],[-3.06965,39.579],[-3.070532,39.580417],[-3.071166,39.581766],[-3.07168,39.583372],[-3.071925,39.585076],[-3.071965,39.586175],[-3.071864,39.587532],[-3.071585,39.589632],[-3.071441,39.591511],[-3.071396,39.593229],[-3.071433,39.594478],[-3.071529,39.595609],[-3.071752,39.597204],[-3.071962,39.59833],[-3.072315,39.599856],[-3.073048,39.602818],[-3.073297,39.60405],[-3.073425,39.604865],[-3.073537,39.606051],[-3.073612,39.607554],[-3.073619,39.608572],[-3.073571,39.60983],[-3.073351,39.611317],[-3.072955,39.613532],[-3.07271,39.61454],[-3.072481,39.615665],[-3.072275,39.616816],[-3.072184,39.617885],[-3.072177,39.618948],[-3.072217,39.619981],[-3.072372,39.621088],[-3.072554,39.622051],[-3.072837,39.623044],[-3.073845,39.625377],[-3.074549,39.626581],[-3.075054,39.627385],[-3.075638,39.628157],[-3.076439,39.629069],[-3.077337,39.629998],[-3.078187,39.630771],[-3.078968,39.631408],[-3.079813,39.632026],[-3.081064,39.632873],[-3.08292,39.634032],[-3.084184,39.634853],[-3.085356,39.635704],[-3.086479,39.636647],[-3.087645,39.637669],[-3.087947,39.637978],[-3.088468,39.638516],[-3.088889,39.638961],[-3.089889,39.640168],[-3.090675,39.641288],[-3.091862,39.643197],[-3.094248,39.647865],[-3.095257,39.649346],[-3.096192,39.650451],[-3.097317,39.651665],[-3.098323,39.652702],[-3.099325,39.653653],[-3.1007,39.65522],[-3.101727,39.656622],[-3.102312,39.657577],[-3.103022,39.658875],[-3.103578,39.6602],[-3.104128,39.661676],[-3.104718,39.663344],[-3.105287,39.664764],[-3.105713,39.66569],[-3.106374,39.666913],[-3.107454,39.668609],[-3.108667,39.670415],[-3.109744,39.671668],[-3.110956,39.672876],[-3.112408,39.674274],[-3.113862,39.675732],[-3.115308,39.677307],[-3.11669,39.679099],[-3.117415,39.680139],[-3.118284,39.681664],[-3.118893,39.682863],[-3.119464,39.684165],[-3.119843,39.685082],[-3.120266,39.686378],[-3.120637,39.688036],[-3.121007,39.690068],[-3.121388,39.692353],[-3.12163,39.693686],[-3.122047,39.695115],[-3.12253,39.696537],[-3.122926,39.697476],[-3.123571,39.698726],[-3.124165,39.699787],[-3.124975,39.701068],[-3.125794,39.702303],[-3.126791,39.703575],[-3.127747,39.704897],[-3.128434,39.706063],[-3.128947,39.707115],[-3.129356,39.70812],[-3.129635,39.708979],[-3.129818,39.709611],[-3.130161,39.711422],[-3.130335,39.713255],[-3.130548,39.716475],[-3.130654,39.717226],[-3.131026,39.718728],[-3.131846,39.720911],[-3.132113,39.721623],[-3.133018,39.723435],[-3.135017,39.7265],[-3.135869,39.727806],[-3.13667,39.729257],[-3.137575,39.731192],[-3.13812,39.732745],[-3.138629,39.734565],[-3.138924,39.735985],[-3.139145,39.737816],[-3.13921,39.739787],[-3.139172,39.741429],[-3.138794,39.74525],[-3.138775,39.746609],[-3.138893,39.748138],[-3.139075,39.749238],[-3.13948,39.750652],[-3.140695,39.75423],[-3.141243,39.756715],[-3.141452,39.758588],[-3.141517,39.760303],[-3.141454,39.762521],[-3.141447,39.764493],[-3.141655,39.766047],[-3.141724,39.76635],[-3.142013,39.767379],[-3.14252,39.768753],[-3.143057,39.769992],[-3.143914,39.771449],[-3.144667,39.772507],[-3.145752,39.773657],[-3.146936,39.774733],[-3.148108,39.775661],[-3.149589,39.776645],[-3.151118,39.777472],[-3.15244,39.778059],[-3.153735,39.778566],[-3.15463,39.778863],[-3.156333,39.779339],[-3.158312,39.779757],[-3.160776,39.780335],[-3.162783,39.780851],[-3.164798,39.781507],[-3.166668,39.782225],[-3.168387,39.782937],[-3.172379,39.784636],[-3.174333,39.785321],[-3.176562,39.785895],[-3.17853,39.786208],[-3.180159,39.786416],[-3.182005,39.786499],[-3.187196,39.786535],[-3.188805,39.786633],[-3.190246,39.786787],[-3.191777,39.78704],[-3.1935,39.787396],[-3.194771,39.787756],[-3.196023,39.788178],[-3.197646,39.788831],[-3.199084,39.78953],[-3.200498,39.790315],[-3.202138,39.791407],[-3.203436,39.79244],[-3.206756,39.795233],[-3.209536,39.797585],[-3.210864,39.798706],[-3.211604,39.799368],[-3.2124,39.80015],[-3.212802,39.800503],[-3.214986,39.802205],[-3.219867,39.80634],[-3.221874,39.808105],[-3.222602,39.808788],[-3.223579,39.809747],[-3.224529,39.810784],[-3.225408,39.811799],[-3.226272,39.812917],[-3.228042,39.815547],[-3.229519,39.817797],[-3.230349,39.81899],[-3.231069,39.819953],[-3.232473,39.821595],[-3.233344,39.822512],[-3.234136,39.823295],[-3.23528,39.824345],[-3.236775,39.825647],[-3.237832,39.82654],[-3.239204,39.827749],[-3.240319,39.828804],[-3.241076,39.829605],[-3.241758,39.830364],[-3.242985,39.831885],[-3.243634,39.83287],[-3.244664,39.834485],[-3.246145,39.837067],[-3.246656,39.837877],[-3.247266,39.83872],[-3.248005,39.839659],[-3.248612,39.840354],[-3.249955,39.841682],[-3.25086,39.842477],[-3.251663,39.843112],[-3.253382,39.844313],[-3.25536,39.845662],[-3.256434,39.846494],[-3.257203,39.847159],[-3.25785,39.847773],[-3.258681,39.848615],[-3.259883,39.850117],[-3.261281,39.852201],[-3.262384,39.853747],[-3.263158,39.854654],[-3.263929,39.855515],[-3.264717,39.856266],[-3.265603,39.857],[-3.267743,39.858585],[-3.268871,39.8593],[-3.269634,39.85975],[-3.270869,39.860366],[-3.272021,39.860901],[-3.27316,39.861368],[-3.274473,39.861829],[-3.275725,39.862206],[-3.279731,39.863224],[-3.281484,39.863735],[-3.282904,39.864272],[-3.284116,39.864797],[-3.287786,39.866598],[-3.28953,39.867386],[-3.291203,39.868051],[-3.292572,39.868482],[-3.294166,39.868923],[-3.295965,39.869365],[-3.297306,39.869738],[-3.298778,39.870185],[-3.299722,39.870511],[-3.301612,39.871254],[-3.302893,39.871842],[-3.30443,39.872649],[-3.305389,39.873215],[-3.306753,39.874106],[-3.307335,39.87451],[-3.310018,39.876766],[-3.313072,39.879531],[-3.314116,39.880356],[-3.316548,39.882017],[-3.318322,39.882988],[-3.320221,39.88386],[-3.322238,39.884645],[-3.325155,39.885577],[-3.327451,39.886436],[-3.329287,39.887184],[-3.330491,39.88776],[-3.331929,39.888576],[-3.333802,39.889818],[-3.335735,39.891369],[-3.335948,39.891575],[-3.336838,39.892453],[-3.33788,39.893671],[-3.338655,39.894664],[-3.339576,39.896227],[-3.340569,39.898178],[-3.342523,39.904549],[-3.343466,39.906345],[-3.344592,39.908077],[-3.345978,39.90972],[-3.3475,39.911168],[-3.349043,39.912359],[-3.350585,39.913349],[-3.353263,39.914692],[-3.354871,39.915331],[-3.356845,39.915999],[-3.359177,39.916496],[-3.361808,39.916945],[-3.365418,39.917632],[-3.367815,39.918175],[-3.369489,39.918619],[-3.371721,39.919246],[-3.373662,39.91995],[-3.375468,39.920662],[-3.377379,39.921472],[-3.382373,39.923892],[-3.384601,39.924891],[-3.386904,39.925759],[-3.389559,39.926499],[-3.391813,39.926949],[-3.39793,39.927955],[-3.401579,39.928693],[-3.403971,39.929333],[-3.406234,39.930047],[-3.408513,39.930865],[-3.411213,39.931994],[-3.414292,39.933488],[-3.416699,39.934708],[-3.417928,39.935359],[-3.419343,39.936024],[-3.420911,39.936647],[-3.423057,39.937371],[-3.424509,39.937751],[-3.426082,39.938062],[-3.428037,39.93836],[-3.430202,39.938559],[-3.431255,39.938605],[-3.432611,39.938614],[-3.434921,39.938519],[-3.436706,39.938333],[-3.438424,39.93806],[-3.440158,39.937684],[-3.441327,39.93738],[-3.442622,39.936982],[-3.443693,39.936617],[-3.444641,39.936248],[-3.445944,39.935674],[-3.44713,39.935089],[-3.448855,39.934106],[-3.449999,39.933362],[-3.450921,39.932692],[-3.453779,39.930338],[-3.456013,39.928549],[-3.458392,39.926938],[-3.460303,39.925873],[-3.462412,39.9249],[-3.463866,39.924296],[-3.466465,39.923406],[-3.467895,39.923003],[-3.469587,39.922584],[-3.470596,39.922413],[-3.471087,39.922354],[-3.471591,39.922322],[-3.472628,39.922296],[-3.473674,39.922339],[-3.47491,39.92251],[-3.476549,39.922793],[-3.477897,39.922997],[-3.478995,39.923115],[-3.480163,39.923207],[-3.481347,39.923234],[-3.482308,39.923227],[-3.483253,39.923175],[-3.484583,39.923049],[-3.486875,39.922794],[-3.487941,39.922743],[-3.489346,39.922785],[-3.491104,39.922926],[-3.492787,39.923099],[-3.494733,39.92327],[-3.513199,39.925527],[-3.514866,39.925798],[-3.516528,39.926135],[-3.517729,39.926443],[-3.518537,39.926674],[-3.518821,39.926767],[-3.519728,39.92706],[-3.521485,39.927676],[-3.522076,39.927916],[-3.523124,39.92838],[-3.524465,39.929035],[-3.525546,39.929631],[-3.526709,39.930332],[-3.527367,39.930767],[-3.528621,39.931656],[-3.529241,39.932147],[-3.530678,39.933401],[-3.531455,39.934169],[-3.532237,39.935002],[-3.533197,39.936098],[-3.53689,39.940391],[-3.537176,39.940724],[-3.539184,39.943056],[-3.543601,39.9482],[-3.544721,39.949417],[-3.545495,39.950186],[-3.54613,39.950774],[-3.547909,39.952222],[-3.549173,39.953099],[-3.549794,39.953504],[-3.550501,39.953938],[-3.551207,39.95434],[-3.552392,39.954963],[-3.553783,39.95561],[-3.554493,39.955914],[-3.555706,39.956392],[-3.556938,39.956818],[-3.558376,39.95725],[-3.560155,39.957698],[-3.562603,39.958232],[-3.565437,39.958751],[-3.5671,39.959127],[-3.568653,39.959551],[-3.569456,39.959799],[-3.57055,39.960172],[-3.571099,39.960376],[-3.572293,39.960852],[-3.57334,39.961315],[-3.574712,39.96199],[-3.576035,39.962735],[-3.577032,39.963353],[-3.577937,39.963967],[-3.578542,39.964401],[-3.579933,39.965503],[-3.580709,39.96621],[-3.581698,39.96716],[-3.582385,39.967902],[-3.582822,39.96841],[-3.584096,39.970015],[-3.59282,39.981286],[-3.593709,39.982414],[-3.594576,39.983467],[-3.595511,39.984533],[-3.5967,39.985801],[-3.597195,39.986301],[-3.597972,39.987064],[-3.599316,39.988299],[-3.600491,39.989309],[-3.602598,39.991062],[-3.603144,39.991546],[-3.603634,39.992024],[-3.604217,39.992678],[-3.604449,39.992973],[-3.604932,39.993647],[-3.605317,39.994297],[-3.60556,39.99477],[-3.605909,39.995621],[-3.606421,39.99711],[-3.606578,39.997507],[-3.606688,39.997773],[-3.607153,39.998677],[-3.607415,39.999099],[-3.60798,39.999881],[-3.608927,40.000965],[-3.60964,40.001732],[-3.615369,40.007872],[-3.615808,40.008283],[-3.616262,40.008634],[-3.61674,40.008958],[-3.617353,40.009316],[-3.61784,40.009558],[-3.618385,40.009787],[-3.619019,40.010001],[-3.619672,40.010184],[-3.620596,40.010359],[-3.621323,40.010443],[-3.621702,40.010466],[-3.623294,40.010529],[-3.625659,40.010598],[-3.626422,40.010644],[-3.627107,40.010719],[-3.627771,40.010836],[-3.628409,40.010994],[-3.628941,40.011163],[-3.629227,40.011266],[-3.629806,40.011513],[-3.63041,40.011818],[-3.630677,40.01197],[-3.631266,40.012368],[-3.631614,40.012645],[-3.63195,40.012938],[-3.632352,40.013359],[-3.632569,40.013611],[-3.633491,40.014803],[-3.633917,40.015293],[-3.634391,40.01576],[-3.634935,40.016218],[-3.635493,40.016625],[-3.636109,40.017006],[-3.636444,40.017193],[-3.637106,40.017518],[-3.637827,40.017809],[-3.638567,40.018055],[-3.639371,40.018268],[-3.640139,40.018414],[-3.640911,40.01852],[-3.641464,40.018565],[-3.642057,40.018592],[-3.643365,40.018604],[-3.644079,40.018626],[-3.644787,40.018684],[-3.645126,40.018726],[-3.645833,40.01884],[-3.646539,40.018997],[-3.64691,40.019096],[-3.647719,40.01935],[-3.648528,40.019676],[-3.649176,40.019992],[-3.649805,40.020346],[-3.650108,40.020538],[-3.650539,40.020833],[-3.651119,40.021293],[-3.65188,40.022029],[-3.65227,40.022486],[-3.652688,40.023022],[-3.653072,40.023549],[-3.654705,40.025611],[-3.65551,40.026582],[-3.65636,40.027651],[-3.659839,40.032054],[-3.661177,40.033832],[-3.661679,40.034622],[-3.661972,40.035173],[-3.66226,40.035752],[-3.662586,40.036524],[-3.663088,40.037686],[-3.663344,40.038212],[-3.663653,40.038772],[-3.664022,40.039353],[-3.664454,40.039918],[-3.664902,40.040462],[-3.665174,40.040742],[-3.666032,40.041641],[-3.666616,40.042256],[-3.667061,40.042755],[-3.667504,40.043281],[-3.668082,40.044056],[-3.668314,40.044418],[-3.668609,40.044885],[-3.668901,40.045407],[-3.669185,40.04598],[-3.669416,40.046517],[-3.669697,40.047251],[-3.669855,40.047757],[-3.670102,40.048764],[-3.670201,40.049286],[-3.670303,40.050303],[-3.670743,40.059142],[-3.67078,40.060441],[-3.670882,40.062612],[-3.670908,40.063465],[-3.67103,40.064774],[-3.671216,40.066087],[-3.671368,40.066953],[-3.671764,40.068634],[-3.672273,40.070304],[-3.673486,40.073628],[-3.673699,40.074307],[-3.67389,40.074995],[-3.674107,40.076022],[-3.674242,40.077067],[-3.674283,40.077606],[-3.674298,40.078753],[-3.674247,40.079581],[-3.674165,40.080274],[-3.673993,40.081264],[-3.673884,40.081737],[-3.673593,40.082736],[-3.673418,40.083233],[-3.673126,40.083968],[-3.672809,40.084657],[-3.672292,40.085621],[-3.671666,40.086623],[-3.671039,40.087502],[-3.669169,40.089959],[-3.668737,40.090559],[-3.668174,40.091435],[-3.667813,40.092069],[-3.667286,40.09313],[-3.666989,40.093837],[-3.666734,40.094542],[-3.666494,40.095318],[-3.666301,40.096082],[-3.666119,40.097074],[-3.666048,40.097599],[-3.665994,40.098192],[-3.66596,40.09886],[-3.665969,40.099781],[-3.666012,40.100491],[-3.6661,40.101245],[-3.66627,40.102186],[-3.66644,40.102904],[-3.666624,40.103555],[-3.666978,40.104563],[-3.667223,40.105154],[-3.667518,40.105799],[-3.667752,40.10624],[-3.668066,40.106802],[-3.668424,40.10738],[-3.66883,40.108001],[-3.669479,40.108916],[-3.671087,40.111027],[-3.675995,40.117509],[-3.676473,40.118183],[-3.676824,40.118729],[-3.677169,40.11932],[-3.677651,40.120315],[-3.677832,40.120754],[-3.677986,40.12121],[-3.67821,40.12199],[-3.678364,40.122738],[-3.67846,40.12344],[-3.678505,40.12405],[-3.678513,40.12466],[-3.678476,40.125272],[-3.678409,40.12588],[-3.678304,40.126499],[-3.67817,40.12708],[-3.678041,40.127546],[-3.677903,40.127966],[-3.677666,40.12858],[-3.677399,40.129162],[-3.677094,40.129747],[-3.676751,40.13032],[-3.676376,40.130893],[-3.675221,40.132511],[-3.671382,40.137857],[-3.670999,40.138406],[-3.670602,40.139027],[-3.670287,40.13961],[-3.669985,40.140217],[-3.669625,40.141114],[-3.669349,40.142028],[-3.669207,40.142643],[-3.669107,40.143248],[-3.669038,40.143852],[-3.669005,40.144456],[-3.669011,40.144936],[-3.669029,40.145385],[-3.669091,40.146018],[-3.669258,40.146961],[-3.669529,40.147991],[-3.671955,40.155289],[-3.672339,40.156257],[-3.672674,40.15692],[-3.672844,40.157213],[-3.673045,40.157534],[-3.673518,40.158191],[-3.674199,40.159012],[-3.674462,40.159281],[-3.675297,40.160039],[-3.681113,40.164308],[-3.686198,40.16797],[-3.687786,40.16901],[-3.690454,40.17059],[-3.691489,40.171118],[-3.6932,40.17194],[-3.694804,40.172668],[-3.697447,40.173832],[-3.698108,40.17415],[-3.698758,40.174497],[-3.699373,40.174877],[-3.700532,40.175688],[-3.701082,40.17611],[-3.7016,40.176547],[-3.702139,40.177046],[-3.703033,40.177925],[-3.703628,40.178481],[-3.704347,40.179107],[-3.704782,40.179453],[-3.705248,40.179781],[-3.705848,40.180173],[-3.706468,40.180545],[-3.707514,40.181091],[-3.708002,40.181317],[-3.708634,40.181584],[-3.709688,40.181959],[-3.710012,40.182063],[-3.710606,40.182238],[-3.711204,40.182394],[-3.711781,40.182523],[-3.712358,40.182636],[-3.714175,40.182905],[-3.717566,40.183315],[-3.719088,40.183544],[-3.720525,40.183795],[-3.722855,40.184279],[-3.724003,40.184564],[-3.726684,40.18535],[-3.728194,40.185868],[-3.729639,40.186405],[-3.73071,40.186854],[-3.732642,40.187733],[-3.73422,40.188535],[-3.735152,40.189053],[-3.736678,40.189972],[-3.737568,40.19055],[-3.73844,40.19115],[-3.739288,40.191762],[-3.740118,40.192393],[-3.740932,40.19305],[-3.741978,40.193965],[-3.74248,40.194442],[-3.742962,40.194933],[-3.743422,40.19544],[-3.744065,40.19622],[-3.744663,40.197022],[-3.745028,40.197572],[-3.74553,40.198422],[-3.745833,40.199],[-3.746108,40.199588],[-3.746355,40.200175],[-3.74658,40.20077],[-3.746867,40.201673],[-3.747097,40.202582],[-3.747213,40.203193],[-3.747303,40.203813],[-3.747367,40.204442],[-3.747387,40.206038],[-3.747355,40.206692],[-3.747336,40.207672],[-3.747263,40.208892],[-3.747254,40.209051],[-3.746815,40.216528],[-3.746718,40.217701],[-3.746505,40.219157],[-3.746395,40.219728],[-3.746262,40.220295],[-3.746027,40.221143],[-3.745655,40.222272],[-3.745318,40.223107],[-3.745073,40.223657],[-3.744525,40.224738],[-3.744065,40.225535],[-3.743573,40.226312],[-3.743047,40.227088],[-3.741136,40.229782],[-3.740259,40.231128],[-3.739767,40.231946],[-3.739322,40.232743],[-3.738839,40.233757],[-3.738551,40.234363],[-3.738176,40.235294],[-3.737799,40.236549],[-3.73736,40.238052],[-3.737211,40.238791],[-3.736926,40.240675],[-3.736874,40.241177],[-3.736804,40.242264],[-3.736792,40.242955],[-3.736923,40.246536],[-3.736917,40.248149],[-3.73679,40.24929],[-3.736647,40.250153],[-3.736336,40.251389],[-3.736115,40.252123],[-3.735584,40.253405],[-3.734887,40.25471],[-3.734575,40.255222],[-3.733512,40.256731],[-3.732671,40.257718],[-3.731953,40.258463],[-3.731532,40.258869],[-3.73025,40.259917],[-3.729414,40.260526],[-3.728297,40.261277],[-3.726678,40.262251],[-3.725091,40.263141],[-3.724005,40.263928],[-3.723261,40.2646],[-3.722692,40.26523],[-3.722207,40.265921],[-3.721809,40.266612],[-3.721535,40.267241],[-3.721335,40.26785],[-3.721205,40.268411],[-3.721051,40.269397],[-3.720953,40.27],[-3.720532,40.270932],[-3.720209,40.271376],[-3.719711,40.271796],[-3.719383,40.272029],[-3.719108,40.272201],[-3.718574,40.272416],[-3.717969,40.272577],[-3.717233,40.272713],[-3.716829,40.272774],[-3.7161,40.27287],[-3.715261,40.272948],[-3.714058,40.273],[-3.712926,40.273027],[-3.712652,40.273103],[-3.708723,40.273029],[-3.708016,40.27302],[-3.705048,40.272982],[-3.704289,40.273],[-3.703144,40.273073],[-3.702025,40.273173],[-3.701262,40.273274],[-3.700931,40.273316],[-3.700166,40.27344],[-3.699784,40.273507],[-3.69976,40.27351],[-3.699522,40.273494],[-3.698295,40.273682],[-3.697419,40.273867],[-3.696342,40.274151],[-3.695755,40.274341],[-3.694667,40.274737],[-3.694284,40.274835],[-3.693882,40.274872],[-3.693414,40.27488],[-3.692997,40.274836],[-3.692645,40.274764],[-3.691962,40.27458],[-3.691576,40.274493],[-3.691257,40.274456],[-3.690787,40.274485],[-3.690408,40.274592],[-3.690165,40.274702],[-3.689838,40.274902],[-3.689373,40.275333],[-3.689099,40.275633],[-3.688871,40.275933],[-3.688732,40.276157],[-3.688605,40.276415],[-3.68851,40.276668],[-3.688435,40.276914],[-3.688358,40.27732],[-3.688358,40.277562],[-3.688392,40.277818],[-3.688455,40.27805],[-3.688547,40.278283],[-3.68868,40.278505],[-3.68883,40.278695],[-3.689774,40.279547],[-3.690177,40.279894],[-3.69041,40.28021],[-3.690522,40.280471],[-3.690611,40.280795],[-3.690716,40.281672],[-3.690778,40.282912],[-3.690895,40.284381],[-3.690979,40.284594],[-3.691036,40.285662],[-3.691065,40.286812],[-3.691061,40.287253],[-3.691296,40.295095],[-3.691377,40.298911],[-3.691489,40.30159],[-3.691568,40.303171],[-3.691705,40.308169],[-3.691761,40.309211],[-3.691773,40.309989],[-3.691839,40.312565],[-3.691838,40.31315],[-3.691931,40.315174],[-3.691975,40.316882],[-3.692087,40.319642],[-3.692053,40.320466],[-3.692026,40.320694],[-3.691815,40.321903],[-3.691567,40.322811],[-3.691086,40.324367],[-3.690724,40.325296],[-3.690523,40.325698],[-3.690287,40.326098],[-3.689922,40.326623],[-3.689294,40.327401],[-3.688583,40.32814],[-3.687825,40.328819],[-3.687379,40.329167],[-3.686966,40.329476],[-3.68643,40.329817],[-3.686062,40.330051],[-3.685204,40.330545],[-3.684865,40.330719],[-3.684049,40.331092],[-3.683558,40.331297],[-3.682122,40.331851],[-3.681476,40.332122],[-3.680859,40.332416],[-3.679733,40.332992],[-3.67827,40.333934],[-3.677584,40.334464],[-3.67677,40.335139],[-3.676226,40.335679],[-3.675608,40.33633],[-3.674641,40.337589],[-3.674109,40.33846],[-3.673883,40.338881],[-3.67329,40.340198],[-3.673147,40.340622],[-3.672899,40.341514],[-3.672785,40.342194],[-3.672691,40.342915],[-3.672656,40.343525],[-3.672647,40.344148],[-3.67271,40.345055],[-3.672844,40.345886],[-3.672955,40.346383],[-3.673198,40.347229],[-3.673404,40.347866],[-3.674075,40.349211],[-3.674776,40.350435],[-3.675538,40.351579],[-3.675938,40.352125],[-3.676073,40.352284],[-3.67652,40.352736],[-3.676798,40.352959],[-3.677684,40.353602],[-3.677999,40.353846],[-3.678227,40.354055],[-3.678452,40.354294],[-3.67864,40.354516],[-3.678861,40.354837],[-3.679006,40.355095],[-3.679141,40.355396],[-3.679251,40.355724],[-3.679316,40.35601],[-3.679347,40.356264],[-3.67935,40.356716],[-3.679314,40.357027],[-3.679197,40.357468],[-3.679076,40.357746],[-3.678814,40.358279],[-3.678784,40.358329],[-3.678602,40.358695],[-3.678107,40.359402],[-3.677959,40.359617],[-3.67769,40.360091],[-3.677593,40.360334],[-3.677557,40.360483],[-3.67751,40.360768],[-3.677525,40.361222],[-3.677594,40.361565],[-3.67767,40.361826],[-3.677796,40.362222],[-3.677956,40.362724],[-3.678013,40.363042],[-3.678096,40.36464],[-3.678248,40.367222],[-3.678338,40.367878],[-3.678497,40.368643],[-3.678726,40.369443],[-3.679127,40.370461],[-3.679427,40.371071],[-3.679816,40.371796],[-3.680322,40.372577],[-3.680925,40.373377],[-3.682063,40.374684],[-3.682609,40.375291],[-3.68337,40.376105],[-3.684,40.37682],[-3.684662,40.377608],[-3.685077,40.378166],[-3.685606,40.378957],[-3.686447,40.380248],[-3.686611,40.380503],[-3.686929,40.380981],[-3.687086,40.381218],[-3.687333,40.381563],[-3.687575,40.381791],[-3.687786,40.381955],[-3.688191,40.382228],[-3.688848,40.382561],[-3.689352,40.382764],[-3.689668,40.382881],[-3.690125,40.383093],[-3.690525,40.383307],[-3.690992,40.383588],[-3.691425,40.383882],[-3.691801,40.38418],[-3.692031,40.384378],[-3.692102,40.384471],[-3.693651,40.385725],[-3.694662,40.386554],[-3.696026,40.387683],[-3.697141,40.388671],[-3.698673,40.390184],[-3.701566,40.393316],[-3.701915,40.393688],[-3.702516,40.394285],[-3.702585,40.39433],[-3.703632,40.395012],[-3.704597,40.395404],[-3.705794,40.395771],[-3.707506,40.396295],[-3.709,40.396837],[-3.709779,40.39717],[-3.710739,40.397895],[-3.710911,40.39808],[-3.711056,40.398301],[-3.711129,40.398568],[-3.71116,40.399114],[-3.711195,40.39935],[-3.711364,40.399671],[-3.71164,40.399863],[-3.712126,40.400161],[-3.712518,40.400353],[-3.712671,40.400411],[-3.712881,40.400465],[-3.713024,40.40048],[-3.713536,40.400483],[-3.713798,40.400542],[-3.714051,40.400623],[-3.714004,40.400681],[-3.713976,40.400757],[-3.713986,40.400842],[-3.714038,40.400934],[-3.714065,40.400953],[-3.714085,40.401105],[-3.714065,40.401241],[-3.713122,40.403286],[-3.712858,40.403861],[-3.712432,40.404707],[-3.711769,40.406186],[-3.711625,40.406314],[-3.711552,40.406358],[-3.71151,40.406389],[-3.711456,40.406506],[-3.711337,40.406579],[-3.711272,40.406685],[-3.711264,40.406736],[-3.711281,40.406819],[-3.711332,40.406893],[-3.711401,40.406945],[-3.711486,40.40698],[-3.711581,40.406995],[-3.711678,40.406989],[-3.711778,40.407056],[-3.711854,40.40714],[-3.712263,40.40767],[-3.712484,40.40796],[-3.713017,40.408632],[-3.713167,40.408851],[-3.713237,40.408987],[-3.71342,40.409344],[-3.713735,40.409988],[-3.713832,40.410215],[-3.713839,40.410321],[-3.713776,40.410543],[-3.713763,40.410579],[-3.713794,40.410683],[-3.713933,40.411013],[-3.713842,40.411806],[-3.713813,40.412081],[-3.713715,40.412944],[-3.713703,40.413042],[-3.713675,40.413272],[-3.713546,40.414507],[-3.71351,40.41472],[-3.713474,40.415056],[-3.713374,40.415058],[-3.712495,40.415176],[-3.712235,40.41524],[-3.71103,40.415439],[-3.710489,40.415539],[-3.710293,40.415576],[-3.70954,40.415771],[-3.709419,40.415803],[-3.709348,40.415835],[-3.708988,40.415911],[-3.708857,40.415921],[-3.708683,40.415962],[-3.707956,40.416137],[-3.707691,40.41616],[-3.706996,40.416263],[-3.705769,40.416418],[-3.705109,40.416496],[-3.705087,40.416491],[-3.705065,40.416454]]}},{"type":"Feature","properties":{"routeId":"route-011","originId":"toledo","destinationId":"alcobendas","logicalEndpoints":[[-4.0273,39.8628],[-3.7496,40.4637]],"returnedEndpoints":[[-4.027341,39.862774],[-3.748592,40.464081]],"snapDistancesMeters":[4.539176216240353,95.21955656789504],"summary":{"distanceMeters":99706.6,"durationSeconds":5292.1},"riskSnaps":[{"riskId":"rest-deadline-vehicle-011","kind":"segment","startIndex":805,"endIndex":806,"startCoordinate":[-3.783038,40.348824],"endCoordinate":[-3.780964,40.349828]},{"riskId":"restriction-height-3.9","kind":"point","startIndex":537,"endIndex":537,"startCoordinate":[-3.897481,40.149232],"endCoordinate":[-3.897481,40.149232]}]},"geometry":{"type":"LineString","coordinates":[[-4.027341,39.862774],[-4.027454,39.862881],[-4.027486,39.862934],[-4.027811,39.863744],[-4.02813,39.864556],[-4.028447,39.865391],[-4.028559,39.86567],[-4.028657,39.865908],[-4.028754,39.86617],[-4.02877,39.866209],[-4.028947,39.866676],[-4.029179,39.867269],[-4.029348,39.867728],[-4.02941,39.867931],[-4.029357,39.868087],[-4.02929,39.86811],[-4.029186,39.868187],[-4.028933,39.868106],[-4.028618,39.867979],[-4.027812,39.867643],[-4.027574,39.867509],[-4.02757,39.867481],[-4.027431,39.867397],[-4.027287,39.86735],[-4.027088,39.867335],[-4.026972,39.867374],[-4.026912,39.867454],[-4.026928,39.867495],[-4.026865,39.867706],[-4.026835,39.867759],[-4.026783,39.867795],[-4.025684,39.868213],[-4.02566,39.868209],[-4.025551,39.868225],[-4.025477,39.868288],[-4.025462,39.868329],[-4.025206,39.868414],[-4.025127,39.868443],[-4.024923,39.868513],[-4.024478,39.868661],[-4.024117,39.868755],[-4.023937,39.868778],[-4.022686,39.868818],[-4.021954,39.868842],[-4.021753,39.868862],[-4.021651,39.86887],[-4.021566,39.868851],[-4.02152,39.868796],[-4.021462,39.868763],[-4.021345,39.86874],[-4.021291,39.868745],[-4.021195,39.86878],[-4.02112,39.86886],[-4.021106,39.868908],[-4.021113,39.868972],[-4.020903,39.86927],[-4.020602,39.869814],[-4.020526,39.869884],[-4.020431,39.869954],[-4.02013,39.87012],[-4.019738,39.870366],[-4.019246,39.870774],[-4.019108,39.870867],[-4.018982,39.870935],[-4.018807,39.871002],[-4.018652,39.871043],[-4.018483,39.871067],[-4.018317,39.871069],[-4.017398,39.870978],[-4.017177,39.870939],[-4.017047,39.870895],[-4.016962,39.870815],[-4.016924,39.870723],[-4.016813,39.870576],[-4.016738,39.870514],[-4.016652,39.87046],[-4.016454,39.870384],[-4.016253,39.870355],[-4.016048,39.870367],[-4.015856,39.870421],[-4.015602,39.870568],[-4.015499,39.870729],[-4.015483,39.870755],[-4.015442,39.870949],[-4.015487,39.871143],[-4.015407,39.871337],[-4.015308,39.871434],[-4.015215,39.871475],[-4.015085,39.871514],[-4.014569,39.871547],[-4.014376,39.871576],[-4.014198,39.871639],[-4.014006,39.871758],[-4.013849,39.871997],[-4.013717,39.872755],[-4.013636,39.872973],[-4.013511,39.873149],[-4.013301,39.873346],[-4.013137,39.87345],[-4.012855,39.873555],[-4.01258,39.873628],[-4.012308,39.873658],[-4.01171,39.873667],[-4.010583,39.873715],[-4.009476,39.873831],[-4.008729,39.873957],[-4.007848,39.874153],[-4.006958,39.87438],[-4.006348,39.874515],[-4.005621,39.874616],[-4.00504,39.874669],[-4.003982,39.874792],[-4.003188,39.874921],[-4.002177,39.875174],[-4.001634,39.875342],[-4.000954,39.875583],[-4.000252,39.875859],[-3.999566,39.876162],[-3.998252,39.876812],[-3.996669,39.87768],[-3.995549,39.878299],[-3.994266,39.878926],[-3.993868,39.879101],[-3.993059,39.879415],[-3.99192,39.879803],[-3.990845,39.88009],[-3.989877,39.880311],[-3.988881,39.880479],[-3.985332,39.880959],[-3.984203,39.881166],[-3.982892,39.881478],[-3.98133,39.881963],[-3.980788,39.882156],[-3.980006,39.882468],[-3.97895,39.882957],[-3.97795,39.883496],[-3.977549,39.88373],[-3.976573,39.884358],[-3.975949,39.88481],[-3.975556,39.88512],[-3.974968,39.885604],[-3.974433,39.886095],[-3.973823,39.88671],[-3.973217,39.887376],[-3.972442,39.888269],[-3.971956,39.888793],[-3.971711,39.889038],[-3.971092,39.889581],[-3.970547,39.890002],[-3.970068,39.890336],[-3.969358,39.890763],[-3.967556,39.891701],[-3.967083,39.891962],[-3.966337,39.892438],[-3.965686,39.892915],[-3.965012,39.893484],[-3.964223,39.894307],[-3.963886,39.894728],[-3.963609,39.895109],[-3.963288,39.895607],[-3.963098,39.895948],[-3.962891,39.896362],[-3.962711,39.896785],[-3.962264,39.897904],[-3.961668,39.899302],[-3.961411,39.899839],[-3.961049,39.900511],[-3.96058,39.901304],[-3.960142,39.901963],[-3.959684,39.902596],[-3.959277,39.903114],[-3.958849,39.903627],[-3.958444,39.904079],[-3.957923,39.90463],[-3.957381,39.905164],[-3.956539,39.905921],[-3.95553,39.906744],[-3.954861,39.907237],[-3.954351,39.907591],[-3.953339,39.908243],[-3.952541,39.908715],[-3.951832,39.9091],[-3.951194,39.909425],[-3.947871,39.911025],[-3.947419,39.911266],[-3.946906,39.911569],[-3.946239,39.911998],[-3.945247,39.912715],[-3.944541,39.913307],[-3.944081,39.91373],[-3.94359,39.914228],[-3.942703,39.915191],[-3.941781,39.916187],[-3.941354,39.916595],[-3.940639,39.917214],[-3.939585,39.918014],[-3.939224,39.918255],[-3.938409,39.918761],[-3.93761,39.919197],[-3.936673,39.919637],[-3.935829,39.919996],[-3.935442,39.920146],[-3.934607,39.92043],[-3.933859,39.920652],[-3.933061,39.920858],[-3.932108,39.921064],[-3.930922,39.921264],[-3.929792,39.921384],[-3.92881,39.921445],[-3.927315,39.921491],[-3.926828,39.921492],[-3.926367,39.921474],[-3.92537,39.921528],[-3.924611,39.9216],[-3.923887,39.921683],[-3.922952,39.921842],[-3.922092,39.922011],[-3.921368,39.922187],[-3.919935,39.92254],[-3.919046,39.922756],[-3.918124,39.922918],[-3.917481,39.923013],[-3.916699,39.923094],[-3.916068,39.923133],[-3.915377,39.923167],[-3.913885,39.923206],[-3.912526,39.92328],[-3.911536,39.923378],[-3.911104,39.923433],[-3.909973,39.923601],[-3.90865,39.923835],[-3.907362,39.92413],[-3.905932,39.924541],[-3.904654,39.924991],[-3.904087,39.925222],[-3.902926,39.925734],[-3.902342,39.926015],[-3.901978,39.926208],[-3.900804,39.926879],[-3.900186,39.927257],[-3.899224,39.927933],[-3.898237,39.928705],[-3.897802,39.929082],[-3.897046,39.92979],[-3.89669,39.930145],[-3.895878,39.931012],[-3.894463,39.932604],[-3.89366,39.933438],[-3.893121,39.933945],[-3.892648,39.934362],[-3.892114,39.934799],[-3.891333,39.935402],[-3.89074,39.935822],[-3.890239,39.93615],[-3.88925,39.936754],[-3.888747,39.937037],[-3.888187,39.937326],[-3.887571,39.937631],[-3.88681,39.937981],[-3.88447,39.939021],[-3.883121,39.939666],[-3.882445,39.940014],[-3.881827,39.940359],[-3.881023,39.940838],[-3.880442,39.941206],[-3.879457,39.941886],[-3.878654,39.942496],[-3.877915,39.943103],[-3.87721,39.943734],[-3.876613,39.944309],[-3.875997,39.944952],[-3.875456,39.945566],[-3.875058,39.946055],[-3.874746,39.94646],[-3.874102,39.947359],[-3.873567,39.948205],[-3.873223,39.948811],[-3.872752,39.949745],[-3.87237,39.950571],[-3.872026,39.951505],[-3.871682,39.95264],[-3.871406,39.953614],[-3.871335,39.953932],[-3.870977,39.955199],[-3.870896,39.955449],[-3.870689,39.956084],[-3.870211,39.957196],[-3.869955,39.957728],[-3.869774,39.958067],[-3.869187,39.959065],[-3.867537,39.9615],[-3.86748,39.961586],[-3.867283,39.961879],[-3.86665,39.962838],[-3.866098,39.963788],[-3.865711,39.964524],[-3.865387,39.965195],[-3.864855,39.966457],[-3.864617,39.967126],[-3.864399,39.96779],[-3.864207,39.968467],[-3.863957,39.969511],[-3.863777,39.970487],[-3.863709,39.970955],[-3.863645,39.971442],[-3.86357,39.972481],[-3.863547,39.973033],[-3.863552,39.97402],[-3.86357,39.974527],[-3.863649,39.975545],[-3.863731,39.976159],[-3.863937,39.977368],[-3.864195,39.978446],[-3.864465,39.979388],[-3.864632,39.979885],[-3.865057,39.981017],[-3.865581,39.982184],[-3.866128,39.983226],[-3.866428,39.983748],[-3.86708,39.984799],[-3.867454,39.985341],[-3.868276,39.986444],[-3.8691,39.987421],[-3.869975,39.988374],[-3.870872,39.989249],[-3.871788,39.990073],[-3.872785,39.990904],[-3.87452,39.992302],[-3.87523,39.992897],[-3.876,39.993595],[-3.876545,39.994142],[-3.877297,39.994965],[-3.877972,39.9958],[-3.8784,39.996394],[-3.87879,39.996975],[-3.879153,39.997581],[-3.879471,39.998162],[-3.879914,39.999074],[-3.88015,39.999652],[-3.880526,40.000734],[-3.88068,40.00127],[-3.880926,40.002389],[-3.881065,40.003354],[-3.881347,40.006879],[-3.881448,40.007641],[-3.881553,40.008246],[-3.881691,40.008921],[-3.881864,40.009629],[-3.882192,40.010696],[-3.882391,40.011255],[-3.88284,40.012344],[-3.883078,40.012873],[-3.88458,40.015971],[-3.885161,40.017278],[-3.885378,40.017821],[-3.885627,40.018465],[-3.886017,40.019626],[-3.886364,40.020836],[-3.886515,40.021458],[-3.886781,40.022757],[-3.88689,40.023453],[-3.886972,40.024059],[-3.887094,40.025348],[-3.88713,40.025997],[-3.887144,40.027405],[-3.887114,40.028167],[-3.88703,40.029302],[-3.886896,40.0304],[-3.886834,40.030823],[-3.88667,40.031741],[-3.886386,40.032989],[-3.886053,40.034173],[-3.885791,40.034971],[-3.885335,40.036204],[-3.88466,40.037754],[-3.884345,40.038393],[-3.88367,40.039633],[-3.883241,40.040366],[-3.882804,40.041055],[-3.882319,40.041771],[-3.881824,40.042463],[-3.880945,40.043603],[-3.879943,40.04477],[-3.879079,40.0457],[-3.878184,40.046593],[-3.877348,40.047374],[-3.876032,40.048499],[-3.875573,40.048872],[-3.874121,40.04996],[-3.873542,40.050369],[-3.872324,40.051191],[-3.869745,40.052864],[-3.868127,40.053948],[-3.867337,40.054504],[-3.866053,40.055472],[-3.864996,40.056339],[-3.864061,40.057179],[-3.862697,40.058521],[-3.861643,40.059643],[-3.860113,40.061322],[-3.859211,40.062324],[-3.85827,40.063329],[-3.857787,40.063817],[-3.856837,40.064736],[-3.856318,40.065206],[-3.855227,40.066137],[-3.854069,40.067052],[-3.853269,40.067641],[-3.852469,40.068202],[-3.851596,40.068778],[-3.850726,40.069325],[-3.849207,40.070208],[-3.847524,40.071125],[-3.845759,40.072044],[-3.845196,40.072359],[-3.844618,40.072717],[-3.844036,40.073116],[-3.843433,40.073568],[-3.842809,40.074076],[-3.84206,40.07477],[-3.841716,40.075125],[-3.840974,40.075974],[-3.840628,40.076428],[-3.840223,40.077019],[-3.83987,40.077583],[-3.839527,40.078218],[-3.839159,40.079034],[-3.838993,40.079452],[-3.838781,40.080123],[-3.838644,40.080638],[-3.838524,40.081204],[-3.838419,40.081869],[-3.838368,40.082454],[-3.838353,40.082895],[-3.838354,40.083555],[-3.838408,40.084241],[-3.838506,40.084936],[-3.838618,40.085483],[-3.838763,40.086054],[-3.838982,40.08673],[-3.839201,40.087292],[-3.839462,40.087881],[-3.840035,40.088952],[-3.840399,40.089548],[-3.840792,40.090153],[-3.841214,40.090744],[-3.842042,40.091797],[-3.842451,40.092267],[-3.842838,40.092691],[-3.843439,40.093304],[-3.844462,40.094249],[-3.845088,40.09478],[-3.84577,40.095315],[-3.84637,40.095758],[-3.847002,40.096191],[-3.847669,40.09662],[-3.84887,40.097329],[-3.849501,40.09767],[-3.850101,40.097974],[-3.850906,40.098357],[-3.852028,40.098841],[-3.853259,40.09932],[-3.854274,40.099666],[-3.855383,40.100006],[-3.856464,40.100293],[-3.857822,40.100591],[-3.858407,40.1007],[-3.860142,40.100975],[-3.861726,40.101137],[-3.862586,40.101199],[-3.864073,40.101265],[-3.86456,40.101267],[-3.865624,40.101266],[-3.868996,40.101223],[-3.869987,40.101239],[-3.871187,40.101301],[-3.872421,40.101411],[-3.873207,40.101509],[-3.874009,40.101628],[-3.875164,40.101838],[-3.876616,40.102162],[-3.877365,40.102356],[-3.878063,40.102567],[-3.879348,40.10299],[-3.880325,40.103363],[-3.881246,40.103753],[-3.882324,40.104264],[-3.882851,40.104532],[-3.883926,40.10513],[-3.885034,40.105821],[-3.885996,40.106498],[-3.886462,40.106853],[-3.887403,40.107632],[-3.888219,40.108377],[-3.889059,40.109248],[-3.88974,40.110029],[-3.890362,40.110832],[-3.890982,40.111734],[-3.891529,40.112641],[-3.89205,40.113656],[-3.892512,40.114728],[-3.892687,40.115209],[-3.893016,40.116277],[-3.893245,40.117236],[-3.89344,40.118529],[-3.89351,40.119449],[-3.893521,40.120344],[-3.893504,40.120852],[-3.893413,40.12185],[-3.893358,40.122274],[-3.893216,40.123071],[-3.892985,40.124019],[-3.892839,40.124509],[-3.891798,40.127644],[-3.89142,40.128953],[-3.891257,40.129577],[-3.891108,40.130296],[-3.890943,40.13136],[-3.890882,40.131931],[-3.890808,40.133008],[-3.890793,40.134072],[-3.890808,40.134628],[-3.89088,40.13562],[-3.890998,40.136655],[-3.891165,40.137606],[-3.89136,40.138523],[-3.891577,40.139338],[-3.891831,40.140159],[-3.89232,40.141481],[-3.892654,40.142258],[-3.893005,40.143011],[-3.893445,40.143833],[-3.893896,40.144622],[-3.894437,40.145472],[-3.895039,40.146335],[-3.895677,40.14718],[-3.896405,40.148056],[-3.897481,40.149232],[-3.898543,40.150262],[-3.899225,40.150871],[-3.90001,40.15153],[-3.900882,40.152205],[-3.901601,40.152732],[-3.902921,40.153617],[-3.903532,40.154002],[-3.904218,40.154408],[-3.905563,40.155139],[-3.90735,40.156008],[-3.908385,40.156454],[-3.909145,40.156763],[-3.910898,40.157401],[-3.91208,40.157802],[-3.913987,40.158451],[-3.914915,40.158807],[-3.915922,40.159247],[-3.916805,40.159689],[-3.917378,40.160003],[-3.917973,40.16036],[-3.918629,40.160786],[-3.919123,40.161136],[-3.920009,40.161834],[-3.920653,40.162402],[-3.921305,40.163038],[-3.921856,40.163649],[-3.92241,40.164334],[-3.922788,40.164857],[-3.923313,40.16568],[-3.923548,40.166091],[-3.923746,40.166482],[-3.924089,40.167268],[-3.924394,40.168069],[-3.924531,40.168481],[-3.924729,40.169264],[-3.924917,40.170376],[-3.924989,40.171527],[-3.924986,40.171958],[-3.924932,40.1728],[-3.924862,40.173351],[-3.924679,40.174276],[-3.924548,40.174775],[-3.924259,40.175667],[-3.923916,40.17648],[-3.923707,40.176919],[-3.923489,40.177319],[-3.922829,40.178393],[-3.922493,40.178874],[-3.922138,40.179333],[-3.921639,40.179918],[-3.921217,40.180371],[-3.920444,40.181111],[-3.9196,40.181821],[-3.919224,40.182108],[-3.918862,40.182373],[-3.918139,40.182857],[-3.91769,40.18313],[-3.916822,40.183623],[-3.916402,40.183835],[-3.915589,40.184228],[-3.914598,40.184643],[-3.913836,40.184923],[-3.910543,40.186046],[-3.909785,40.186327],[-3.908428,40.186879],[-3.906871,40.187614],[-3.905866,40.188144],[-3.904926,40.188679],[-3.903623,40.18951],[-3.90274,40.190127],[-3.902209,40.190529],[-3.901206,40.191347],[-3.900672,40.191813],[-3.900031,40.192413],[-3.899408,40.193039],[-3.898828,40.193668],[-3.898274,40.194306],[-3.897767,40.194953],[-3.897297,40.195589],[-3.896928,40.196133],[-3.89658,40.196662],[-3.896002,40.197675],[-3.895453,40.198751],[-3.894979,40.199876],[-3.894768,40.200467],[-3.894589,40.201044],[-3.894422,40.20168],[-3.894127,40.203052],[-3.894006,40.203761],[-3.89391,40.204395],[-3.893651,40.206535],[-3.893443,40.207799],[-3.893155,40.209025],[-3.892623,40.210587],[-3.892075,40.21183],[-3.891565,40.212766],[-3.891162,40.213431],[-3.89094,40.213756],[-3.890424,40.214489],[-3.889892,40.215206],[-3.888911,40.216391],[-3.888574,40.216747],[-3.888302,40.217048],[-3.887675,40.217771],[-3.886579,40.219115],[-3.88558,40.220458],[-3.885171,40.221064],[-3.884751,40.221718],[-3.883674,40.223701],[-3.882155,40.227144],[-3.881358,40.228655],[-3.879995,40.23155],[-3.87976,40.231847],[-3.879124,40.232549],[-3.878401,40.233238],[-3.877505,40.234006],[-3.876606,40.234647],[-3.875256,40.23558],[-3.874291,40.236345],[-3.873944,40.23668],[-3.87355,40.237096],[-3.873176,40.237532],[-3.87287,40.237914],[-3.872597,40.238302],[-3.872317,40.238761],[-3.87185,40.239683],[-3.871486,40.24067],[-3.871364,40.241232],[-3.871258,40.241865],[-3.871213,40.243096],[-3.871289,40.243794],[-3.871449,40.24463],[-3.871594,40.245136],[-3.871807,40.245708],[-3.872088,40.246332],[-3.872433,40.246947],[-3.872706,40.247363],[-3.873331,40.248153],[-3.873574,40.24843],[-3.874182,40.24904],[-3.874716,40.249492],[-3.875126,40.249816],[-3.875593,40.250146],[-3.876198,40.250523],[-3.876944,40.250935],[-3.877743,40.251308],[-3.879296,40.251925],[-3.881154,40.252725],[-3.882043,40.253183],[-3.882459,40.253426],[-3.883125,40.253832],[-3.884016,40.254456],[-3.884746,40.255036],[-3.885696,40.255908],[-3.886328,40.25661],[-3.886931,40.257345],[-3.887412,40.258028],[-3.88777,40.258617],[-3.888273,40.259586],[-3.888639,40.260475],[-3.888807,40.261027],[-3.889076,40.261987],[-3.88923,40.263004],[-3.889285,40.263858],[-3.889257,40.264542],[-3.889119,40.265377],[-3.888978,40.265865],[-3.888652,40.266649],[-3.888422,40.267112],[-3.888046,40.267745],[-3.886888,40.26947],[-3.885105,40.272185],[-3.884554,40.272952],[-3.884127,40.273434],[-3.883706,40.273822],[-3.883216,40.274212],[-3.882499,40.274679],[-3.88188,40.275011],[-3.880349,40.27562],[-3.877084,40.276592],[-3.874787,40.277379],[-3.873482,40.277935],[-3.871929,40.278669],[-3.868054,40.280744],[-3.86584,40.28191],[-3.864504,40.282663],[-3.863011,40.283626],[-3.861638,40.284699],[-3.860523,40.285734],[-3.86,40.286288],[-3.859358,40.28703],[-3.858655,40.287946],[-3.858261,40.288503],[-3.85702,40.290345],[-3.853482,40.295758],[-3.851886,40.298078],[-3.851207,40.298976],[-3.850714,40.299593],[-3.849038,40.301598],[-3.848497,40.3022],[-3.847991,40.302716],[-3.847629,40.303061],[-3.846857,40.303695],[-3.846527,40.303932],[-3.845877,40.304343],[-3.845479,40.304562],[-3.844799,40.304888],[-3.844088,40.305174],[-3.843451,40.305396],[-3.843076,40.305511],[-3.842493,40.305669],[-3.841814,40.305815],[-3.841176,40.305927],[-3.837804,40.306457],[-3.836583,40.306703],[-3.835461,40.306992],[-3.834083,40.307446],[-3.832791,40.307994],[-3.831963,40.308421],[-3.830302,40.3094],[-3.828508,40.310485],[-3.826365,40.311833],[-3.825336,40.312559],[-3.824459,40.313255],[-3.823596,40.314047],[-3.822492,40.315258],[-3.821867,40.316138],[-3.821004,40.317554],[-3.820685,40.318162],[-3.818195,40.322932],[-3.816386,40.326533],[-3.815783,40.327694],[-3.815539,40.328102],[-3.814924,40.329299],[-3.814425,40.330152],[-3.813966,40.33083],[-3.813264,40.331671],[-3.812754,40.332223],[-3.812544,40.332424],[-3.811824,40.333039],[-3.811262,40.333468],[-3.810552,40.333934],[-3.809785,40.33438],[-3.808903,40.334806],[-3.808029,40.335171],[-3.807325,40.33544],[-3.806709,40.335624],[-3.805661,40.335941],[-3.801764,40.336984],[-3.80043,40.337457],[-3.799543,40.337838],[-3.799174,40.337998],[-3.798412,40.338396],[-3.797408,40.339053],[-3.797027,40.339303],[-3.792616,40.342706],[-3.789622,40.344918],[-3.787736,40.346202],[-3.787099,40.346619],[-3.786443,40.347018],[-3.786177,40.347176],[-3.78593,40.347323],[-3.785683,40.347469],[-3.785299,40.347697],[-3.785122,40.347802],[-3.784945,40.347907],[-3.784661,40.348075],[-3.783038,40.348824],[-3.780964,40.349828],[-3.780714,40.349951],[-3.778447,40.351035],[-3.777721,40.351409],[-3.776845,40.351817],[-3.775291,40.352427],[-3.773458,40.353007],[-3.772466,40.353264],[-3.77147,40.353473],[-3.770716,40.353603],[-3.769812,40.353725],[-3.769605,40.353749],[-3.768234,40.353873],[-3.764086,40.354138],[-3.763285,40.354201],[-3.762508,40.354282],[-3.761811,40.354382],[-3.7611,40.354508],[-3.758644,40.355031],[-3.757241,40.355352],[-3.756045,40.355681],[-3.755158,40.355998],[-3.754463,40.35629],[-3.753823,40.35661],[-3.753391,40.356849],[-3.752863,40.357194],[-3.752351,40.357555],[-3.751594,40.358158],[-3.751033,40.358631],[-3.750382,40.35913],[-3.749742,40.359572],[-3.749077,40.359939],[-3.748643,40.360139],[-3.748012,40.36039],[-3.747264,40.360626],[-3.745988,40.360928],[-3.745011,40.361143],[-3.744487,40.361245],[-3.743928,40.361299],[-3.74332,40.36131],[-3.741538,40.361257],[-3.740897,40.361286],[-3.74012,40.361404],[-3.739612,40.361511],[-3.738794,40.361653],[-3.738417,40.361705],[-3.736979,40.361826],[-3.736088,40.361927],[-3.735323,40.362045],[-3.73398,40.362345],[-3.733705,40.362419],[-3.733208,40.362628],[-3.731909,40.362994],[-3.731101,40.3632],[-3.727375,40.364025],[-3.726205,40.364241],[-3.725069,40.364415],[-3.723876,40.364556],[-3.722673,40.364655],[-3.722459,40.364665],[-3.721109,40.364718],[-3.720233,40.364729],[-3.71978,40.364724],[-3.718681,40.364698],[-3.717774,40.364646],[-3.71671,40.364558],[-3.715067,40.364373],[-3.713413,40.36416],[-3.712492,40.364075],[-3.710415,40.363979],[-3.710057,40.363963],[-3.706971,40.363805],[-3.706217,40.363731],[-3.704834,40.363558],[-3.704161,40.363502],[-3.703478,40.363479],[-3.70283,40.363477],[-3.702192,40.36352],[-3.701544,40.363598],[-3.700896,40.363703],[-3.699406,40.364027],[-3.698788,40.364141],[-3.698243,40.364229],[-3.697417,40.364344],[-3.696715,40.364399],[-3.696011,40.364427],[-3.694749,40.364436],[-3.693782,40.364417],[-3.693175,40.364375],[-3.692226,40.364304],[-3.691543,40.364232],[-3.690929,40.364142],[-3.690315,40.364029],[-3.689466,40.363827],[-3.688693,40.363595],[-3.688063,40.363382],[-3.685909,40.36263],[-3.684546,40.362137],[-3.683719,40.361848],[-3.682286,40.36134],[-3.681618,40.361115],[-3.681277,40.360995],[-3.680454,40.36077],[-3.679771,40.360671],[-3.678933,40.36071],[-3.678612,40.360787],[-3.67838,40.360891],[-3.678288,40.360945],[-3.678088,40.361109],[-3.677989,40.361218],[-3.677902,40.361348],[-3.677816,40.36155],[-3.677789,40.361668],[-3.677784,40.361828],[-3.677808,40.362025],[-3.677863,40.362209],[-3.677921,40.362457],[-3.677956,40.362724],[-3.678013,40.363042],[-3.678096,40.36464],[-3.678248,40.367222],[-3.678338,40.367878],[-3.678497,40.368643],[-3.678726,40.369443],[-3.679127,40.370461],[-3.679427,40.371071],[-3.679816,40.371796],[-3.680322,40.372577],[-3.680925,40.373377],[-3.682063,40.374684],[-3.682609,40.375291],[-3.68337,40.376105],[-3.684,40.37682],[-3.684662,40.377608],[-3.685077,40.378166],[-3.685606,40.378957],[-3.686447,40.380248],[-3.686611,40.380503],[-3.686929,40.380981],[-3.687086,40.381218],[-3.687333,40.381563],[-3.687575,40.381791],[-3.687786,40.381955],[-3.688191,40.382228],[-3.688848,40.382561],[-3.689352,40.382764],[-3.689668,40.382881],[-3.690125,40.383093],[-3.690525,40.383307],[-3.690992,40.383588],[-3.691425,40.383882],[-3.691801,40.38418],[-3.692031,40.384378],[-3.692102,40.384471],[-3.693651,40.385725],[-3.694662,40.386554],[-3.696026,40.387683],[-3.697141,40.388671],[-3.698673,40.390184],[-3.701566,40.393316],[-3.701915,40.393688],[-3.702516,40.394285],[-3.702585,40.39433],[-3.703632,40.395012],[-3.704597,40.395404],[-3.705794,40.395771],[-3.707506,40.396295],[-3.709,40.396837],[-3.709779,40.39717],[-3.710881,40.397814],[-3.71129,40.398028],[-3.712535,40.39889],[-3.713144,40.399335],[-3.713638,40.399646],[-3.71423,40.399906],[-3.715809,40.400226],[-3.716838,40.400289],[-3.718143,40.400167],[-3.719061,40.400152],[-3.719399,40.400172],[-3.71973,40.40024],[-3.720285,40.400401],[-3.720671,40.400561],[-3.72114,40.400854],[-3.721363,40.401089],[-3.721525,40.401306],[-3.721676,40.401551],[-3.72177,40.401769],[-3.721824,40.401947],[-3.721931,40.402482],[-3.722226,40.404007],[-3.722329,40.40463],[-3.722345,40.404798],[-3.722251,40.405659],[-3.722072,40.406397],[-3.721785,40.407046],[-3.721402,40.407992],[-3.721384,40.408706],[-3.721442,40.409376],[-3.721658,40.409906],[-3.72209,40.411198],[-3.722461,40.412172],[-3.722542,40.412501],[-3.722591,40.412812],[-3.722583,40.413174],[-3.722505,40.413488],[-3.722365,40.413759],[-3.722314,40.413994],[-3.722328,40.414325],[-3.722398,40.414633],[-3.722446,40.415139],[-3.722416,40.415591],[-3.722354,40.415993],[-3.721691,40.418099],[-3.721605,40.418475],[-3.721557,40.418894],[-3.721555,40.419282],[-3.721618,40.419727],[-3.721704,40.420051],[-3.721888,40.420395],[-3.72211,40.420708],[-3.722475,40.420969],[-3.722879,40.421174],[-3.725652,40.422336],[-3.726848,40.422758],[-3.727997,40.423174],[-3.728402,40.423357],[-3.728877,40.423628],[-3.7336,40.426503],[-3.734015,40.42679],[-3.734338,40.427109],[-3.736582,40.429838],[-3.736791,40.430155],[-3.736971,40.430576],[-3.7371,40.430996],[-3.737552,40.432425],[-3.737772,40.433108],[-3.737998,40.433801],[-3.738191,40.434464],[-3.738243,40.434848],[-3.738233,40.435226],[-3.738188,40.435573],[-3.737994,40.436295],[-3.737776,40.437205],[-3.737744,40.437637],[-3.737766,40.437886],[-3.737854,40.438347],[-3.737919,40.438558],[-3.738436,40.439538],[-3.738621,40.439932],[-3.738721,40.440193],[-3.738799,40.440465],[-3.738893,40.441082],[-3.739001,40.442194],[-3.7391,40.442778],[-3.739789,40.445865],[-3.740043,40.446549],[-3.741033,40.448348],[-3.741225,40.448787],[-3.741451,40.449446],[-3.741676,40.450011],[-3.741847,40.4503],[-3.74305,40.452017],[-3.74328,40.452431],[-3.743385,40.45275],[-3.743453,40.453124],[-3.74344,40.453808],[-3.743377,40.454686],[-3.743425,40.455152],[-3.74357,40.455618],[-3.74377,40.456027],[-3.744465,40.457243],[-3.744783,40.457859],[-3.744964,40.458313],[-3.745088,40.45889],[-3.745172,40.459356],[-3.745268,40.459701],[-3.745477,40.460281],[-3.745544,40.460418],[-3.745799,40.460825],[-3.745962,40.461035],[-3.746301,40.461422],[-3.747013,40.462189],[-3.747369,40.4626],[-3.74796,40.463441],[-3.748518,40.464279],[-3.748758,40.464718],[-3.748937,40.465148],[-3.749138,40.465798],[-3.749227,40.46617],[-3.749354,40.466644],[-3.74934,40.466891],[-3.749477,40.467473],[-3.749487,40.467827],[-3.74947,40.468479],[-3.749486,40.468673],[-3.749519,40.468744],[-3.749557,40.468784],[-3.749658,40.468839],[-3.749767,40.468842],[-3.750136,40.46879],[-3.750222,40.468764],[-3.750303,40.468728],[-3.750378,40.468613],[-3.750381,40.468548],[-3.749912,40.467654],[-3.749766,40.467264],[-3.749643,40.467027],[-3.749546,40.466613],[-3.749341,40.465838],[-3.749117,40.465126],[-3.748919,40.464649],[-3.748659,40.464183],[-3.748592,40.464081]]}},{"type":"Feature","properties":{"routeId":"route-012","originId":"santander","destinationId":"madrid","logicalEndpoints":[[-1.9812,43.3183],[-3.7038,40.4168]],"returnedEndpoints":[[-1.981635,43.318139],[-3.705065,40.416454]],"snapDistancesMeters":[39.48357982280978,113.79408158125304],"summary":{"distanceMeters":457243.8,"durationSeconds":25376.2},"riskSnaps":[{"riskId":"rest-deadline-vehicle-012","kind":"segment","startIndex":3409,"endIndex":3410,"startCoordinate":[-3.678155,41.451005],"endCoordinate":[-3.678306,41.450561]},{"riskId":"restriction-weight-26","kind":"point","startIndex":2272,"endIndex":2272,"startCoordinate":[-3.561853,42.400854],"endCoordinate":[-3.561853,42.400854]}]},"geometry":{"type":"LineString","coordinates":[[-1.981635,43.318139],[-1.982501,43.319378],[-1.982543,43.319438],[-1.98328,43.319162],[-1.983999,43.318892],[-1.984054,43.318859],[-1.984073,43.31881],[-1.984044,43.318769],[-1.983994,43.318699],[-1.983591,43.31813],[-1.983258,43.31766],[-1.982883,43.317132],[-1.982496,43.316562],[-1.982105,43.316002],[-1.981812,43.315583],[-1.981588,43.315262],[-1.981045,43.314484],[-1.980512,43.31373],[-1.98047,43.31367],[-1.980329,43.313468],[-1.980269,43.313321],[-1.980259,43.313191],[-1.980392,43.31238],[-1.98042,43.312197],[-1.980426,43.312161],[-1.980448,43.311825],[-1.980421,43.311584],[-1.980379,43.311324],[-1.980091,43.309868],[-1.979805,43.30843],[-1.979669,43.30778],[-1.979715,43.307619],[-1.979806,43.307422],[-1.979876,43.307234],[-1.979862,43.307159],[-1.979825,43.307094],[-1.97974,43.307029],[-1.979681,43.306994],[-1.979495,43.306788],[-1.979442,43.30664],[-1.979404,43.306584],[-1.979374,43.306451],[-1.97923,43.305622],[-1.979119,43.305149],[-1.978844,43.303784],[-1.978707,43.303222],[-1.97863,43.302629],[-1.978652,43.302286],[-1.978646,43.30204],[-1.978632,43.301859],[-1.978685,43.301438],[-1.978784,43.30107],[-1.97896,43.300619],[-1.97913,43.30034],[-1.979342,43.300076],[-1.979606,43.299819],[-1.97991,43.299586],[-1.980075,43.29948],[-1.98043,43.299289],[-1.980683,43.299172],[-1.981095,43.299014],[-1.981412,43.298915],[-1.981683,43.298834],[-1.983247,43.29848],[-1.983385,43.298389],[-1.98542,43.297791],[-1.985829,43.297706],[-1.986644,43.297597],[-1.987421,43.297562],[-1.987794,43.297575],[-1.989546,43.297727],[-1.990411,43.297762],[-1.991276,43.297723],[-1.992068,43.29762],[-1.992841,43.297456],[-1.993531,43.297265],[-1.9943,43.296924],[-1.994999,43.296576],[-1.995603,43.296266],[-1.9961,43.296041],[-1.996461,43.295915],[-1.99684,43.29582],[-1.997233,43.29576],[-1.997632,43.295736],[-1.998032,43.295752],[-1.998413,43.295804],[-1.998767,43.295888],[-1.999105,43.296001],[-1.999572,43.296225],[-1.99998,43.296501],[-2.000459,43.296933],[-2.00104,43.297473],[-2.001426,43.29777],[-2.001754,43.29799],[-2.002076,43.298181],[-2.002705,43.298481],[-2.003046,43.298615],[-2.00337,43.298728],[-2.003761,43.29884],[-2.004306,43.298952],[-2.004767,43.299027],[-2.005444,43.299082],[-2.005763,43.299091],[-2.006111,43.299081],[-2.00682,43.299018],[-2.007129,43.298975],[-2.007412,43.298915],[-2.007731,43.298846],[-2.008053,43.298755],[-2.00856,43.298577],[-2.009051,43.298362],[-2.009517,43.29811],[-2.010113,43.297669],[-2.01097,43.296923],[-2.011512,43.296467],[-2.012022,43.296093],[-2.012649,43.295709],[-2.013236,43.295414],[-2.013518,43.295294],[-2.01417,43.295047],[-2.015409,43.294612],[-2.015792,43.294436],[-2.016221,43.294166],[-2.016468,43.293957],[-2.016675,43.293732],[-2.016911,43.293374],[-2.01702,43.293121],[-2.017081,43.292644],[-2.017029,43.291497],[-2.017057,43.291217],[-2.017127,43.290941],[-2.017244,43.290673],[-2.017505,43.290295],[-2.017738,43.290063],[-2.018016,43.289851],[-2.018329,43.289667],[-2.018497,43.289586],[-2.018853,43.28945],[-2.01923,43.289348],[-2.020096,43.289183],[-2.02056,43.28909],[-2.021014,43.288974],[-2.021682,43.288745],[-2.022032,43.288593],[-2.022355,43.288427],[-2.022785,43.288176],[-2.023153,43.287897],[-2.024166,43.287045],[-2.024667,43.286676],[-2.025222,43.286379],[-2.025498,43.286247],[-2.025817,43.286123],[-2.026342,43.285955],[-2.027001,43.28581],[-2.02742,43.285753],[-2.027889,43.28572],[-2.028325,43.285714],[-2.028796,43.285732],[-2.029192,43.285768],[-2.029742,43.285839],[-2.031377,43.28617],[-2.032034,43.286369],[-2.032852,43.286649],[-2.03339,43.286864],[-2.034316,43.287306],[-2.03495,43.287658],[-2.035583,43.288071],[-2.035816,43.288257],[-2.036192,43.288595],[-2.036511,43.288976],[-2.036628,43.289148],[-2.036776,43.289421],[-2.036957,43.289797],[-2.037169,43.290349],[-2.037403,43.290837],[-2.037659,43.291218],[-2.03788,43.291468],[-2.038151,43.291711],[-2.038438,43.291929],[-2.039044,43.292323],[-2.039408,43.292472],[-2.039883,43.292629],[-2.040582,43.292784],[-2.041591,43.29291],[-2.042915,43.293039],[-2.043411,43.293119],[-2.043952,43.293226],[-2.045178,43.293611],[-2.045479,43.293695],[-2.04599,43.293802],[-2.046338,43.29386],[-2.046631,43.293884],[-2.047288,43.293905],[-2.048087,43.293865],[-2.048548,43.293826],[-2.049296,43.29381],[-2.049712,43.29384],[-2.050135,43.293898],[-2.050588,43.294002],[-2.051019,43.294141],[-2.052137,43.294613],[-2.052603,43.294793],[-2.05305,43.294911],[-2.053522,43.294999],[-2.053976,43.295051],[-2.054597,43.295066],[-2.056056,43.294988],[-2.056553,43.29499],[-2.057172,43.29502],[-2.05816,43.295097],[-2.058882,43.295136],[-2.05947,43.295143],[-2.059981,43.295136],[-2.060653,43.29509],[-2.061421,43.294967],[-2.061971,43.29484],[-2.06254,43.294664],[-2.063076,43.294465],[-2.063531,43.294257],[-2.065114,43.293368],[-2.066007,43.292912],[-2.066764,43.292579],[-2.06738,43.292342],[-2.067996,43.29213],[-2.069093,43.291824],[-2.069891,43.291654],[-2.071467,43.291364],[-2.072234,43.291208],[-2.073018,43.291033],[-2.073817,43.290808],[-2.07497,43.290423],[-2.075789,43.290097],[-2.077661,43.289282],[-2.078486,43.288965],[-2.079361,43.288671],[-2.08006,43.288465],[-2.081154,43.288197],[-2.082315,43.287987],[-2.084031,43.287703],[-2.084806,43.287542],[-2.085488,43.287376],[-2.087305,43.286863],[-2.087685,43.286772],[-2.088094,43.286704],[-2.08899,43.286633],[-2.089577,43.286647],[-2.090157,43.286701],[-2.091279,43.286846],[-2.091794,43.28689],[-2.092256,43.286905],[-2.092686,43.286891],[-2.093106,43.286857],[-2.093472,43.286809],[-2.093854,43.286739],[-2.094342,43.286614],[-2.094793,43.286466],[-2.096666,43.285581],[-2.097243,43.285354],[-2.097937,43.285158],[-2.099901,43.284663],[-2.102518,43.283674],[-2.105121,43.283055],[-2.105659,43.282928],[-2.106588,43.282662],[-2.108738,43.282007],[-2.109538,43.281806],[-2.110399,43.28162],[-2.111033,43.281505],[-2.112104,43.281362],[-2.113119,43.281262],[-2.113781,43.281231],[-2.114657,43.281249],[-2.115459,43.281351],[-2.115942,43.281449],[-2.116415,43.281576],[-2.118119,43.282145],[-2.118732,43.282284],[-2.119245,43.282359],[-2.120094,43.282416],[-2.120484,43.282411],[-2.122389,43.282243],[-2.123011,43.282212],[-2.123484,43.282204],[-2.124618,43.282245],[-2.126449,43.282428],[-2.13189,43.282989],[-2.133295,43.283149],[-2.134374,43.283235],[-2.134854,43.283253],[-2.135911,43.283251],[-2.137352,43.283208],[-2.137843,43.283221],[-2.138398,43.28327],[-2.139723,43.283451],[-2.140258,43.283505],[-2.140717,43.283524],[-2.141157,43.283518],[-2.141516,43.283493],[-2.141995,43.283437],[-2.142509,43.283327],[-2.143284,43.2831],[-2.143636,43.282965],[-2.144075,43.282758],[-2.144349,43.28261],[-2.144696,43.282382],[-2.145026,43.282136],[-2.145531,43.281673],[-2.146238,43.280971],[-2.146577,43.28067],[-2.146933,43.280409],[-2.147398,43.280108],[-2.147799,43.279893],[-2.14877,43.279494],[-2.149509,43.279283],[-2.14988,43.279204],[-2.150349,43.279134],[-2.151167,43.279056],[-2.151905,43.279016],[-2.152342,43.279007],[-2.15335,43.279029],[-2.153828,43.279046],[-2.154655,43.279099],[-2.155283,43.279159],[-2.157107,43.279391],[-2.158616,43.279639],[-2.15905,43.279697],[-2.160358,43.279854],[-2.161303,43.279876],[-2.161712,43.279886],[-2.162652,43.27984],[-2.164063,43.279618],[-2.164604,43.279486],[-2.166039,43.279042],[-2.167008,43.27876],[-2.167318,43.278684],[-2.168014,43.278553],[-2.168742,43.278455],[-2.169451,43.278396],[-2.170169,43.27838],[-2.170687,43.278388],[-2.171494,43.278441],[-2.171843,43.27848],[-2.172619,43.2786],[-2.173307,43.278748],[-2.173732,43.278861],[-2.174608,43.279152],[-2.17558,43.279579],[-2.175948,43.279762],[-2.17683,43.280294],[-2.178163,43.281241],[-2.17897,43.281675],[-2.179447,43.281867],[-2.180259,43.28209],[-2.180682,43.282177],[-2.181191,43.282236],[-2.18183,43.282267],[-2.18228,43.282258],[-2.182622,43.282232],[-2.183135,43.282164],[-2.183406,43.282116],[-2.1839,43.281996],[-2.185439,43.281504],[-2.185784,43.281417],[-2.186524,43.281275],[-2.187247,43.281215],[-2.187966,43.28122],[-2.189634,43.281335],[-2.190175,43.281348],[-2.190683,43.281341],[-2.19167,43.281277],[-2.193067,43.281138],[-2.193853,43.281101],[-2.194585,43.281099],[-2.195405,43.281145],[-2.197653,43.281353],[-2.198681,43.281412],[-2.199587,43.281442],[-2.200938,43.281456],[-2.201762,43.28144],[-2.203411,43.281363],[-2.205138,43.28125],[-2.205829,43.28122],[-2.206362,43.281213],[-2.207489,43.28121],[-2.208426,43.281239],[-2.209256,43.281318],[-2.209681,43.281397],[-2.210601,43.281614],[-2.211233,43.281786],[-2.21222,43.282088],[-2.213277,43.282438],[-2.214179,43.282739],[-2.215436,43.283126],[-2.21612,43.283394],[-2.21647,43.283567],[-2.216805,43.283764],[-2.217948,43.284568],[-2.218495,43.284905],[-2.218762,43.285045],[-2.219115,43.285204],[-2.219773,43.285432],[-2.220274,43.285557],[-2.220778,43.285647],[-2.221188,43.285698],[-2.221714,43.285727],[-2.222238,43.285718],[-2.222756,43.285676],[-2.224085,43.285471],[-2.22524,43.2853],[-2.22635,43.285197],[-2.227149,43.285151],[-2.229324,43.285095],[-2.229973,43.285054],[-2.230498,43.285005],[-2.231156,43.284912],[-2.231997,43.284756],[-2.23271,43.284576],[-2.233313,43.284394],[-2.23409,43.284113],[-2.234839,43.283787],[-2.235548,43.283423],[-2.236211,43.283018],[-2.236841,43.282573],[-2.23742,43.2821],[-2.23811,43.281487],[-2.239188,43.280489],[-2.239769,43.280015],[-2.240236,43.27969],[-2.240744,43.279387],[-2.2411,43.279207],[-2.241565,43.279001],[-2.242042,43.278819],[-2.242537,43.278655],[-2.243551,43.278368],[-2.244474,43.278154],[-2.245527,43.277959],[-2.246592,43.277817],[-2.24767,43.277723],[-2.248647,43.277698],[-2.249557,43.277742],[-2.251249,43.277903],[-2.251787,43.277904],[-2.252215,43.277868],[-2.252844,43.277746],[-2.253158,43.277656],[-2.253643,43.277447],[-2.254127,43.277169],[-2.254364,43.276994],[-2.254624,43.276757],[-2.254855,43.276487],[-2.255046,43.2762],[-2.255227,43.275787],[-2.255494,43.274777],[-2.255613,43.274445],[-2.255728,43.274195],[-2.255862,43.273967],[-2.256121,43.273612],[-2.256579,43.273145],[-2.25693,43.27288],[-2.257453,43.272559],[-2.258031,43.272268],[-2.258539,43.272063],[-2.259036,43.271902],[-2.259674,43.271745],[-2.260296,43.271639],[-2.260731,43.27159],[-2.261304,43.271549],[-2.263364,43.271472],[-2.264191,43.271396],[-2.264689,43.271322],[-2.265022,43.271258],[-2.265649,43.2711],[-2.266204,43.27092],[-2.266687,43.270731],[-2.26748,43.270336],[-2.267728,43.27019],[-2.268162,43.2699],[-2.268613,43.26954],[-2.268916,43.269264],[-2.269385,43.268755],[-2.27045,43.267409],[-2.271152,43.266556],[-2.271425,43.266298],[-2.271625,43.266111],[-2.27245,43.265476],[-2.272778,43.265246],[-2.273675,43.264688],[-2.274314,43.264337],[-2.27499,43.264006],[-2.275571,43.263765],[-2.276798,43.263269],[-2.277643,43.262947],[-2.278446,43.262606],[-2.278932,43.262371],[-2.279508,43.262062],[-2.279951,43.261801],[-2.281634,43.260683],[-2.281937,43.260498],[-2.282351,43.260276],[-2.283048,43.259961],[-2.283398,43.259828],[-2.284021,43.259633],[-2.284402,43.259546],[-2.28493,43.259458],[-2.285389,43.259402],[-2.285882,43.259385],[-2.286356,43.259382],[-2.286712,43.259404],[-2.287331,43.259474],[-2.288204,43.259655],[-2.289171,43.259942],[-2.29023,43.260306],[-2.291067,43.26063],[-2.291632,43.260881],[-2.292084,43.261116],[-2.292467,43.261356],[-2.292782,43.261585],[-2.293346,43.262085],[-2.294242,43.263099],[-2.294623,43.263492],[-2.295125,43.263941],[-2.295682,43.264354],[-2.296153,43.264658],[-2.296794,43.265013],[-2.298835,43.266001],[-2.299819,43.266559],[-2.301728,43.26786],[-2.302884,43.268622],[-2.304246,43.26947],[-2.305752,43.270327],[-2.306563,43.270821],[-2.307103,43.2712],[-2.307589,43.271596],[-2.307964,43.27195],[-2.308327,43.272335],[-2.308681,43.272783],[-2.309077,43.273395],[-2.309405,43.274052],[-2.309964,43.275529],[-2.310304,43.276328],[-2.310652,43.277021],[-2.311119,43.277789],[-2.311623,43.278442],[-2.312004,43.27885],[-2.312309,43.279141],[-2.312973,43.279684],[-2.313679,43.280153],[-2.314207,43.280452],[-2.314572,43.280636],[-2.316218,43.281375],[-2.31873,43.282543],[-2.31966,43.282923],[-2.320351,43.283183],[-2.320987,43.283402],[-2.321547,43.283581],[-2.322723,43.28392],[-2.323694,43.284145],[-2.324646,43.284344],[-2.326049,43.284548],[-2.327237,43.284675],[-2.328409,43.284749],[-2.329284,43.284774],[-2.329973,43.284775],[-2.33132,43.284726],[-2.332498,43.284661],[-2.333334,43.284612],[-2.334005,43.284598],[-2.336692,43.2846],[-2.339145,43.28439],[-2.340556,43.284238],[-2.342143,43.28423],[-2.343069,43.284317],[-2.343751,43.284429],[-2.344477,43.284574],[-2.345236,43.284764],[-2.346828,43.285264],[-2.347466,43.285418],[-2.347756,43.285461],[-2.348405,43.285497],[-2.349549,43.285468],[-2.350231,43.285506],[-2.350519,43.285551],[-2.350844,43.285627],[-2.351146,43.285718],[-2.351823,43.285956],[-2.352202,43.286072],[-2.352506,43.286147],[-2.352898,43.286215],[-2.353326,43.286253],[-2.353695,43.286244],[-2.354323,43.28619],[-2.354797,43.286093],[-2.355155,43.285984],[-2.355432,43.285868],[-2.355894,43.285624],[-2.356237,43.285399],[-2.356533,43.285176],[-2.356837,43.2849],[-2.357349,43.28436],[-2.357537,43.284078],[-2.358466,43.282791],[-2.358799,43.282368],[-2.35919,43.28192],[-2.359744,43.281354],[-2.360387,43.280753],[-2.360636,43.280545],[-2.363333,43.278285],[-2.363673,43.277977],[-2.364143,43.27759],[-2.364767,43.276837],[-2.36504,43.27644],[-2.365257,43.276046],[-2.365728,43.275074],[-2.365881,43.2748],[-2.366081,43.274515],[-2.366276,43.274292],[-2.366656,43.273951],[-2.367114,43.273596],[-2.367497,43.273266],[-2.367758,43.273013],[-2.368087,43.272592],[-2.368677,43.271732],[-2.368995,43.271361],[-2.369252,43.271118],[-2.37047,43.270167],[-2.371244,43.26944],[-2.3718,43.268914],[-2.37328,43.267607],[-2.373568,43.267308],[-2.373729,43.267098],[-2.374081,43.26654],[-2.374374,43.266017],[-2.374615,43.265689],[-2.374789,43.26551],[-2.374997,43.265326],[-2.375201,43.265177],[-2.375627,43.264932],[-2.376353,43.26456],[-2.376645,43.264388],[-2.376903,43.26421],[-2.377155,43.263995],[-2.377372,43.263777],[-2.378172,43.262882],[-2.378373,43.262689],[-2.379727,43.261671],[-2.380059,43.261342],[-2.380233,43.261128],[-2.380943,43.260109],[-2.381213,43.259834],[-2.38153,43.25958],[-2.381893,43.259349],[-2.382762,43.258907],[-2.383428,43.258541],[-2.38415,43.258085],[-2.384781,43.257724],[-2.385331,43.257469],[-2.385903,43.257272],[-2.386379,43.257149],[-2.387372,43.256934],[-2.387878,43.256786],[-2.388358,43.256597],[-2.388818,43.256341],[-2.389262,43.255993],[-2.389473,43.255767],[-2.389658,43.255529],[-2.389778,43.255334],[-2.38991,43.255068],[-2.389977,43.254874],[-2.390036,43.254609],[-2.390066,43.254205],[-2.390017,43.253254],[-2.39004,43.25306],[-2.39015,43.252627],[-2.39036,43.252216],[-2.390496,43.252012],[-2.390811,43.251681],[-2.391045,43.251485],[-2.391311,43.251302],[-2.39222,43.250731],[-2.392502,43.250524],[-2.392982,43.250104],[-2.393237,43.249826],[-2.393602,43.249319],[-2.3938,43.24894],[-2.394355,43.24734],[-2.39457,43.246858],[-2.39488,43.246308],[-2.395417,43.245547],[-2.395943,43.244965],[-2.396265,43.244648],[-2.396761,43.244218],[-2.3971,43.24396],[-2.398193,43.243204],[-2.398517,43.242958],[-2.39874,43.242737],[-2.398895,43.242555],[-2.399071,43.242306],[-2.399324,43.241772],[-2.399376,43.241516],[-2.399392,43.241107],[-2.399342,43.240708],[-2.399098,43.239877],[-2.399032,43.239382],[-2.399043,43.239172],[-2.399072,43.238965],[-2.399185,43.238586],[-2.39942,43.23816],[-2.399553,43.237989],[-2.39989,43.237649],[-2.400335,43.237316],[-2.402191,43.236268],[-2.40275,43.23592],[-2.403184,43.235629],[-2.403605,43.235314],[-2.403951,43.235008],[-2.4043,43.234597],[-2.404473,43.234348],[-2.404689,43.233872],[-2.404771,43.233454],[-2.4048,43.233029],[-2.404734,43.232517],[-2.404646,43.232254],[-2.404454,43.231851],[-2.404333,43.23162],[-2.404052,43.231173],[-2.40361,43.230362],[-2.403489,43.230105],[-2.403244,43.229441],[-2.403058,43.22845],[-2.403029,43.228036],[-2.403027,43.227407],[-2.403079,43.226838],[-2.40318,43.225936],[-2.403188,43.225246],[-2.403113,43.224568],[-2.402985,43.223864],[-2.402888,43.223112],[-2.40286,43.222706],[-2.402859,43.222204],[-2.402869,43.2219],[-2.402919,43.221588],[-2.402976,43.221289],[-2.403097,43.220917],[-2.403282,43.220491],[-2.403534,43.220073],[-2.403929,43.219598],[-2.404168,43.219374],[-2.40437,43.21919],[-2.404837,43.218858],[-2.405036,43.218721],[-2.4054,43.218514],[-2.405546,43.21844],[-2.406421,43.217923],[-2.406715,43.217726],[-2.407327,43.21723],[-2.407657,43.216873],[-2.407907,43.216546],[-2.408013,43.216397],[-2.408654,43.215333],[-2.408978,43.214906],[-2.409307,43.214557],[-2.40953,43.214353],[-2.409847,43.21411],[-2.410257,43.21385],[-2.410939,43.213515],[-2.411407,43.213334],[-2.411754,43.213222],[-2.412152,43.213119],[-2.412552,43.213032],[-2.413768,43.212824],[-2.414328,43.212682],[-2.414808,43.212497],[-2.415088,43.212355],[-2.415542,43.212037],[-2.415662,43.211929],[-2.415854,43.211743],[-2.416098,43.211398],[-2.416273,43.211052],[-2.416335,43.210866],[-2.416404,43.210391],[-2.416451,43.209491],[-2.416574,43.209029],[-2.416735,43.208736],[-2.416886,43.208524],[-2.417162,43.208236],[-2.417439,43.20802],[-2.417582,43.207932],[-2.418069,43.207697],[-2.419232,43.207264],[-2.41972,43.207025],[-2.419865,43.206936],[-2.420268,43.20666],[-2.420603,43.206389],[-2.421728,43.205356],[-2.422079,43.205071],[-2.422328,43.204896],[-2.422852,43.204582],[-2.423459,43.204264],[-2.423795,43.204109],[-2.424524,43.20381],[-2.424979,43.203644],[-2.425679,43.203424],[-2.426181,43.203284],[-2.426824,43.203072],[-2.427153,43.202936],[-2.4277,43.202652],[-2.428061,43.202408],[-2.428319,43.202207],[-2.428846,43.201753],[-2.429059,43.201588],[-2.429335,43.201402],[-2.429494,43.201311],[-2.429856,43.201141],[-2.430841,43.200756],[-2.43156,43.200451],[-2.431872,43.200256],[-2.432145,43.200052],[-2.432489,43.199834],[-2.43269,43.199638],[-2.432904,43.199414],[-2.433525,43.198685],[-2.433739,43.19847],[-2.433975,43.198279],[-2.434584,43.197876],[-2.434901,43.197658],[-2.435231,43.197419],[-2.435533,43.197147],[-2.435734,43.196929],[-2.435936,43.196657],[-2.436184,43.196196],[-2.436298,43.195873],[-2.436347,43.195641],[-2.436399,43.19513],[-2.436381,43.194903],[-2.436327,43.194665],[-2.436263,43.194485],[-2.43604,43.19409],[-2.435693,43.193599],[-2.435371,43.193274],[-2.435157,43.1931],[-2.434807,43.192851],[-2.434129,43.19245],[-2.433783,43.192249],[-2.43194,43.191255],[-2.431058,43.190687],[-2.430654,43.190367],[-2.430491,43.190204],[-2.429845,43.18944],[-2.429491,43.188946],[-2.429317,43.188625],[-2.429187,43.188339],[-2.428932,43.187636],[-2.42884,43.187087],[-2.428786,43.186457],[-2.428761,43.185591],[-2.428772,43.185195],[-2.428762,43.184798],[-2.428697,43.183989],[-2.428621,43.183451],[-2.428499,43.182921],[-2.428337,43.182403],[-2.428122,43.181888],[-2.427837,43.181331],[-2.427575,43.1809],[-2.426772,43.179703],[-2.426056,43.178287],[-2.425627,43.177196],[-2.425407,43.176517],[-2.425076,43.174925],[-2.42509,43.173392],[-2.425155,43.172911],[-2.425385,43.171453],[-2.425413,43.171266],[-2.428384,43.153237],[-2.42884,43.15001],[-2.428844,43.148994],[-2.428771,43.14812],[-2.428688,43.147585],[-2.428529,43.146881],[-2.428335,43.146217],[-2.42795,43.145214],[-2.42683,43.142965],[-2.426272,43.141686],[-2.425963,43.140628],[-2.425753,43.139592],[-2.425646,43.138858],[-2.425638,43.13772],[-2.425709,43.13692],[-2.425831,43.136032],[-2.42589,43.135268],[-2.425875,43.134667],[-2.42576,43.134059],[-2.425421,43.133131],[-2.425125,43.132207],[-2.425041,43.131742],[-2.425008,43.131274],[-2.425035,43.13061],[-2.42515,43.129935],[-2.42524,43.129591],[-2.425455,43.129053],[-2.425669,43.128622],[-2.425989,43.128135],[-2.427033,43.126758],[-2.427407,43.126198],[-2.427751,43.125632],[-2.427946,43.125241],[-2.428275,43.124357],[-2.428402,43.12388],[-2.428515,43.123222],[-2.428568,43.122555],[-2.428563,43.121883],[-2.428508,43.121217],[-2.428333,43.119776],[-2.428341,43.118853],[-2.428386,43.117569],[-2.428492,43.117014],[-2.428752,43.116125],[-2.429038,43.11545],[-2.429366,43.114814],[-2.429881,43.113939],[-2.430205,43.113475],[-2.430597,43.112982],[-2.430958,43.112563],[-2.432513,43.110845],[-2.433052,43.110226],[-2.433497,43.109634],[-2.433839,43.109135],[-2.434167,43.108619],[-2.434681,43.107392],[-2.43493,43.106464],[-2.435016,43.106011],[-2.435105,43.105305],[-2.435134,43.10453],[-2.435091,43.103755],[-2.434973,43.102998],[-2.43475,43.102221],[-2.434405,43.101231],[-2.434275,43.100885],[-2.433956,43.100047],[-2.433745,43.099272],[-2.433679,43.098881],[-2.433641,43.098492],[-2.433635,43.098099],[-2.433685,43.09746],[-2.433822,43.096814],[-2.433962,43.096372],[-2.434136,43.095934],[-2.434518,43.095072],[-2.434672,43.094682],[-2.434797,43.094286],[-2.434882,43.093902],[-2.434938,43.093498],[-2.434971,43.09206],[-2.434951,43.091192],[-2.434972,43.09035],[-2.435037,43.089692],[-2.435133,43.089207],[-2.435209,43.088896],[-2.435265,43.088668],[-2.43549,43.088123],[-2.435765,43.087582],[-2.436084,43.08707],[-2.436242,43.086867],[-2.436446,43.086573],[-2.436897,43.086042],[-2.437354,43.085574],[-2.437859,43.085123],[-2.438362,43.084731],[-2.438952,43.08433],[-2.43959,43.083945],[-2.440286,43.083592],[-2.443459,43.082239],[-2.444291,43.081819],[-2.445102,43.081301],[-2.446429,43.080309],[-2.448036,43.079122],[-2.448404,43.078857],[-2.449779,43.078122],[-2.451049,43.077537],[-2.45294,43.07682],[-2.455361,43.076105],[-2.461241,43.074519],[-2.461767,43.074367],[-2.462336,43.074179],[-2.462875,43.07397],[-2.4635,43.073695],[-2.464556,43.073166],[-2.465153,43.072831],[-2.465853,43.072489],[-2.466235,43.072333],[-2.466687,43.072182],[-2.467124,43.072058],[-2.467694,43.071925],[-2.469429,43.071595],[-2.470163,43.071419],[-2.470695,43.071256],[-2.471177,43.071076],[-2.471708,43.070835],[-2.472065,43.070653],[-2.472551,43.070368],[-2.473013,43.070054],[-2.473387,43.069759],[-2.473811,43.069365],[-2.474156,43.068992],[-2.474461,43.068593],[-2.474684,43.068249],[-2.47485,43.067953],[-2.476259,43.064817],[-2.476562,43.064239],[-2.476985,43.063595],[-2.477422,43.063046],[-2.477926,43.062484],[-2.478433,43.062011],[-2.479279,43.061379],[-2.479923,43.060959],[-2.48098,43.060385],[-2.481974,43.059887],[-2.484456,43.058651],[-2.485494,43.058098],[-2.48642,43.057555],[-2.48723,43.057041],[-2.488122,43.056375],[-2.48874,43.055874],[-2.489366,43.05529],[-2.489852,43.054786],[-2.490837,43.053628],[-2.492598,43.05147],[-2.493008,43.051035],[-2.493428,43.050634],[-2.494283,43.049912],[-2.495327,43.049104],[-2.498275,43.04688],[-2.498918,43.046413],[-2.49973,43.045901],[-2.50015,43.04566],[-2.500661,43.045395],[-2.501189,43.04515],[-2.501737,43.044924],[-2.502229,43.044735],[-2.503117,43.044449],[-2.503655,43.044281],[-2.505282,43.043823],[-2.505828,43.043634],[-2.506637,43.043284],[-2.506997,43.043089],[-2.50746,43.042848],[-2.507913,43.042587],[-2.508377,43.042231],[-2.508867,43.041727],[-2.50942,43.041077],[-2.509562,43.040894],[-2.509815,43.040528],[-2.510034,43.040147],[-2.510296,43.039611],[-2.510504,43.039034],[-2.510648,43.038369],[-2.510691,43.038036],[-2.510711,43.03758],[-2.510704,43.037177],[-2.510635,43.036661],[-2.510463,43.035684],[-2.510278,43.034899],[-2.510166,43.034288],[-2.510081,43.033519],[-2.510152,43.032922],[-2.510261,43.032446],[-2.510363,43.032136],[-2.510497,43.031792],[-2.510619,43.031538],[-2.510791,43.031223],[-2.511154,43.030679],[-2.511596,43.030149],[-2.511877,43.029866],[-2.512404,43.029406],[-2.512695,43.029186],[-2.513798,43.028439],[-2.514745,43.027766],[-2.515547,43.027171],[-2.516831,43.026204],[-2.51744,43.025774],[-2.51817,43.025358],[-2.518574,43.025163],[-2.519378,43.024839],[-2.519889,43.024674],[-2.521966,43.024117],[-2.522518,43.023928],[-2.523019,43.02373],[-2.523635,43.023427],[-2.524411,43.022986],[-2.524723,43.022786],[-2.525023,43.022565],[-2.527115,43.020831],[-2.52802,43.020127],[-2.529074,43.0193],[-2.530105,43.018612],[-2.530801,43.018196],[-2.531684,43.017736],[-2.531955,43.017606],[-2.532618,43.017336],[-2.533443,43.017066],[-2.533784,43.01697],[-2.534425,43.016818],[-2.535249,43.016672],[-2.536076,43.016576],[-2.536649,43.016537],[-2.537155,43.016523],[-2.537959,43.016539],[-2.538835,43.016597],[-2.540403,43.016769],[-2.5429,43.017092],[-2.54353,43.01715],[-2.544221,43.017191],[-2.544868,43.017208],[-2.545277,43.017203],[-2.546106,43.017155],[-2.546503,43.017113],[-2.547286,43.016986],[-2.5477,43.016898],[-2.548588,43.016659],[-2.549201,43.01644],[-2.549601,43.016278],[-2.550207,43.015989],[-2.5507,43.015716],[-2.551384,43.015271],[-2.551755,43.01499],[-2.552298,43.014525],[-2.552655,43.014191],[-2.553099,43.013742],[-2.554864,43.011868],[-2.555527,43.011225],[-2.555939,43.01086],[-2.55695,43.010103],[-2.557566,43.009715],[-2.558376,43.009278],[-2.559149,43.008926],[-2.55988,43.008645],[-2.560514,43.008439],[-2.561657,43.008113],[-2.565202,43.007115],[-2.566461,43.006681],[-2.5672,43.006374],[-2.56777,43.006101],[-2.568371,43.005769],[-2.569138,43.005283],[-2.569763,43.004822],[-2.570208,43.004467],[-2.570617,43.004111],[-2.571216,43.003508],[-2.571495,43.003191],[-2.571769,43.002832],[-2.572113,43.002321],[-2.572588,43.001502],[-2.573005,43.000647],[-2.574039,42.998369],[-2.574628,42.997248],[-2.574918,42.996778],[-2.575138,42.996473],[-2.575407,42.996137],[-2.575811,42.995715],[-2.576489,42.995032],[-2.577711,42.993919],[-2.578282,42.993378],[-2.578847,42.992712],[-2.579203,42.992222],[-2.579883,42.991173],[-2.580472,42.990356],[-2.581015,42.989687],[-2.581361,42.989306],[-2.581798,42.988856],[-2.58259,42.988108],[-2.600729,42.972873],[-2.602515,42.971336],[-2.603937,42.970048],[-2.605278,42.968737],[-2.606431,42.967528],[-2.607097,42.966782],[-2.607927,42.965809],[-2.608688,42.964866],[-2.610211,42.962845],[-2.610555,42.962416],[-2.611196,42.961716],[-2.611549,42.961391],[-2.611809,42.961152],[-2.612257,42.960796],[-2.612956,42.960297],[-2.613627,42.95989],[-2.614449,42.959469],[-2.61483,42.959297],[-2.615709,42.958937],[-2.618506,42.95792],[-2.619448,42.957557],[-2.62024,42.957225],[-2.621006,42.956874],[-2.621561,42.956594],[-2.622159,42.956262],[-2.622611,42.95599],[-2.623093,42.955671],[-2.623707,42.955235],[-2.624349,42.95472],[-2.624973,42.954146],[-2.625682,42.953408],[-2.626304,42.952642],[-2.626752,42.951974],[-2.627196,42.951203],[-2.627572,42.950416],[-2.627999,42.949336],[-2.630868,42.941065],[-2.631613,42.93892],[-2.632294,42.937237],[-2.633071,42.935549],[-2.633512,42.934788],[-2.634154,42.933843],[-2.634677,42.933162],[-2.635244,42.932499],[-2.635973,42.931728],[-2.636708,42.931038],[-2.637468,42.930387],[-2.638423,42.929648],[-2.638674,42.929463],[-2.6395,42.928914],[-2.640121,42.928532],[-2.640767,42.928157],[-2.641676,42.927669],[-2.642776,42.927141],[-2.643672,42.926761],[-2.644606,42.926396],[-2.645114,42.926206],[-2.645732,42.925994],[-2.647092,42.925585],[-2.648294,42.925267],[-2.650672,42.924693],[-2.651691,42.924451],[-2.652845,42.924153],[-2.654217,42.923777],[-2.655479,42.923399],[-2.65753,42.922739],[-2.659796,42.921964],[-2.661529,42.92141],[-2.662668,42.921075],[-2.665284,42.920373],[-2.667004,42.919965],[-2.669453,42.919452],[-2.670595,42.919242],[-2.673015,42.91885],[-2.67491,42.918602],[-2.676024,42.918469],[-2.677008,42.918369],[-2.67858,42.918233],[-2.68048,42.918109],[-2.681984,42.918034],[-2.68454,42.917993],[-2.686271,42.917968],[-2.687208,42.917936],[-2.68818,42.917878],[-2.689579,42.91774],[-2.690378,42.917624],[-2.691314,42.917451],[-2.69211,42.917275],[-2.693313,42.916955],[-2.694496,42.916575],[-2.695534,42.916169],[-2.69587,42.916028],[-2.696605,42.91572],[-2.697177,42.915431],[-2.69734,42.915344],[-2.698426,42.914704],[-2.699243,42.914137],[-2.700238,42.913379],[-2.700892,42.912807],[-2.701231,42.912485],[-2.701904,42.911786],[-2.702527,42.911095],[-2.703959,42.909382],[-2.704426,42.908833],[-2.704745,42.90856],[-2.70535,42.907994],[-2.705778,42.90762],[-2.706579,42.907036],[-2.706981,42.90676],[-2.707485,42.906458],[-2.708124,42.906173],[-2.708865,42.905951],[-2.709442,42.905858],[-2.709812,42.905791],[-2.711375,42.905623],[-2.712017,42.905477],[-2.712241,42.905389],[-2.712656,42.90516],[-2.71284,42.905021],[-2.713038,42.904819],[-2.713191,42.904618],[-2.713296,42.90443],[-2.713406,42.904084],[-2.713424,42.903853],[-2.713409,42.903656],[-2.713366,42.903493],[-2.713245,42.903212],[-2.71311,42.90301],[-2.712925,42.902802],[-2.712791,42.902673],[-2.712594,42.902533],[-2.71224,42.90234],[-2.712029,42.902263],[-2.711409,42.902097],[-2.710329,42.901883],[-2.709912,42.901751],[-2.709726,42.901664],[-2.709539,42.901568],[-2.709321,42.901421],[-2.709131,42.901264],[-2.707855,42.900018],[-2.70748,42.899794],[-2.70634,42.898609],[-2.705152,42.8974],[-2.703604,42.895845],[-2.703153,42.895387],[-2.701213,42.893417],[-2.700673,42.892804],[-2.700144,42.892149],[-2.699493,42.89124],[-2.698876,42.890288],[-2.698442,42.889575],[-2.698107,42.888964],[-2.697585,42.887965],[-2.697522,42.887836],[-2.69718,42.887126],[-2.696834,42.886317],[-2.696521,42.885521],[-2.696175,42.884511],[-2.695843,42.88339],[-2.695809,42.882919],[-2.695693,42.882224],[-2.695732,42.88198],[-2.695796,42.881886],[-2.695864,42.881822],[-2.696023,42.881724],[-2.696474,42.881506],[-2.696612,42.881416],[-2.696722,42.881306],[-2.696773,42.881217],[-2.696913,42.880814],[-2.696977,42.88072],[-2.697067,42.880621],[-2.697225,42.88053],[-2.697417,42.880466],[-2.697808,42.880461],[-2.698456,42.880489],[-2.699412,42.880508],[-2.700732,42.880612],[-2.701397,42.880651],[-2.702194,42.880675],[-2.70326,42.880666],[-2.704071,42.880617],[-2.705137,42.880509],[-2.706006,42.880385],[-2.706873,42.880218],[-2.707688,42.880032],[-2.708414,42.879835],[-2.709474,42.879495],[-2.710579,42.879072],[-2.711134,42.878837],[-2.711856,42.878504],[-2.712547,42.878159],[-2.713282,42.877769],[-2.714495,42.877022],[-2.715474,42.876346],[-2.716027,42.875925],[-2.716541,42.875505],[-2.716982,42.87511],[-2.717694,42.874429],[-2.718114,42.873988],[-2.719864,42.87196],[-2.72055,42.871189],[-2.721182,42.87057],[-2.721836,42.86999],[-2.722525,42.869465],[-2.723228,42.869004],[-2.723965,42.868569],[-2.724785,42.868148],[-2.725668,42.867766],[-2.726587,42.867418],[-2.727239,42.867203],[-2.730833,42.866118],[-2.731735,42.865801],[-2.732864,42.865367],[-2.733753,42.864986],[-2.734776,42.864491],[-2.735708,42.864],[-2.736757,42.863377],[-2.737463,42.862918],[-2.7386,42.862107],[-2.73913,42.861674],[-2.739361,42.861485],[-2.739769,42.861151],[-2.740707,42.860254],[-2.742017,42.858967],[-2.742398,42.858624],[-2.744331,42.857049],[-2.745059,42.856324],[-2.745687,42.855566],[-2.746016,42.855087],[-2.74632,42.854553],[-2.74656,42.85407],[-2.746848,42.853306],[-2.747052,42.852457],[-2.747155,42.8519],[-2.747267,42.851317],[-2.747422,42.850775],[-2.747571,42.850352],[-2.747761,42.849909],[-2.748129,42.84922],[-2.748656,42.848447],[-2.749947,42.846863],[-2.750211,42.846489],[-2.750404,42.846192],[-2.750729,42.845617],[-2.750889,42.845282],[-2.751194,42.844477],[-2.751321,42.844025],[-2.751429,42.843499],[-2.751499,42.842894],[-2.751541,42.842139],[-2.751563,42.840658],[-2.75159,42.840016],[-2.751671,42.839276],[-2.751812,42.838505],[-2.75201,42.837759],[-2.752171,42.837264],[-2.75238,42.836731],[-2.752811,42.835821],[-2.75316,42.835202],[-2.753577,42.834574],[-2.753972,42.834031],[-2.754564,42.83332],[-2.75502,42.832831],[-2.755709,42.832165],[-2.756507,42.831441],[-2.757246,42.830814],[-2.758024,42.83019],[-2.758844,42.829578],[-2.759698,42.828982],[-2.760505,42.828452],[-2.761316,42.82795],[-2.761811,42.827651],[-2.763451,42.826776],[-2.764695,42.826131],[-2.768366,42.824403],[-2.768887,42.824193],[-2.771449,42.823],[-2.773328,42.822097],[-2.774704,42.821461],[-2.784612,42.816888],[-2.790255,42.814434],[-2.791775,42.813716],[-2.793749,42.812751],[-2.795924,42.811625],[-2.797072,42.810964],[-2.798128,42.810286],[-2.800462,42.808742],[-2.801462,42.808157],[-2.8021,42.807819],[-2.803253,42.807281],[-2.808818,42.805033],[-2.809603,42.804683],[-2.810405,42.804287],[-2.812516,42.80305],[-2.815773,42.801083],[-2.81669,42.800458],[-2.817551,42.799772],[-2.818148,42.799219],[-2.818496,42.798866],[-2.818808,42.798522],[-2.819192,42.798058],[-2.819634,42.797456],[-2.820042,42.796806],[-2.82034,42.796264],[-2.820575,42.795778],[-2.821175,42.794402],[-2.821738,42.793034],[-2.82221,42.791784],[-2.822708,42.790242],[-2.823118,42.788767],[-2.823408,42.787531],[-2.823717,42.785795],[-2.823862,42.784816],[-2.823961,42.783967],[-2.824061,42.782372],[-2.824085,42.781669],[-2.824085,42.780123],[-2.824052,42.779209],[-2.823998,42.778284],[-2.823825,42.776377],[-2.823276,42.772404],[-2.823185,42.771746],[-2.822676,42.768184],[-2.822504,42.766851],[-2.82243,42.7659],[-2.822392,42.764699],[-2.822443,42.763838],[-2.822498,42.763362],[-2.822659,42.762584],[-2.822689,42.762415],[-2.822935,42.761625],[-2.823159,42.761048],[-2.823304,42.760716],[-2.823709,42.759949],[-2.824207,42.759154],[-2.824526,42.758716],[-2.824874,42.758284],[-2.82543,42.757665],[-2.826258,42.756873],[-2.826732,42.756476],[-2.827396,42.755967],[-2.828089,42.7555],[-2.828818,42.755048],[-2.829549,42.754631],[-2.830469,42.754147],[-2.831269,42.753749],[-2.833081,42.752891],[-2.834684,42.752184],[-2.837246,42.751137],[-2.837608,42.750998],[-2.839236,42.750385],[-2.841917,42.749471],[-2.848286,42.747453],[-2.84866,42.747337],[-2.856862,42.744741],[-2.859203,42.743958],[-2.86087,42.743338],[-2.861698,42.743006],[-2.863026,42.742401],[-2.863909,42.741945],[-2.865087,42.741282],[-2.86621,42.740529],[-2.867176,42.739793],[-2.868177,42.738914],[-2.868729,42.738374],[-2.869195,42.737866],[-2.869627,42.737352],[-2.87015,42.736676],[-2.870472,42.7362],[-2.871201,42.734868],[-2.871456,42.73431],[-2.871614,42.734111],[-2.871872,42.733305],[-2.87199,42.732828],[-2.872158,42.731925],[-2.872389,42.730302],[-2.872533,42.729267],[-2.872576,42.728692],[-2.872486,42.72811],[-2.872299,42.727591],[-2.872179,42.727366],[-2.872034,42.727149],[-2.871801,42.726861],[-2.871461,42.726512],[-2.871226,42.726311],[-2.870919,42.72609],[-2.870692,42.725952],[-2.870083,42.725652],[-2.869637,42.725463],[-2.868791,42.725099],[-2.868448,42.724918],[-2.86816,42.724732],[-2.867898,42.724536],[-2.867673,42.724334],[-2.867424,42.724083],[-2.867215,42.72382],[-2.867101,42.723658],[-2.866941,42.723377],[-2.866759,42.722924],[-2.866684,42.722616],[-2.866652,42.722373],[-2.866651,42.721836],[-2.866741,42.721341],[-2.866873,42.720809],[-2.867275,42.719185],[-2.867509,42.718326],[-2.867633,42.717628],[-2.867656,42.71734],[-2.867602,42.716721],[-2.867527,42.716353],[-2.867262,42.715449],[-2.86721,42.715182],[-2.867186,42.714819],[-2.867214,42.714497],[-2.867296,42.714149],[-2.867394,42.713875],[-2.86754,42.71359],[-2.868172,42.712561],[-2.868851,42.71165],[-2.869501,42.71085],[-2.869888,42.710428],[-2.870345,42.709987],[-2.870803,42.709588],[-2.871319,42.709211],[-2.871656,42.708977],[-2.872061,42.708729],[-2.872853,42.708289],[-2.873352,42.708052],[-2.874062,42.707751],[-2.874903,42.707458],[-2.875885,42.707184],[-2.876605,42.70703],[-2.877458,42.706886],[-2.878177,42.706805],[-2.878966,42.706758],[-2.879617,42.706736],[-2.880198,42.706749],[-2.880867,42.706788],[-2.881515,42.706845],[-2.882034,42.706908],[-2.883036,42.70706],[-2.883298,42.707106],[-2.885009,42.707409],[-2.886724,42.70768],[-2.887712,42.707805],[-2.88865,42.707893],[-2.889407,42.707943],[-2.890336,42.70798],[-2.89122,42.707992],[-2.892548,42.707974],[-2.894046,42.707873],[-2.8949,42.707795],[-2.896585,42.707558],[-2.897435,42.707409],[-2.898753,42.707129],[-2.899888,42.706843],[-2.904966,42.705441],[-2.905903,42.705191],[-2.907105,42.704902],[-2.908116,42.70469],[-2.908947,42.704529],[-2.910775,42.70423],[-2.912456,42.704014],[-2.913326,42.70393],[-2.914576,42.703835],[-2.915258,42.703816],[-2.91687,42.703762],[-2.917685,42.70375],[-2.919086,42.70376],[-2.920245,42.703805],[-2.921074,42.703848],[-2.923466,42.704042],[-2.924198,42.704119],[-2.927265,42.704417],[-2.927998,42.704481],[-2.929741,42.704625],[-2.933216,42.704843],[-2.936424,42.704991],[-2.938922,42.705053],[-2.939952,42.705074],[-2.943241,42.705079],[-2.945163,42.70506],[-2.948096,42.704979],[-2.950912,42.70485],[-2.95325,42.704709],[-2.957893,42.704347],[-2.959344,42.704203],[-2.960122,42.704104],[-2.961958,42.703838],[-2.963186,42.703643],[-2.964385,42.703431],[-2.966285,42.702992],[-2.968398,42.702411],[-2.970093,42.701859],[-2.970787,42.701616],[-2.97191,42.701191],[-2.973438,42.700582],[-2.974274,42.700205],[-2.975032,42.699837],[-2.975315,42.699689],[-2.976614,42.699009],[-2.978188,42.698089],[-2.979302,42.6974],[-2.982291,42.695494],[-2.983523,42.69476],[-2.986106,42.693245],[-2.98757,42.692422],[-2.989383,42.691457],[-2.991322,42.69045],[-2.994777,42.688744],[-2.997883,42.687322],[-3.000962,42.685943],[-3.002211,42.685356],[-3.005207,42.683888],[-3.006506,42.683218],[-3.009098,42.681805],[-3.01043,42.681063],[-3.012275,42.679985],[-3.014424,42.678677],[-3.016521,42.677352],[-3.017401,42.676759],[-3.018245,42.676219],[-3.019337,42.675565],[-3.020204,42.6751],[-3.021162,42.674635],[-3.022189,42.674175],[-3.02326,42.673747],[-3.025228,42.673006],[-3.026168,42.67263],[-3.026941,42.672282],[-3.027589,42.671957],[-3.028143,42.67162],[-3.028665,42.671272],[-3.029201,42.670873],[-3.029882,42.670287],[-3.030507,42.66964],[-3.030954,42.669074],[-3.031412,42.668403],[-3.031754,42.667803],[-3.032088,42.667039],[-3.032617,42.66543],[-3.032878,42.664736],[-3.033154,42.664148],[-3.033386,42.663734],[-3.033663,42.663303],[-3.034009,42.662867],[-3.034563,42.662254],[-3.034873,42.661952],[-3.035444,42.661441],[-3.0363,42.660807],[-3.036821,42.66049],[-3.03733,42.66021],[-3.038114,42.659839],[-3.038624,42.659634],[-3.039211,42.659429],[-3.040808,42.658985],[-3.041361,42.658866],[-3.042968,42.658614],[-3.044801,42.658405],[-3.045697,42.658269],[-3.046513,42.658103],[-3.047479,42.657835],[-3.048433,42.657512],[-3.050248,42.656767],[-3.05112,42.656439],[-3.052023,42.656147],[-3.052934,42.655928],[-3.053863,42.65576],[-3.054926,42.655614],[-3.055817,42.655521],[-3.057018,42.65537],[-3.057874,42.655216],[-3.058762,42.65501],[-3.059401,42.654828],[-3.060111,42.654589],[-3.060669,42.654372],[-3.061222,42.654125],[-3.062087,42.653705],[-3.062908,42.65326],[-3.064396,42.652567],[-3.064901,42.652369],[-3.065819,42.652065],[-3.066569,42.651857],[-3.067916,42.651533],[-3.068695,42.651367],[-3.069612,42.651204],[-3.070519,42.651075],[-3.07203,42.650916],[-3.074427,42.650775],[-3.074963,42.650758],[-3.075702,42.650704],[-3.076353,42.650649],[-3.077185,42.650531],[-3.077925,42.650355],[-3.078526,42.650162],[-3.079246,42.649871],[-3.079871,42.64952],[-3.080395,42.649123],[-3.081071,42.648347],[-3.081274,42.648058],[-3.082079,42.646651],[-3.082518,42.646119],[-3.082917,42.645765],[-3.08338,42.645453],[-3.083937,42.645167],[-3.084659,42.644896],[-3.085371,42.644742],[-3.086095,42.644673],[-3.087,42.644706],[-3.088823,42.644903],[-3.089567,42.644895],[-3.089986,42.644863],[-3.090692,42.644747],[-3.091023,42.644649],[-3.091487,42.644486],[-3.092041,42.644237],[-3.092521,42.643932],[-3.092858,42.643678],[-3.094569,42.642236],[-3.096278,42.640925],[-3.098614,42.639329],[-3.098942,42.639134],[-3.099298,42.638958],[-3.099772,42.638765],[-3.10033,42.638617],[-3.101045,42.638486],[-3.101723,42.638451],[-3.102833,42.638467],[-3.103543,42.638455],[-3.104253,42.638378],[-3.104937,42.638242],[-3.105657,42.637983],[-3.106208,42.637735],[-3.106627,42.637483],[-3.106887,42.637295],[-3.107106,42.637098],[-3.107571,42.636577],[-3.107927,42.636006],[-3.108131,42.635551],[-3.108308,42.63493],[-3.1087,42.63363],[-3.108967,42.632816],[-3.109058,42.632352],[-3.109113,42.631862],[-3.109099,42.63121],[-3.109005,42.630042],[-3.109013,42.629537],[-3.109075,42.628965],[-3.109171,42.628476],[-3.109319,42.627976],[-3.109541,42.627393],[-3.109724,42.627029],[-3.109952,42.626644],[-3.110069,42.626467],[-3.110451,42.625914],[-3.111119,42.625166],[-3.111563,42.624762],[-3.111931,42.624458],[-3.112357,42.624154],[-3.112932,42.623781],[-3.113313,42.62356],[-3.11385,42.623288],[-3.114459,42.623018],[-3.11511,42.622775],[-3.115808,42.622554],[-3.116536,42.62236],[-3.117181,42.622224],[-3.118418,42.622009],[-3.119171,42.621901],[-3.119782,42.621821],[-3.120595,42.621744],[-3.120944,42.621733],[-3.122279,42.621639],[-3.122811,42.621623],[-3.123692,42.621637],[-3.124556,42.621656],[-3.126436,42.621769],[-3.127329,42.621878],[-3.128594,42.622058],[-3.130416,42.622392],[-3.131727,42.6227],[-3.134344,42.623353],[-3.135381,42.623582],[-3.135889,42.623664],[-3.136825,42.623767],[-3.138103,42.623823],[-3.139023,42.623805],[-3.14029,42.623728],[-3.141704,42.623616],[-3.142844,42.623597],[-3.143739,42.623633],[-3.145224,42.623792],[-3.145808,42.623899],[-3.1477,42.62435],[-3.148874,42.624669],[-3.149701,42.624843],[-3.15043,42.624958],[-3.151105,42.625033],[-3.152292,42.625116],[-3.153436,42.625094],[-3.153955,42.62506],[-3.154582,42.625004],[-3.155787,42.624823],[-3.156677,42.624622],[-3.157864,42.624309],[-3.159881,42.623805],[-3.161185,42.623522],[-3.162295,42.623302],[-3.163369,42.623151],[-3.164433,42.623027],[-3.165479,42.622941],[-3.166858,42.62286],[-3.170539,42.622802],[-3.172317,42.622737],[-3.17302,42.622692],[-3.174223,42.62258],[-3.175679,42.622389],[-3.176524,42.622253],[-3.177454,42.622063],[-3.179439,42.621559],[-3.181245,42.620966],[-3.182009,42.620672],[-3.183167,42.620181],[-3.186557,42.61867],[-3.187495,42.618269],[-3.188364,42.617928],[-3.189186,42.617633],[-3.189778,42.617436],[-3.191262,42.617015],[-3.192172,42.61678],[-3.194683,42.616182],[-3.195645,42.615941],[-3.196268,42.615759],[-3.197342,42.615398],[-3.197825,42.615209],[-3.198448,42.614948],[-3.198951,42.614706],[-3.199574,42.614371],[-3.200377,42.613878],[-3.200867,42.613555],[-3.201357,42.613201],[-3.201785,42.612853],[-3.202741,42.611976],[-3.204763,42.61],[-3.205242,42.609566],[-3.205985,42.608937],[-3.206907,42.608262],[-3.207462,42.607878],[-3.208024,42.607508],[-3.208746,42.607062],[-3.209846,42.606442],[-3.210367,42.606174],[-3.211479,42.605656],[-3.212474,42.605238],[-3.213376,42.604895],[-3.213957,42.604693],[-3.217419,42.603559],[-3.218117,42.60331],[-3.219131,42.602914],[-3.220622,42.602221],[-3.221699,42.601609],[-3.22233,42.60121],[-3.222849,42.600853],[-3.223846,42.600084],[-3.224452,42.599551],[-3.224809,42.599205],[-3.225231,42.598776],[-3.22592,42.597979],[-3.227853,42.595479],[-3.228662,42.594526],[-3.228997,42.594164],[-3.229849,42.593306],[-3.230298,42.592905],[-3.231299,42.592068],[-3.232084,42.591478],[-3.233778,42.590329],[-3.235066,42.589529],[-3.235824,42.589078],[-3.23827,42.587693],[-3.242815,42.585251],[-3.244473,42.584338],[-3.245963,42.583481],[-3.247205,42.582742],[-3.249412,42.581341],[-3.250737,42.580423],[-3.252318,42.579261],[-3.253557,42.578274],[-3.254344,42.577629],[-3.25566,42.576487],[-3.256965,42.575256],[-3.257679,42.574556],[-3.258407,42.573806],[-3.258999,42.573175],[-3.260295,42.571725],[-3.26094,42.570984],[-3.264308,42.566986],[-3.265368,42.565793],[-3.266039,42.565079],[-3.266839,42.564301],[-3.267853,42.563388],[-3.268458,42.562875],[-3.269426,42.562102],[-3.270119,42.561591],[-3.270907,42.56104],[-3.272255,42.560168],[-3.27374,42.559291],[-3.274821,42.558687],[-3.277999,42.556961],[-3.279245,42.556225],[-3.279758,42.555897],[-3.280632,42.555295],[-3.280997,42.555032],[-3.281756,42.554437],[-3.282806,42.553509],[-3.283534,42.552789],[-3.284221,42.552078],[-3.285129,42.551086],[-3.286402,42.549727],[-3.287516,42.548586],[-3.288069,42.548057],[-3.28919,42.54705],[-3.290228,42.546207],[-3.291505,42.545258],[-3.292292,42.54471],[-3.293311,42.54406],[-3.294679,42.543255],[-3.295507,42.542806],[-3.297027,42.542046],[-3.298245,42.541487],[-3.299151,42.541098],[-3.303885,42.539171],[-3.305191,42.538586],[-3.306186,42.538089],[-3.307306,42.537456],[-3.308164,42.536916],[-3.309548,42.535968],[-3.310314,42.535413],[-3.311767,42.534403],[-3.312568,42.533927],[-3.312969,42.533711],[-3.313411,42.533505],[-3.314007,42.533257],[-3.314517,42.533066],[-3.315042,42.532893],[-3.315567,42.532746],[-3.316195,42.532593],[-3.316805,42.53247],[-3.317798,42.532321],[-3.320028,42.532127],[-3.320384,42.532098],[-3.321454,42.531996],[-3.322879,42.531814],[-3.323501,42.531712],[-3.324899,42.531416],[-3.325221,42.531338],[-3.3263,42.531041],[-3.327452,42.530657],[-3.328121,42.530407],[-3.329289,42.529907],[-3.33069,42.529175],[-3.331249,42.528856],[-3.332122,42.52829],[-3.332734,42.527865],[-3.333847,42.527006],[-3.335153,42.525906],[-3.335968,42.52515],[-3.336839,42.524275],[-3.337826,42.523209],[-3.339303,42.521494],[-3.340553,42.519925],[-3.341247,42.518994],[-3.342367,42.517388],[-3.342892,42.516601],[-3.343964,42.514877],[-3.344893,42.513287],[-3.346558,42.510361],[-3.34764,42.508549],[-3.348354,42.507463],[-3.348666,42.507025],[-3.349497,42.505952],[-3.349903,42.505458],[-3.350437,42.504849],[-3.351284,42.503952],[-3.351886,42.503355],[-3.352391,42.502882],[-3.353416,42.501986],[-3.354216,42.501381],[-3.354693,42.501052],[-3.355251,42.500695],[-3.356347,42.500078],[-3.356961,42.499768],[-3.358074,42.499274],[-3.358707,42.499032],[-3.359535,42.498746],[-3.360087,42.498573],[-3.361406,42.498227],[-3.363077,42.497862],[-3.364335,42.497605],[-3.365475,42.497344],[-3.366661,42.497031],[-3.367218,42.496863],[-3.367763,42.496676],[-3.368488,42.496402],[-3.369577,42.495941],[-3.370959,42.495243],[-3.376706,42.492001],[-3.378362,42.491131],[-3.380129,42.490241],[-3.382281,42.489247],[-3.383947,42.488543],[-3.385098,42.488077],[-3.386871,42.487418],[-3.3889,42.486729],[-3.390105,42.486344],[-3.39144,42.48595],[-3.392603,42.485627],[-3.394869,42.485054],[-3.396625,42.484659],[-3.397463,42.484487],[-3.398698,42.48426],[-3.399587,42.484115],[-3.401039,42.483914],[-3.40243,42.483762],[-3.404402,42.483619],[-3.406623,42.483525],[-3.410445,42.483409],[-3.411528,42.483341],[-3.412649,42.483224],[-3.413244,42.483143],[-3.413986,42.483017],[-3.415198,42.482754],[-3.416632,42.482362],[-3.417758,42.481987],[-3.420518,42.480996],[-3.421576,42.480655],[-3.422654,42.480371],[-3.42365,42.48015],[-3.424387,42.480018],[-3.425663,42.479817],[-3.427951,42.479495],[-3.428767,42.479332],[-3.429268,42.479212],[-3.429743,42.479082],[-3.430529,42.478829],[-3.431451,42.478463],[-3.432303,42.478056],[-3.432769,42.477802],[-3.433495,42.477348],[-3.434023,42.476988],[-3.435148,42.476171],[-3.435863,42.475695],[-3.436718,42.475208],[-3.437839,42.474684],[-3.440083,42.473793],[-3.441109,42.473352],[-3.44196,42.472948],[-3.442442,42.472692],[-3.443212,42.47225],[-3.44358,42.472022],[-3.44435,42.471499],[-3.44542,42.470672],[-3.446236,42.469922],[-3.446718,42.469418],[-3.447353,42.468686],[-3.447896,42.467969],[-3.448342,42.467279],[-3.448816,42.466415],[-3.449086,42.465832],[-3.449368,42.465123],[-3.450115,42.463031],[-3.450325,42.462513],[-3.450535,42.462024],[-3.450778,42.461531],[-3.45103,42.461072],[-3.451599,42.460192],[-3.451864,42.459827],[-3.452197,42.459414],[-3.452766,42.458764],[-3.453187,42.458328],[-3.453661,42.457883],[-3.454422,42.457226],[-3.454876,42.456868],[-3.456164,42.455917],[-3.457231,42.455233],[-3.457868,42.454867],[-3.459098,42.454225],[-3.460321,42.453684],[-3.460865,42.453472],[-3.461288,42.453334],[-3.46219,42.453088],[-3.462729,42.452963],[-3.463497,42.452826],[-3.46388,42.452769],[-3.464756,42.452676],[-3.465478,42.452636],[-3.4665,42.452634],[-3.468013,42.452686],[-3.468895,42.4527],[-3.469504,42.452693],[-3.470316,42.452647],[-3.471136,42.452568],[-3.471951,42.452443],[-3.473141,42.452178],[-3.473675,42.452026],[-3.474501,42.451754],[-3.474871,42.451611],[-3.475264,42.451445],[-3.476105,42.45105],[-3.476609,42.450771],[-3.477144,42.450444],[-3.479143,42.449109],[-3.479833,42.448705],[-3.480312,42.448456],[-3.481188,42.448061],[-3.483653,42.447144],[-3.484206,42.446914],[-3.485088,42.446502],[-3.48588,42.446067],[-3.48623,42.445853],[-3.486736,42.445513],[-3.487155,42.445204],[-3.489415,42.443407],[-3.49156,42.441757],[-3.493254,42.440511],[-3.495523,42.438902],[-3.495838,42.438664],[-3.496458,42.438135],[-3.497178,42.437396],[-3.497633,42.436849],[-3.497953,42.436404],[-3.498254,42.43591],[-3.498557,42.435321],[-3.498837,42.43463],[-3.498913,42.43439],[-3.499097,42.433724],[-3.499404,42.432447],[-3.499505,42.432116],[-3.499722,42.431499],[-3.500112,42.430693],[-3.500558,42.429979],[-3.501084,42.4293],[-3.501816,42.428546],[-3.502304,42.428124],[-3.502795,42.427737],[-3.503412,42.427315],[-3.503883,42.427034],[-3.504774,42.426568],[-3.505819,42.426133],[-3.506341,42.425952],[-3.507209,42.425689],[-3.508075,42.425493],[-3.508712,42.425379],[-3.511574,42.424963],[-3.512701,42.424725],[-3.513703,42.424443],[-3.514241,42.42426],[-3.515243,42.42385],[-3.516074,42.423437],[-3.516564,42.423155],[-3.517347,42.422643],[-3.518145,42.422013],[-3.518502,42.421689],[-3.518913,42.421274],[-3.520545,42.419384],[-3.521025,42.418859],[-3.521735,42.418145],[-3.522586,42.417407],[-3.523317,42.41685],[-3.523814,42.416511],[-3.524579,42.416021],[-3.525351,42.415573],[-3.527164,42.414572],[-3.52883,42.413719],[-3.533569,42.411423],[-3.534845,42.410763],[-3.535717,42.410271],[-3.536554,42.409748],[-3.537031,42.40943],[-3.537734,42.408937],[-3.540053,42.407222],[-3.540773,42.406751],[-3.541502,42.40634],[-3.542103,42.406048],[-3.542692,42.405792],[-3.543733,42.405419],[-3.544989,42.405095],[-3.545993,42.404904],[-3.546734,42.404807],[-3.549018,42.404591],[-3.551116,42.404364],[-3.552124,42.404216],[-3.552891,42.404081],[-3.554055,42.403844],[-3.555152,42.403572],[-3.556134,42.403294],[-3.557494,42.402851],[-3.558524,42.402461],[-3.559674,42.401965],[-3.560202,42.401721],[-3.561044,42.401298],[-3.561853,42.400854],[-3.563114,42.400084],[-3.56374,42.399673],[-3.56427,42.399301],[-3.564703,42.398983],[-3.565681,42.398214],[-3.566753,42.3973],[-3.569515,42.394793],[-3.570124,42.394285],[-3.57054,42.393959],[-3.571422,42.393338],[-3.572024,42.39296],[-3.573128,42.392347],[-3.574311,42.391786],[-3.576619,42.390799],[-3.577534,42.390369],[-3.578166,42.390015],[-3.57901,42.389466],[-3.579791,42.388853],[-3.580453,42.388234],[-3.5808,42.387855],[-3.581294,42.387235],[-3.581618,42.386758],[-3.581917,42.386233],[-3.58204,42.385999],[-3.582247,42.385538],[-3.582526,42.384721],[-3.582659,42.384139],[-3.58276,42.383375],[-3.582807,42.382903],[-3.582875,42.381991],[-3.58296,42.381363],[-3.583084,42.380778],[-3.583293,42.380106],[-3.583477,42.379645],[-3.583799,42.378997],[-3.584037,42.378622],[-3.584475,42.378002],[-3.584696,42.37772],[-3.585101,42.377272],[-3.586317,42.376065],[-3.587013,42.375342],[-3.587443,42.374801],[-3.587745,42.374374],[-3.587928,42.374081],[-3.588218,42.373556],[-3.588543,42.372812],[-3.588755,42.372115],[-3.588931,42.371333],[-3.589296,42.369394],[-3.589585,42.368232],[-3.589818,42.367498],[-3.590123,42.366666],[-3.590531,42.365783],[-3.590748,42.365342],[-3.5913,42.364383],[-3.591678,42.3638],[-3.592309,42.362943],[-3.592789,42.362354],[-3.593192,42.361889],[-3.593595,42.361464],[-3.594011,42.361042],[-3.594507,42.360575],[-3.595477,42.359749],[-3.596572,42.358917],[-3.597862,42.35802],[-3.599107,42.357184],[-3.599628,42.356816],[-3.600066,42.35647],[-3.600472,42.35612],[-3.600871,42.35573],[-3.601149,42.355438],[-3.601659,42.354819],[-3.601962,42.354394],[-3.602336,42.353761],[-3.60255,42.353332],[-3.602878,42.352486],[-3.603049,42.351866],[-3.603136,42.351446],[-3.603443,42.349605],[-3.603657,42.348581],[-3.603756,42.348215],[-3.604123,42.347134],[-3.604539,42.346171],[-3.604857,42.345564],[-3.605419,42.344641],[-3.606094,42.343702],[-3.606342,42.343397],[-3.606705,42.342969],[-3.60755,42.342088],[-3.607985,42.341678],[-3.608714,42.34106],[-3.609325,42.34059],[-3.609776,42.340262],[-3.610365,42.339863],[-3.610882,42.339541],[-3.611476,42.339196],[-3.61278,42.338526],[-3.613677,42.338125],[-3.614914,42.337616],[-3.615818,42.337272],[-3.617511,42.336678],[-3.61827,42.336433],[-3.620132,42.335791],[-3.622564,42.334895],[-3.622892,42.334766],[-3.626478,42.333347],[-3.627314,42.333032],[-3.629008,42.332456],[-3.629876,42.332214],[-3.630972,42.331919],[-3.631936,42.331687],[-3.632948,42.33148],[-3.633454,42.33138],[-3.634942,42.331134],[-3.635954,42.331004],[-3.637208,42.330873],[-3.638864,42.330746],[-3.640584,42.330662],[-3.644638,42.33053],[-3.646276,42.330431],[-3.646879,42.330371],[-3.648108,42.330213],[-3.649454,42.329973],[-3.650083,42.329839],[-3.651439,42.329494],[-3.652128,42.329295],[-3.653055,42.328986],[-3.654505,42.32842],[-3.655138,42.328138],[-3.655803,42.327827],[-3.657061,42.327183],[-3.658385,42.326535],[-3.659025,42.326245],[-3.659703,42.325991],[-3.660874,42.325636],[-3.66143,42.325504],[-3.662308,42.325338],[-3.663057,42.325237],[-3.66396,42.325154],[-3.664554,42.32514],[-3.665325,42.325143],[-3.665967,42.325178],[-3.666508,42.325224],[-3.667101,42.325297],[-3.668353,42.325511],[-3.669532,42.325748],[-3.671009,42.326014],[-3.671923,42.326159],[-3.673012,42.326278],[-3.673404,42.326316],[-3.674643,42.326405],[-3.675094,42.326424],[-3.675404,42.326435],[-3.675933,42.326446],[-3.67742,42.326432],[-3.678842,42.326352],[-3.680473,42.326183],[-3.68128,42.326074],[-3.682681,42.325825],[-3.683166,42.32572],[-3.684232,42.325466],[-3.684994,42.325265],[-3.685663,42.325066],[-3.686268,42.324864],[-3.687184,42.324509],[-3.687771,42.32424],[-3.688255,42.324002],[-3.688884,42.323635],[-3.689783,42.32303],[-3.690079,42.3228],[-3.690851,42.322119],[-3.691097,42.321869],[-3.691617,42.321273],[-3.693109,42.319391],[-3.69347,42.318981],[-3.693722,42.318749],[-3.69389,42.318599],[-3.694361,42.318201],[-3.695032,42.317697],[-3.695752,42.317248],[-3.696201,42.316996],[-3.696772,42.316749],[-3.69707,42.316656],[-3.69751,42.316524],[-3.697809,42.31645],[-3.698481,42.316383],[-3.700326,42.316343],[-3.700918,42.316254],[-3.701403,42.316108],[-3.701787,42.31594],[-3.702062,42.315779],[-3.702207,42.315674],[-3.702476,42.315439],[-3.702592,42.315337],[-3.702759,42.315125],[-3.702899,42.314895],[-3.702986,42.314692],[-3.703057,42.314424],[-3.703099,42.314159],[-3.703059,42.313336],[-3.702766,42.311825],[-3.702688,42.31113],[-3.70257,42.310008],[-3.702555,42.309824],[-3.702531,42.309393],[-3.702412,42.308143],[-3.7024,42.307396],[-3.70242,42.307215],[-3.702516,42.306352],[-3.703229,42.301024],[-3.703268,42.300712],[-3.703513,42.298832],[-3.70367,42.297358],[-3.703619,42.29607],[-3.703329,42.292589],[-3.70332,42.291953],[-3.703415,42.291316],[-3.703508,42.290982],[-3.704415,42.288283],[-3.704548,42.287892],[-3.704974,42.286613],[-3.706078,42.283298],[-3.706204,42.282688],[-3.706239,42.282018],[-3.706209,42.281624],[-3.706154,42.281319],[-3.706067,42.280976],[-3.705925,42.28057],[-3.705725,42.280135],[-3.700447,42.27074],[-3.700328,42.27053],[-3.699846,42.269643],[-3.699627,42.269204],[-3.699302,42.268383],[-3.699099,42.267567],[-3.699027,42.266957],[-3.699006,42.266429],[-3.699034,42.265567],[-3.699173,42.263577],[-3.699199,42.2632],[-3.699277,42.262104],[-3.699519,42.258603],[-3.699632,42.257681],[-3.699717,42.257204],[-3.699921,42.256243],[-3.700155,42.255365],[-3.700327,42.254819],[-3.702416,42.248974],[-3.702534,42.248685],[-3.702778,42.248188],[-3.703023,42.247806],[-3.703335,42.247427],[-3.704852,42.245615],[-3.705225,42.245125],[-3.705725,42.244327],[-3.706132,42.243568],[-3.706331,42.24315],[-3.706556,42.242491],[-3.706646,42.242171],[-3.706738,42.241577],[-3.706742,42.240902],[-3.706651,42.240289],[-3.706607,42.240057],[-3.70653,42.239802],[-3.706233,42.238983],[-3.705829,42.237983],[-3.705294,42.236541],[-3.705079,42.235772],[-3.704959,42.235098],[-3.704898,42.234338],[-3.704891,42.233934],[-3.704911,42.233413],[-3.704944,42.233101],[-3.705047,42.232399],[-3.705146,42.231954],[-3.705617,42.230608],[-3.705914,42.229768],[-3.706003,42.229324],[-3.706075,42.228798],[-3.706077,42.228212],[-3.70604,42.227851],[-3.705956,42.227376],[-3.705879,42.22708],[-3.704928,42.224426],[-3.703826,42.221426],[-3.702688,42.218307],[-3.702524,42.217821],[-3.702418,42.217386],[-3.70236,42.21693],[-3.702336,42.216459],[-3.702233,42.212609],[-3.702239,42.211965],[-3.702164,42.210931],[-3.702002,42.210002],[-3.701898,42.209604],[-3.701685,42.208995],[-3.70147,42.208495],[-3.701106,42.207786],[-3.700768,42.207248],[-3.700466,42.206829],[-3.700154,42.206437],[-3.699571,42.205805],[-3.698387,42.204721],[-3.697873,42.204227],[-3.697447,42.203747],[-3.697166,42.203363],[-3.696928,42.202994],[-3.696753,42.202685],[-3.696534,42.202228],[-3.696294,42.201555],[-3.696211,42.201238],[-3.696113,42.200477],[-3.696101,42.19995],[-3.696111,42.199585],[-3.696174,42.199136],[-3.696252,42.198788],[-3.696575,42.197637],[-3.69763,42.193792],[-3.699484,42.187069],[-3.700196,42.184506],[-3.700335,42.184053],[-3.700526,42.183618],[-3.700679,42.183343],[-3.70106,42.182785],[-3.701845,42.181707],[-3.702471,42.180763],[-3.702801,42.180137],[-3.702917,42.17985],[-3.703034,42.179408],[-3.703146,42.178698],[-3.70317,42.178368],[-3.703168,42.178115],[-3.703118,42.177608],[-3.70291,42.17654],[-3.702781,42.175814],[-3.702724,42.175221],[-3.702709,42.174616],[-3.702742,42.173734],[-3.702749,42.173558],[-3.702907,42.170555],[-3.702883,42.169393],[-3.70274,42.168243],[-3.701765,42.164166],[-3.701571,42.163403],[-3.70104,42.161556],[-3.700883,42.160811],[-3.700819,42.160131],[-3.700834,42.15941],[-3.7011,42.15709],[-3.701464,42.154026],[-3.701621,42.151752],[-3.701746,42.151149],[-3.701935,42.150622],[-3.702154,42.150145],[-3.702452,42.149654],[-3.702769,42.149212],[-3.702954,42.14899],[-3.703769,42.14817],[-3.711682,42.140401],[-3.712129,42.139896],[-3.712649,42.139261],[-3.713351,42.138274],[-3.714177,42.136712],[-3.71651,42.13231],[-3.716917,42.131393],[-3.717078,42.130969],[-3.717278,42.13034],[-3.717427,42.129759],[-3.717557,42.128968],[-3.717631,42.128342],[-3.717666,42.12784],[-3.717673,42.127393],[-3.717616,42.125601],[-3.717607,42.125472],[-3.717576,42.12517],[-3.717564,42.124917],[-3.717308,42.123061],[-3.71728,42.122591],[-3.717363,42.121561],[-3.717455,42.12073],[-3.717676,42.117944],[-3.717839,42.116241],[-3.717956,42.113655],[-3.718105,42.111069],[-3.718205,42.11048],[-3.718326,42.110061],[-3.718593,42.109448],[-3.719217,42.10818],[-3.725205,42.096215],[-3.726657,42.093337],[-3.727181,42.092214],[-3.728526,42.088624],[-3.730479,42.083351],[-3.730769,42.082713],[-3.73122,42.081816],[-3.733134,42.078102],[-3.733377,42.077579],[-3.733496,42.077231],[-3.73364,42.076653],[-3.7337,42.076376],[-3.73374,42.075924],[-3.733753,42.075572],[-3.733721,42.074849],[-3.733643,42.074435],[-3.733496,42.073846],[-3.733161,42.07283],[-3.732982,42.072072],[-3.732928,42.071545],[-3.732919,42.071109],[-3.733007,42.07021],[-3.733099,42.069839],[-3.733374,42.06906],[-3.733576,42.06862],[-3.733844,42.068155],[-3.734125,42.067752],[-3.734556,42.067219],[-3.738849,42.062384],[-3.739374,42.06177],[-3.740234,42.060669],[-3.742275,42.057953],[-3.742541,42.057512],[-3.742732,42.057102],[-3.742787,42.056929],[-3.742904,42.056497],[-3.74346,42.054128],[-3.743762,42.053016],[-3.743888,42.052653],[-3.744134,42.052073],[-3.744441,42.051487],[-3.746038,42.048732],[-3.746334,42.048188],[-3.746679,42.047496],[-3.746907,42.047048],[-3.747249,42.046488],[-3.747619,42.045978],[-3.748366,42.045111],[-3.75067,42.0426],[-3.75343,42.039719],[-3.75392,42.039233],[-3.754181,42.039007],[-3.754474,42.038785],[-3.754956,42.038482],[-3.755438,42.038238],[-3.755819,42.038081],[-3.755995,42.038014],[-3.756275,42.037914],[-3.758931,42.037089],[-3.760047,42.036727],[-3.760206,42.036666],[-3.760644,42.036488],[-3.761444,42.036114],[-3.761779,42.035933],[-3.762408,42.035531],[-3.762843,42.035219],[-3.763418,42.034725],[-3.763669,42.034485],[-3.764189,42.033908],[-3.764984,42.032864],[-3.765275,42.032474],[-3.766653,42.030651],[-3.767761,42.029175],[-3.767829,42.029077],[-3.768176,42.028566],[-3.768411,42.028135],[-3.768538,42.02785],[-3.768705,42.027278],[-3.768793,42.026812],[-3.768795,42.026354],[-3.768735,42.025751],[-3.768559,42.025146],[-3.768305,42.024572],[-3.768129,42.024285],[-3.767733,42.023762],[-3.767489,42.023493],[-3.76722,42.023238],[-3.767002,42.023062],[-3.766874,42.022964],[-3.76666,42.022805],[-3.766078,42.022425],[-3.765106,42.021911],[-3.764526,42.021632],[-3.76387,42.021277],[-3.762591,42.020629],[-3.758896,42.018728],[-3.758219,42.018344],[-3.757721,42.018038],[-3.757288,42.017747],[-3.756985,42.01752],[-3.756688,42.017286],[-3.756074,42.016731],[-3.755396,42.01596],[-3.755044,42.015452],[-3.754858,42.015151],[-3.754522,42.014532],[-3.754263,42.013934],[-3.754016,42.013211],[-3.753824,42.012276],[-3.753753,42.011678],[-3.753734,42.011046],[-3.75381,42.010099],[-3.753928,42.009508],[-3.754081,42.00892],[-3.754416,42.00804],[-3.75454,42.007774],[-3.754936,42.007043],[-3.755493,42.006183],[-3.757873,42.002607],[-3.758489,42.001641],[-3.758896,42.00093],[-3.759724,41.999307],[-3.760499,41.997788],[-3.76083,41.997038],[-3.76115,41.996229],[-3.761363,41.995558],[-3.761495,41.995063],[-3.761648,41.994467],[-3.761745,41.993958],[-3.761936,41.99327],[-3.762171,41.992486],[-3.762426,41.991742],[-3.762916,41.990526],[-3.763275,41.989744],[-3.763807,41.98869],[-3.764427,41.987612],[-3.764796,41.987039],[-3.765217,41.986466],[-3.765489,41.986149],[-3.765791,41.985839],[-3.766066,41.985591],[-3.766512,41.985224],[-3.76683,41.985012],[-3.76726,41.984747],[-3.767768,41.984462],[-3.767987,41.984345],[-3.768403,41.984113],[-3.769724,41.983265],[-3.770737,41.982504],[-3.772176,41.981245],[-3.773317,41.980219],[-3.775353,41.978399],[-3.775896,41.977862],[-3.776307,41.977404],[-3.776669,41.976918],[-3.777133,41.976169],[-3.777208,41.976022],[-3.777409,41.975583],[-3.777516,41.975277],[-3.777712,41.974568],[-3.778176,41.972623],[-3.778269,41.972082],[-3.778297,41.97177],[-3.778318,41.971264],[-3.778299,41.970564],[-3.778193,41.96987],[-3.778007,41.969149],[-3.777777,41.968507],[-3.777646,41.968217],[-3.777306,41.967565],[-3.776957,41.967016],[-3.776651,41.966593],[-3.76743,41.954611],[-3.766708,41.953619],[-3.76621,41.952835],[-3.76583,41.952106],[-3.765591,41.951566],[-3.765231,41.95058],[-3.764978,41.949611],[-3.764818,41.948616],[-3.763254,41.932793],[-3.763179,41.932184],[-3.76306,41.931586],[-3.762984,41.931308],[-3.762815,41.930848],[-3.762625,41.930395],[-3.762363,41.929889],[-3.762181,41.929578],[-3.761689,41.928869],[-3.761151,41.928231],[-3.760649,41.927718],[-3.759338,41.92654],[-3.758676,41.92594],[-3.758185,41.925462],[-3.75784,41.925061],[-3.757459,41.924518],[-3.757145,41.923952],[-3.756979,41.923586],[-3.756349,41.921869],[-3.756051,41.921138],[-3.755916,41.920871],[-3.755746,41.920595],[-3.755595,41.920376],[-3.755199,41.919896],[-3.754214,41.918951],[-3.753551,41.918425],[-3.752666,41.91784],[-3.751192,41.917013],[-3.750576,41.916597],[-3.749978,41.916092],[-3.74972,41.915853],[-3.749447,41.915561],[-3.749125,41.915138],[-3.748838,41.914673],[-3.74865,41.914302],[-3.748576,41.914092],[-3.748448,41.913794],[-3.748273,41.913245],[-3.748184,41.91275],[-3.748163,41.912348],[-3.748164,41.912153],[-3.748221,41.911234],[-3.748582,41.907298],[-3.748668,41.906688],[-3.748835,41.905786],[-3.749286,41.903849],[-3.74944,41.903051],[-3.749471,41.902466],[-3.749421,41.901877],[-3.749279,41.901274],[-3.74908,41.900763],[-3.748832,41.900292],[-3.748505,41.899812],[-3.748007,41.899249],[-3.746339,41.89772],[-3.745855,41.897193],[-3.745597,41.896873],[-3.745064,41.896126],[-3.743628,41.89392],[-3.743432,41.893599],[-3.741766,41.89124],[-3.741267,41.890629],[-3.740257,41.88932],[-3.739465,41.888335],[-3.738493,41.887081],[-3.735932,41.88384],[-3.735757,41.883571],[-3.735244,41.882902],[-3.733484,41.88068],[-3.733011,41.880003],[-3.732862,41.879749],[-3.732617,41.879263],[-3.732407,41.878732],[-3.732237,41.878119],[-3.73215,41.877694],[-3.731491,41.873572],[-3.731448,41.873125],[-3.731427,41.872528],[-3.731468,41.871742],[-3.731558,41.871128],[-3.731693,41.870521],[-3.731776,41.87021],[-3.732046,41.869461],[-3.732241,41.869027],[-3.732531,41.868463],[-3.732693,41.868175],[-3.733138,41.867495],[-3.734393,41.865714],[-3.734666,41.865246],[-3.734907,41.864729],[-3.735118,41.864112],[-3.735253,41.863506],[-3.735295,41.863212],[-3.735322,41.862814],[-3.735309,41.862246],[-3.735237,41.86166],[-3.735047,41.860894],[-3.734818,41.860203],[-3.734625,41.859693],[-3.734231,41.858799],[-3.733883,41.858122],[-3.733739,41.857879],[-3.733415,41.857408],[-3.732869,41.856737],[-3.732516,41.85637],[-3.732072,41.85597],[-3.731343,41.8554],[-3.730677,41.854955],[-3.730297,41.854724],[-3.729538,41.854332],[-3.728769,41.853987],[-3.728418,41.853849],[-3.726079,41.85302],[-3.725005,41.852629],[-3.724228,41.852281],[-3.723552,41.851921],[-3.722994,41.851581],[-3.722233,41.851031],[-3.721764,41.850631],[-3.721197,41.850068],[-3.72102,41.84986],[-3.720442,41.849103],[-3.717656,41.844837],[-3.71737,41.844422],[-3.716797,41.843741],[-3.71634,41.843279],[-3.715919,41.842904],[-3.715497,41.842562],[-3.71492,41.842144],[-3.713562,41.841205],[-3.712678,41.840519],[-3.712112,41.840034],[-3.711429,41.839423],[-3.710152,41.838224],[-3.709894,41.837963],[-3.709696,41.837752],[-3.709352,41.837339],[-3.709178,41.837112],[-3.708956,41.836779],[-3.708677,41.836268],[-3.708451,41.835777],[-3.708268,41.835243],[-3.708109,41.834494],[-3.708063,41.834014],[-3.708066,41.833452],[-3.708089,41.833129],[-3.708294,41.831564],[-3.708305,41.831179],[-3.708274,41.830658],[-3.70823,41.83029],[-3.708097,41.829728],[-3.707848,41.829006],[-3.707585,41.828356],[-3.706661,41.82633],[-3.704885,41.822322],[-3.703919,41.819964],[-3.702628,41.816693],[-3.702336,41.815937],[-3.702228,41.815608],[-3.702019,41.81485],[-3.701734,41.813648],[-3.701307,41.811968],[-3.700898,41.810464],[-3.700116,41.80775],[-3.700056,41.807489],[-3.699996,41.807001],[-3.700007,41.8065],[-3.701028,41.796756],[-3.701064,41.795876],[-3.700996,41.79495],[-3.700842,41.794238],[-3.700609,41.793507],[-3.697955,41.786762],[-3.697719,41.786067],[-3.697459,41.785064],[-3.697264,41.784144],[-3.697127,41.783158],[-3.697065,41.782249],[-3.697067,41.781709],[-3.697069,41.781537],[-3.697111,41.78074],[-3.697122,41.78058],[-3.697389,41.777031],[-3.697676,41.773049],[-3.6977,41.772603],[-3.697694,41.771865],[-3.697616,41.771236],[-3.697531,41.770813],[-3.69736,41.770203],[-3.697148,41.769639],[-3.696988,41.769274],[-3.696787,41.768905],[-3.696529,41.768463],[-3.696277,41.768084],[-3.695848,41.767527],[-3.695377,41.767007],[-3.694607,41.766302],[-3.694173,41.765954],[-3.690859,41.76344],[-3.690493,41.763117],[-3.690146,41.762765],[-3.689768,41.762288],[-3.689587,41.762026],[-3.689437,41.761768],[-3.689206,41.761272],[-3.689065,41.760833],[-3.688969,41.760368],[-3.688919,41.759768],[-3.689012,41.757932],[-3.689225,41.754261],[-3.689358,41.75161],[-3.689358,41.750403],[-3.689259,41.748844],[-3.689077,41.746095],[-3.688934,41.745183],[-3.688421,41.743076],[-3.688287,41.742162],[-3.688232,41.741373],[-3.688249,41.740447],[-3.68877,41.733547],[-3.688737,41.732884],[-3.688664,41.732456],[-3.688486,41.731787],[-3.687227,41.727746],[-3.686941,41.726748],[-3.686829,41.726145],[-3.686777,41.725535],[-3.686811,41.724843],[-3.686851,41.724589],[-3.686981,41.723986],[-3.687099,41.723542],[-3.688456,41.719247],[-3.688701,41.718401],[-3.688805,41.717801],[-3.688832,41.717404],[-3.688823,41.716799],[-3.688752,41.716203],[-3.688597,41.715229],[-3.688548,41.714776],[-3.688538,41.714298],[-3.688595,41.713657],[-3.688698,41.713127],[-3.688767,41.712878],[-3.688972,41.712315],[-3.689117,41.711995],[-3.689493,41.711334],[-3.689958,41.710699],[-3.690199,41.71042],[-3.690566,41.710055],[-3.690812,41.709824],[-3.691298,41.709421],[-3.69193,41.708997],[-3.692252,41.708798],[-3.692765,41.708518],[-3.69319,41.708321],[-3.693848,41.708048],[-3.695036,41.707605],[-3.69549,41.707422],[-3.696232,41.707097],[-3.696637,41.706897],[-3.697385,41.706503],[-3.697795,41.706254],[-3.69855,41.705742],[-3.699251,41.705206],[-3.69982,41.704715],[-3.700723,41.703802],[-3.715251,41.688425],[-3.716057,41.687581],[-3.716597,41.687069],[-3.716949,41.686754],[-3.717892,41.686007],[-3.718711,41.685453],[-3.719394,41.685044],[-3.720227,41.684595],[-3.722438,41.68358],[-3.722969,41.683314],[-3.723962,41.682771],[-3.724251,41.682593],[-3.725121,41.681985],[-3.725815,41.681433],[-3.726073,41.681201],[-3.726447,41.68084],[-3.727069,41.680179],[-3.727565,41.679557],[-3.727831,41.679179],[-3.727977,41.678951],[-3.728366,41.678278],[-3.728571,41.677862],[-3.728942,41.67693],[-3.729178,41.676106],[-3.729333,41.675194],[-3.729377,41.674264],[-3.729344,41.673591],[-3.729282,41.673063],[-3.729164,41.672453],[-3.729051,41.671996],[-3.728525,41.670395],[-3.728326,41.669683],[-3.728222,41.669056],[-3.72817,41.668301],[-3.728206,41.667432],[-3.728264,41.666986],[-3.728357,41.666537],[-3.728468,41.665952],[-3.728565,41.665243],[-3.728592,41.664718],[-3.728592,41.664231],[-3.728578,41.663898],[-3.72853,41.663471],[-3.728469,41.66308],[-3.728356,41.662624],[-3.728319,41.662459],[-3.728224,41.662121],[-3.727899,41.661285],[-3.727442,41.660419],[-3.727056,41.65981],[-3.726121,41.658505],[-3.725733,41.657893],[-3.725404,41.657278],[-3.725052,41.656449],[-3.724445,41.654794],[-3.724128,41.65409],[-3.723956,41.653772],[-3.723596,41.653174],[-3.723284,41.652715],[-3.722907,41.652241],[-3.722472,41.651743],[-3.721839,41.651104],[-3.720954,41.650361],[-3.720474,41.650003],[-3.71933,41.649199],[-3.718406,41.648478],[-3.717766,41.647899],[-3.715865,41.645934],[-3.715205,41.645364],[-3.714344,41.644719],[-3.713877,41.644414],[-3.713335,41.644091],[-3.712227,41.643493],[-3.709919,41.642295],[-3.707123,41.640837],[-3.705811,41.640177],[-3.705039,41.639749],[-3.703333,41.638863],[-3.701458,41.63782],[-3.701147,41.637619],[-3.70074,41.637338],[-3.700127,41.63686],[-3.699645,41.636447],[-3.699224,41.636043],[-3.698543,41.635298],[-3.698016,41.63463],[-3.697808,41.634299],[-3.697616,41.633999],[-3.697283,41.633377],[-3.696762,41.632149],[-3.696313,41.631046],[-3.695863,41.630152],[-3.695579,41.629696],[-3.695155,41.629095],[-3.69469,41.628527],[-3.694153,41.627951],[-3.693739,41.627558],[-3.69238,41.626393],[-3.69169,41.625741],[-3.691104,41.62507],[-3.690564,41.62431],[-3.69033,41.623902],[-3.690185,41.623632],[-3.689895,41.622958],[-3.689776,41.622625],[-3.689629,41.622129],[-3.68951,41.621503],[-3.689439,41.620712],[-3.689445,41.620087],[-3.689483,41.619706],[-3.689576,41.619155],[-3.689703,41.618607],[-3.68988,41.618079],[-3.690173,41.617409],[-3.691362,41.61519],[-3.691837,41.614166],[-3.692117,41.613447],[-3.692864,41.611407],[-3.693194,41.610664],[-3.693583,41.609923],[-3.694956,41.607799],[-3.695242,41.60729],[-3.695451,41.606865],[-3.695729,41.606232],[-3.696034,41.605211],[-3.696158,41.604589],[-3.696221,41.604106],[-3.696264,41.603259],[-3.696229,41.602518],[-3.696078,41.601503],[-3.695865,41.600563],[-3.695682,41.599643],[-3.695586,41.59891],[-3.695534,41.598105],[-3.695535,41.59764],[-3.695569,41.59702],[-3.695664,41.596264],[-3.695756,41.595791],[-3.695994,41.594904],[-3.696149,41.594412],[-3.696378,41.593839],[-3.696596,41.593352],[-3.697064,41.59248],[-3.697384,41.591964],[-3.697885,41.591261],[-3.698301,41.590738],[-3.698558,41.590449],[-3.699006,41.589971],[-3.699674,41.589329],[-3.700266,41.588811],[-3.701638,41.587713],[-3.702526,41.586968],[-3.703373,41.58616],[-3.703779,41.585731],[-3.704145,41.585308],[-3.704542,41.584809],[-3.704938,41.584269],[-3.705362,41.583612],[-3.705939,41.582557],[-3.706106,41.582201],[-3.706374,41.581553],[-3.706639,41.58075],[-3.706866,41.57984],[-3.707024,41.578847],[-3.707074,41.578234],[-3.707095,41.577465],[-3.707057,41.576672],[-3.70688,41.575474],[-3.70635,41.573093],[-3.7063,41.57269],[-3.706273,41.572277],[-3.706283,41.571511],[-3.706315,41.571174],[-3.706387,41.570739],[-3.706541,41.570118],[-3.70679,41.569368],[-3.708296,41.565752],[-3.708542,41.565142],[-3.70864,41.564847],[-3.708828,41.564464],[-3.709381,41.563082],[-3.710173,41.561219],[-3.711062,41.559164],[-3.711504,41.558347],[-3.711992,41.557648],[-3.712527,41.556943],[-3.713496,41.555947],[-3.714362,41.555222],[-3.715059,41.554565],[-3.715638,41.553928],[-3.716029,41.553456],[-3.716595,41.552664],[-3.717009,41.552045],[-3.717611,41.550823],[-3.717857,41.55021],[-3.718089,41.549521],[-3.718242,41.548902],[-3.718307,41.548543],[-3.71838,41.547892],[-3.718409,41.547441],[-3.718423,41.546622],[-3.718372,41.545883],[-3.718254,41.544887],[-3.717785,41.543345],[-3.71725,41.542175],[-3.716405,41.540692],[-3.716131,41.540172],[-3.71592,41.539707],[-3.715628,41.538934],[-3.715446,41.538137],[-3.715405,41.537251],[-3.715449,41.536468],[-3.715732,41.534543],[-3.715833,41.533885],[-3.715963,41.532539],[-3.71605,41.531099],[-3.71614,41.529108],[-3.716202,41.527617],[-3.716206,41.527116],[-3.716157,41.526416],[-3.715965,41.525433],[-3.715782,41.524693],[-3.715238,41.522425],[-3.715171,41.521783],[-3.715184,41.521478],[-3.715255,41.521025],[-3.715348,41.520733],[-3.715483,41.520414],[-3.715978,41.519493],[-3.716196,41.519145],[-3.716335,41.518865],[-3.716531,41.518461],[-3.71675,41.517886],[-3.716829,41.517636],[-3.716898,41.5173],[-3.716995,41.516588],[-3.717092,41.515419],[-3.717077,41.514689],[-3.716882,41.513563],[-3.716808,41.513261],[-3.716139,41.510862],[-3.715877,41.510026],[-3.715772,41.509778],[-3.715546,41.509347],[-3.715256,41.508937],[-3.715107,41.508754],[-3.714878,41.508518],[-3.714561,41.508237],[-3.714341,41.508069],[-3.712836,41.507108],[-3.712579,41.506914],[-3.712336,41.506718],[-3.712089,41.506489],[-3.711714,41.506044],[-3.711551,41.505816],[-3.711427,41.505624],[-3.711159,41.505071],[-3.708317,41.498669],[-3.707814,41.497609],[-3.707532,41.497097],[-3.707109,41.496394],[-3.706875,41.496074],[-3.70615,41.495204],[-3.704016,41.493093],[-3.703721,41.49278],[-3.703009,41.491825],[-3.702722,41.49134],[-3.70258,41.491076],[-3.702368,41.490611],[-3.701876,41.489415],[-3.701663,41.488953],[-3.701451,41.488551],[-3.700983,41.487833],[-3.700511,41.487262],[-3.699812,41.486595],[-3.699121,41.48598],[-3.694916,41.482365],[-3.693869,41.481451],[-3.693319,41.480931],[-3.692872,41.480436],[-3.686937,41.47358],[-3.68549,41.471906],[-3.68484,41.471098],[-3.6822,41.467553],[-3.676887,41.460438],[-3.676605,41.460042],[-3.67628,41.459515],[-3.676017,41.458986],[-3.675785,41.458383],[-3.675585,41.457455],[-3.675547,41.456915],[-3.675553,41.456443],[-3.675595,41.455984],[-3.675723,41.45535],[-3.675806,41.45506],[-3.676011,41.45453],[-3.676151,41.454225],[-3.676365,41.453836],[-3.676716,41.453296],[-3.677351,41.45245],[-3.677678,41.451982],[-3.677908,41.451546],[-3.678155,41.451005],[-3.678306,41.450561],[-3.67836,41.450342],[-3.678443,41.45004],[-3.678534,41.449642],[-3.678571,41.449203],[-3.678556,41.448612],[-3.678517,41.448268],[-3.678467,41.44798],[-3.678364,41.447567],[-3.67792,41.446248],[-3.677839,41.445939],[-3.677772,41.445667],[-3.677721,41.445308],[-3.677691,41.444923],[-3.677701,41.444306],[-3.677789,41.4437],[-3.678151,41.44232],[-3.67823,41.441951],[-3.678304,41.441356],[-3.678308,41.44059],[-3.678082,41.436961],[-3.678052,41.43639],[-3.677953,41.435607],[-3.677807,41.435036],[-3.677671,41.434661],[-3.677506,41.434292],[-3.677313,41.433932],[-3.677021,41.433486],[-3.6768,41.433197],[-3.675701,41.431952],[-3.675404,41.431549],[-3.675203,41.431235],[-3.675008,41.430856],[-3.674838,41.430472],[-3.674727,41.430159],[-3.674367,41.428763],[-3.67428,41.428468],[-3.674097,41.427968],[-3.673915,41.427601],[-3.673743,41.427307],[-3.673477,41.426906],[-3.673259,41.42662],[-3.67281,41.426129],[-3.672536,41.425869],[-3.672002,41.425428],[-3.671681,41.425206],[-3.671369,41.425005],[-3.66957,41.423991],[-3.668491,41.423355],[-3.666447,41.422202],[-3.665677,41.421713],[-3.664915,41.421143],[-3.6642,41.420572],[-3.663238,41.419587],[-3.662943,41.419258],[-3.662735,41.419021],[-3.661032,41.416868],[-3.660817,41.416595],[-3.658699,41.413918],[-3.657745,41.412721],[-3.656946,41.411653],[-3.656268,41.410572],[-3.653264,41.405628],[-3.652652,41.404769],[-3.651024,41.402609],[-3.650374,41.401689],[-3.649893,41.400953],[-3.6493,41.40002],[-3.648916,41.399324],[-3.648641,41.398731],[-3.64825,41.397724],[-3.647105,41.394801],[-3.646991,41.394502],[-3.64558,41.390887],[-3.6453,41.390111],[-3.645157,41.389537],[-3.645068,41.389094],[-3.645012,41.388361],[-3.645013,41.387281],[-3.645026,41.386985],[-3.645098,41.383903],[-3.645179,41.381115],[-3.645155,41.380063],[-3.645093,41.379311],[-3.645042,41.378947],[-3.644917,41.378185],[-3.644756,41.377491],[-3.644636,41.377051],[-3.644351,41.376175],[-3.644078,41.375472],[-3.64364,41.374513],[-3.643193,41.373683],[-3.641609,41.370896],[-3.639927,41.367954],[-3.639459,41.367101],[-3.639192,41.366538],[-3.63897,41.365964],[-3.638765,41.365209],[-3.638695,41.36482],[-3.638645,41.36436],[-3.638624,41.363703],[-3.638663,41.36305],[-3.638894,41.361467],[-3.641056,41.347913],[-3.641351,41.346315],[-3.641607,41.345102],[-3.642066,41.343401],[-3.642418,41.342269],[-3.642843,41.341054],[-3.643228,41.340023],[-3.643389,41.339532],[-3.643576,41.338728],[-3.643658,41.338046],[-3.643681,41.337581],[-3.643675,41.337213],[-3.643637,41.336694],[-3.643591,41.336378],[-3.643463,41.335761],[-3.643377,41.335466],[-3.643101,41.334727],[-3.642825,41.334169],[-3.64252,41.33364],[-3.642246,41.333229],[-3.641865,41.332731],[-3.641773,41.332613],[-3.64128,41.332075],[-3.634215,41.324713],[-3.634109,41.324601],[-3.63118,41.321552],[-3.62821,41.318447],[-3.626974,41.317169],[-3.62664,41.316847],[-3.626266,41.316512],[-3.625181,41.315637],[-3.621688,41.312884],[-3.620896,41.312278],[-3.620086,41.31173],[-3.619218,41.311238],[-3.609534,41.306196],[-3.608752,41.305712],[-3.608546,41.305581],[-3.608049,41.30518],[-3.60767,41.30482],[-3.607456,41.304588],[-3.607149,41.304215],[-3.606429,41.303199],[-3.605046,41.301195],[-3.604649,41.300557],[-3.604311,41.299875],[-3.604195,41.299592],[-3.603931,41.298765],[-3.603785,41.298033],[-3.603735,41.297367],[-3.603733,41.296757],[-3.603772,41.296301],[-3.603833,41.295907],[-3.604008,41.295172],[-3.604304,41.294355],[-3.60467,41.293611],[-3.605459,41.292243],[-3.605641,41.291847],[-3.605782,41.291446],[-3.605859,41.291165],[-3.605936,41.290759],[-3.605973,41.290399],[-3.60598,41.290081],[-3.60593,41.289461],[-3.605837,41.288827],[-3.605185,41.28473],[-3.60517,41.284614],[-3.604521,41.280549],[-3.604274,41.278994],[-3.604121,41.278285],[-3.604043,41.277991],[-3.603931,41.277678],[-3.603692,41.277143],[-3.603339,41.276526],[-3.602927,41.275935],[-3.602497,41.275375],[-3.601581,41.274104],[-3.60131,41.273708],[-3.598668,41.269312],[-3.596022,41.264837],[-3.595586,41.264018],[-3.59521,41.263182],[-3.595041,41.262713],[-3.594664,41.261429],[-3.593135,41.254895],[-3.592536,41.252364],[-3.592397,41.251682],[-3.592342,41.251204],[-3.592321,41.250602],[-3.59248,41.245701],[-3.592484,41.245133],[-3.592469,41.244706],[-3.592383,41.243998],[-3.592214,41.243244],[-3.59191,41.24241],[-3.591559,41.241677],[-3.590504,41.239623],[-3.589417,41.237491],[-3.589208,41.23698],[-3.58909,41.236624],[-3.588975,41.236161],[-3.588928,41.235901],[-3.588887,41.235439],[-3.588875,41.234959],[-3.588958,41.234184],[-3.589016,41.233883],[-3.58918,41.233317],[-3.589358,41.232873],[-3.589803,41.232045],[-3.590582,41.230788],[-3.590737,41.230525],[-3.590989,41.229969],[-3.591199,41.229305],[-3.591336,41.228642],[-3.591375,41.228242],[-3.591392,41.227793],[-3.591362,41.227324],[-3.591287,41.226842],[-3.591208,41.226468],[-3.590969,41.225771],[-3.590791,41.225366],[-3.590643,41.225088],[-3.590249,41.224451],[-3.58995,41.224062],[-3.589656,41.223727],[-3.589289,41.223352],[-3.588819,41.222941],[-3.588184,41.222471],[-3.587834,41.222248],[-3.587149,41.221846],[-3.586644,41.221558],[-3.585621,41.220917],[-3.585092,41.220537],[-3.584545,41.220094],[-3.583984,41.219566],[-3.58338,41.218904],[-3.582919,41.218317],[-3.582646,41.217909],[-3.582444,41.217571],[-3.581795,41.21633],[-3.581376,41.215388],[-3.581123,41.21474],[-3.580941,41.214218],[-3.580661,41.213307],[-3.580508,41.212713],[-3.580355,41.21202],[-3.580167,41.210805],[-3.580102,41.210263],[-3.58005,41.209115],[-3.58009,41.208369],[-3.58015,41.207957],[-3.580315,41.207075],[-3.580885,41.204326],[-3.581802,41.199739],[-3.582103,41.198283],[-3.582203,41.197877],[-3.58245,41.197192],[-3.582664,41.196708],[-3.582993,41.196134],[-3.583744,41.194951],[-3.584014,41.194496],[-3.584306,41.193923],[-3.584576,41.193262],[-3.584757,41.192627],[-3.584873,41.192111],[-3.584898,41.191955],[-3.584957,41.191415],[-3.584961,41.190576],[-3.584762,41.188519],[-3.584783,41.187565],[-3.58503,41.185718],[-3.585059,41.185117],[-3.585042,41.184503],[-3.58497,41.183936],[-3.584874,41.183416],[-3.584749,41.182977],[-3.584381,41.181813],[-3.584165,41.181213],[-3.583903,41.180552],[-3.583373,41.179379],[-3.583134,41.178731],[-3.582965,41.178086],[-3.58292,41.177832],[-3.582836,41.177219],[-3.582817,41.176816],[-3.582839,41.17544],[-3.582823,41.174499],[-3.582758,41.173898],[-3.582372,41.171757],[-3.58228,41.171003],[-3.582242,41.170166],[-3.582266,41.169389],[-3.582349,41.168741],[-3.582408,41.168441],[-3.582527,41.168006],[-3.58276,41.167393],[-3.582855,41.167193],[-3.583127,41.166689],[-3.584137,41.165006],[-3.58493,41.16362],[-3.585142,41.163091],[-3.585248,41.162594],[-3.585291,41.16225],[-3.585288,41.161815],[-3.585268,41.161596],[-3.585163,41.161106],[-3.584917,41.160154],[-3.584875,41.159872],[-3.584853,41.159286],[-3.584902,41.158891],[-3.584968,41.158572],[-3.585419,41.157293],[-3.585554,41.156756],[-3.585599,41.156113],[-3.585564,41.155668],[-3.585245,41.154104],[-3.585159,41.15304],[-3.585056,41.15246],[-3.58489,41.151916],[-3.584332,41.150517],[-3.584235,41.150079],[-3.584178,41.149515],[-3.584174,41.148259],[-3.584065,41.147693],[-3.583958,41.147342],[-3.583314,41.145891],[-3.582263,41.143595],[-3.581904,41.142761],[-3.581804,41.142491],[-3.581675,41.141995],[-3.581615,41.141622],[-3.581586,41.14125],[-3.581598,41.140837],[-3.581649,41.140303],[-3.582354,41.136618],[-3.582618,41.135744],[-3.583868,41.132175],[-3.584033,41.131361],[-3.584117,41.130692],[-3.584105,41.130347],[-3.584064,41.129985],[-3.583808,41.129109],[-3.583643,41.128646],[-3.583477,41.128103],[-3.583382,41.127539],[-3.583368,41.126971],[-3.583397,41.126666],[-3.583445,41.126407],[-3.583644,41.125771],[-3.583875,41.125278],[-3.584048,41.125002],[-3.584254,41.124718],[-3.584569,41.124335],[-3.585192,41.123628],[-3.585392,41.123373],[-3.5856,41.123069],[-3.5858,41.122751],[-3.585981,41.122392],[-3.586238,41.121681],[-3.58636,41.121123],[-3.5864,41.120787],[-3.586408,41.119761],[-3.586471,41.11878],[-3.586673,41.117918],[-3.586991,41.116891],[-3.587129,41.116319],[-3.587375,41.114628],[-3.587551,41.113858],[-3.587663,41.113489],[-3.588229,41.111937],[-3.588306,41.111684],[-3.588391,41.111295],[-3.588451,41.110978],[-3.588505,41.11035],[-3.58855,41.109429],[-3.588623,41.108971],[-3.58868,41.108731],[-3.588774,41.108487],[-3.588906,41.108208],[-3.589188,41.107742],[-3.589372,41.107505],[-3.589587,41.10727],[-3.589867,41.107014],[-3.590152,41.10679],[-3.591233,41.105984],[-3.591731,41.105524],[-3.591941,41.105286],[-3.592086,41.105102],[-3.592417,41.104574],[-3.592668,41.103983],[-3.592814,41.103384],[-3.592851,41.102761],[-3.592833,41.10249],[-3.592751,41.102065],[-3.592672,41.101768],[-3.592355,41.100848],[-3.592227,41.100366],[-3.592171,41.09997],[-3.592158,41.099683],[-3.592203,41.099067],[-3.592283,41.098695],[-3.592375,41.098404],[-3.592568,41.097912],[-3.592827,41.097419],[-3.593084,41.097002],[-3.593296,41.096699],[-3.594314,41.09537],[-3.594615,41.094829],[-3.594872,41.094256],[-3.59498,41.093927],[-3.595107,41.093366],[-3.595196,41.092756],[-3.595577,41.089579],[-3.595781,41.087986],[-3.595915,41.087289],[-3.596434,41.085463],[-3.596705,41.08465],[-3.597061,41.083861],[-3.597286,41.083434],[-3.597759,41.082666],[-3.5981,41.082192],[-3.598521,41.081659],[-3.59989,41.080135],[-3.599988,41.080021],[-3.600624,41.079364],[-3.600964,41.079082],[-3.601538,41.078645],[-3.602313,41.078048],[-3.602618,41.077772],[-3.602841,41.077551],[-3.603107,41.077253],[-3.603528,41.076709],[-3.603716,41.076415],[-3.604039,41.075794],[-3.607121,41.067793],[-3.607549,41.066801],[-3.607759,41.066372],[-3.607986,41.065968],[-3.612305,41.058571],[-3.613092,41.057187],[-3.613792,41.055744],[-3.614199,41.054767],[-3.614382,41.054279],[-3.614641,41.053524],[-3.614813,41.052952],[-3.614989,41.052332],[-3.615168,41.051573],[-3.615446,41.050085],[-3.616273,41.045189],[-3.617377,41.038591],[-3.617647,41.037075],[-3.617806,41.036483],[-3.618082,41.035725],[-3.618429,41.035023],[-3.62018,41.031906],[-3.624465,41.024224],[-3.629921,41.01446],[-3.630294,41.013848],[-3.630726,41.013239],[-3.631027,41.012879],[-3.631264,41.012626],[-3.631659,41.012245],[-3.632184,41.011798],[-3.63267,41.011447],[-3.633149,41.011134],[-3.634338,41.010432],[-3.635079,41.00996],[-3.635348,41.009748],[-3.635743,41.009404],[-3.636285,41.008829],[-3.636502,41.008564],[-3.636781,41.008163],[-3.637029,41.007741],[-3.637206,41.007369],[-3.637353,41.006986],[-3.637467,41.006616],[-3.637552,41.006229],[-3.63761,41.005761],[-3.637625,41.005242],[-3.637501,41.003711],[-3.637499,41.003396],[-3.637524,41.003077],[-3.637628,41.002531],[-3.637813,41.001991],[-3.637975,41.001645],[-3.638198,41.001255],[-3.638458,41.000887],[-3.638725,41.000572],[-3.639053,41.000229],[-3.639958,40.999388],[-3.640409,40.998903],[-3.640699,40.998548],[-3.640901,40.998266],[-3.641149,40.99788],[-3.641365,40.997485],[-3.641513,40.997155],[-3.641672,40.996754],[-3.641803,40.996339],[-3.641969,40.995558],[-3.642247,40.993919],[-3.642332,40.992819],[-3.642314,40.991057],[-3.642271,40.990091],[-3.642212,40.989631],[-3.642075,40.988853],[-3.641843,40.987964],[-3.64154,40.987113],[-3.641361,40.986702],[-3.641104,40.986184],[-3.640452,40.984972],[-3.639886,40.98391],[-3.63963,40.98339],[-3.639441,40.982949],[-3.639196,40.982277],[-3.638996,40.981617],[-3.638892,40.981139],[-3.638859,40.980941],[-3.638794,40.980592],[-3.638721,40.980012],[-3.638692,40.979713],[-3.638671,40.978982],[-3.638733,40.97794],[-3.638816,40.977317],[-3.638897,40.976895],[-3.639148,40.975945],[-3.639499,40.974969],[-3.639762,40.974121],[-3.639969,40.973177],[-3.640069,40.972459],[-3.640117,40.97173],[-3.640185,40.971179],[-3.640296,40.970555],[-3.640557,40.969549],[-3.641304,40.967175],[-3.641399,40.966803],[-3.64149,40.966381],[-3.64157,40.96576],[-3.641629,40.964241],[-3.641733,40.960613],[-3.641772,40.958869],[-3.641732,40.957881],[-3.641693,40.957587],[-3.641638,40.957286],[-3.641452,40.956579],[-3.641176,40.955827],[-3.640741,40.954781],[-3.640198,40.95349],[-3.639967,40.95287],[-3.63974,40.951979],[-3.639657,40.951386],[-3.639633,40.951014],[-3.639588,40.94946],[-3.639531,40.948656],[-3.639475,40.948348],[-3.63928,40.947744],[-3.638991,40.947172],[-3.638812,40.946898],[-3.638584,40.946593],[-3.638169,40.946137],[-3.637906,40.945911],[-3.637347,40.94549],[-3.637031,40.945285],[-3.636659,40.945076],[-3.633168,40.943093],[-3.632336,40.942576],[-3.632077,40.94237],[-3.631594,40.941941],[-3.631354,40.94169],[-3.631015,40.941283],[-3.629272,40.938999],[-3.628209,40.937606],[-3.62793,40.937202],[-3.627675,40.936792],[-3.627289,40.936085],[-3.625902,40.933506],[-3.625835,40.933381],[-3.624253,40.930438],[-3.623366,40.928789],[-3.623094,40.928344],[-3.62282,40.927956],[-3.622537,40.927608],[-3.621955,40.926978],[-3.621295,40.926362],[-3.619438,40.924672],[-3.619142,40.924429],[-3.61886,40.924224],[-3.61864,40.924076],[-3.61828,40.923871],[-3.617466,40.923499],[-3.615348,40.922661],[-3.614394,40.922253],[-3.613801,40.921927],[-3.613285,40.921566],[-3.613076,40.92138],[-3.612799,40.921115],[-3.612423,40.92066],[-3.61212,40.92017],[-3.611868,40.919703],[-3.611015,40.918068],[-3.610426,40.916877],[-3.610039,40.915935],[-3.609861,40.91542],[-3.609748,40.915004],[-3.609604,40.914298],[-3.609553,40.913981],[-3.609475,40.913235],[-3.609415,40.911828],[-3.609336,40.908524],[-3.609315,40.908019],[-3.609264,40.907477],[-3.609153,40.90667],[-3.608592,40.903203],[-3.608426,40.902498],[-3.608299,40.902121],[-3.608148,40.901753],[-3.60775,40.901017],[-3.607537,40.900693],[-3.603794,40.895487],[-3.603307,40.894752],[-3.603155,40.894472],[-3.602956,40.894003],[-3.602784,40.893422],[-3.602529,40.892352],[-3.60229,40.891724],[-3.602153,40.891443],[-3.601953,40.891113],[-3.601758,40.890834],[-3.601538,40.890552],[-3.600582,40.889477],[-3.600216,40.889005],[-3.599914,40.888569],[-3.599449,40.887742],[-3.5993,40.887418],[-3.599046,40.886773],[-3.598893,40.886252],[-3.598757,40.885644],[-3.598661,40.884857],[-3.59867,40.883956],[-3.598713,40.883517],[-3.598921,40.882114],[-3.599151,40.880284],[-3.599341,40.87918],[-3.59954,40.878312],[-3.599684,40.877766],[-3.599881,40.877171],[-3.600209,40.876375],[-3.600467,40.875866],[-3.600767,40.875351],[-3.601258,40.874642],[-3.601602,40.874214],[-3.601938,40.873821],[-3.603333,40.872396],[-3.603748,40.87194],[-3.604215,40.871364],[-3.604436,40.871058],[-3.604627,40.870779],[-3.604961,40.870226],[-3.605333,40.86948],[-3.605642,40.868719],[-3.605897,40.86783],[-3.606375,40.865393],[-3.6066,40.864512],[-3.606754,40.864012],[-3.606882,40.86363],[-3.607236,40.862729],[-3.607495,40.862166],[-3.607813,40.861535],[-3.608635,40.860128],[-3.609209,40.859214],[-3.609503,40.858716],[-3.609721,40.858302],[-3.610052,40.857578],[-3.610348,40.8567],[-3.610718,40.855311],[-3.610852,40.854923],[-3.611181,40.854203],[-3.611374,40.853866],[-3.611659,40.853443],[-3.612123,40.852875],[-3.612735,40.852269],[-3.613119,40.851954],[-3.614773,40.850756],[-3.615142,40.850437],[-3.61564,40.849944],[-3.615976,40.849566],[-3.616267,40.8492],[-3.616574,40.848705],[-3.617107,40.847734],[-3.618652,40.844863],[-3.619704,40.842908],[-3.620638,40.84115],[-3.620912,40.84045],[-3.621005,40.840055],[-3.621074,40.839616],[-3.621086,40.839221],[-3.621057,40.838845],[-3.620989,40.838361],[-3.620938,40.838161],[-3.620813,40.83781],[-3.620657,40.837446],[-3.620383,40.836939],[-3.620128,40.836589],[-3.619822,40.836225],[-3.619604,40.835996],[-3.619169,40.835602],[-3.617147,40.833883],[-3.616312,40.83315],[-3.616003,40.832838],[-3.615662,40.832445],[-3.615425,40.832121],[-3.61522,40.831805],[-3.615025,40.831482],[-3.614882,40.831196],[-3.614772,40.830946],[-3.614704,40.830728],[-3.614573,40.83031],[-3.614507,40.830033],[-3.61442,40.829452],[-3.614398,40.829014],[-3.614404,40.826373],[-3.614423,40.825815],[-3.614455,40.825455],[-3.614497,40.82505],[-3.614623,40.824203],[-3.614731,40.823686],[-3.614872,40.822879],[-3.615016,40.822255],[-3.616485,40.814827],[-3.616794,40.813359],[-3.616887,40.813063],[-3.616997,40.812766],[-3.617148,40.812437],[-3.617463,40.811913],[-3.617658,40.811644],[-3.61799,40.811258],[-3.619051,40.810127],[-3.619261,40.809873],[-3.619504,40.809528],[-3.6197,40.809177],[-3.619827,40.80888],[-3.619951,40.808506],[-3.620057,40.807945],[-3.620072,40.807643],[-3.620061,40.807351],[-3.620029,40.807041],[-3.619966,40.806722],[-3.619757,40.806121],[-3.619626,40.80585],[-3.619467,40.805578],[-3.619191,40.805173],[-3.617185,40.802671],[-3.616796,40.80216],[-3.616593,40.80185],[-3.616448,40.80161],[-3.61619,40.801039],[-3.616081,40.800712],[-3.615956,40.800179],[-3.615911,40.79979],[-3.615899,40.799484],[-3.615909,40.799134],[-3.615991,40.798561],[-3.61611,40.798107],[-3.616206,40.797848],[-3.616347,40.797523],[-3.616677,40.796938],[-3.616824,40.796712],[-3.617358,40.795999],[-3.617746,40.79541],[-3.61798,40.79489],[-3.618067,40.79461],[-3.618126,40.794326],[-3.618182,40.793908],[-3.618194,40.793698],[-3.618153,40.793114],[-3.618042,40.792616],[-3.617914,40.792295],[-3.617762,40.791976],[-3.617565,40.791655],[-3.616663,40.790441],[-3.616424,40.790058],[-3.616184,40.78957],[-3.61604,40.789193],[-3.615937,40.788822],[-3.615868,40.788454],[-3.615698,40.786379],[-3.615612,40.785748],[-3.615455,40.785173],[-3.615336,40.784871],[-3.615195,40.78458],[-3.615062,40.784346],[-3.614881,40.784083],[-3.614545,40.783639],[-3.613671,40.782618],[-3.613374,40.782238],[-3.613138,40.781889],[-3.612934,40.781529],[-3.611984,40.779651],[-3.610248,40.776488],[-3.609486,40.775054],[-3.60671,40.769704],[-3.606676,40.769638],[-3.606582,40.769459],[-3.604067,40.764621],[-3.602552,40.761708],[-3.601744,40.760371],[-3.601431,40.759906],[-3.600785,40.759035],[-3.600187,40.758307],[-3.599369,40.757423],[-3.598422,40.756511],[-3.597719,40.755897],[-3.596563,40.754995],[-3.595364,40.754154],[-3.594738,40.753767],[-3.59352,40.753065],[-3.592872,40.752717],[-3.59187,40.752255],[-3.59118,40.751946],[-3.590221,40.751552],[-3.589508,40.751271],[-3.586737,40.750361],[-3.582317,40.748901],[-3.581321,40.748578],[-3.577507,40.747301],[-3.576557,40.746966],[-3.576248,40.746856],[-3.57512,40.746443],[-3.573671,40.74589],[-3.572261,40.745304],[-3.571797,40.745075],[-3.571216,40.744746],[-3.57074,40.744425],[-3.570359,40.744128],[-3.569813,40.743651],[-3.56936,40.743174],[-3.568982,40.742702],[-3.568726,40.74235],[-3.568313,40.741602],[-3.567993,40.740759],[-3.567812,40.740037],[-3.567699,40.738969],[-3.56765,40.737468],[-3.567668,40.73662],[-3.567781,40.735773],[-3.568074,40.734624],[-3.568304,40.733975],[-3.5687,40.733173],[-3.569212,40.732311],[-3.570025,40.731261],[-3.571003,40.730201],[-3.57213,40.729037],[-3.574146,40.726902],[-3.576059,40.724873],[-3.576481,40.724378],[-3.577034,40.723526],[-3.577441,40.722647],[-3.577698,40.721735],[-3.577772,40.720656],[-3.577716,40.719963],[-3.577296,40.71793],[-3.577167,40.717186],[-3.577148,40.716497],[-3.577177,40.716152],[-3.577228,40.715817],[-3.57733,40.71537],[-3.577473,40.714958],[-3.577609,40.71463],[-3.577739,40.71437],[-3.577916,40.714077],[-3.578296,40.713521],[-3.578499,40.713273],[-3.579213,40.712501],[-3.580816,40.710816],[-3.581087,40.710488],[-3.581226,40.710297],[-3.581403,40.710009],[-3.581856,40.709186],[-3.584084,40.704945],[-3.584228,40.704676],[-3.584399,40.704347],[-3.584951,40.703284],[-3.585214,40.702733],[-3.585396,40.702253],[-3.585953,40.700485],[-3.586067,40.700192],[-3.586319,40.699747],[-3.586717,40.699208],[-3.587224,40.698571],[-3.587486,40.698206],[-3.58784,40.697528],[-3.588252,40.696659],[-3.588422,40.696349],[-3.58869,40.695937],[-3.5889,40.695681],[-3.589125,40.695433],[-3.589374,40.695201],[-3.589785,40.694859],[-3.590195,40.694545],[-3.590651,40.694236],[-3.591262,40.693871],[-3.591887,40.693548],[-3.59263,40.693211],[-3.595107,40.692254],[-3.597714,40.691211],[-3.599364,40.690536],[-3.602673,40.689149],[-3.606539,40.687406],[-3.607376,40.686949],[-3.607563,40.686831],[-3.60795,40.686564],[-3.608226,40.686342],[-3.608681,40.685963],[-3.608838,40.685808],[-3.609269,40.685368],[-3.609498,40.685105],[-3.609723,40.684821],[-3.610083,40.684296],[-3.610242,40.684026],[-3.610388,40.683733],[-3.610569,40.683296],[-3.610741,40.682721],[-3.610862,40.682163],[-3.610964,40.681179],[-3.611332,40.676931],[-3.611366,40.676325],[-3.611398,40.675628],[-3.611462,40.67483],[-3.61152,40.674179],[-3.611533,40.673772],[-3.611483,40.673148],[-3.611395,40.672709],[-3.611206,40.672113],[-3.611045,40.671741],[-3.610736,40.671143],[-3.609833,40.669708],[-3.60219,40.657687],[-3.600978,40.655776],[-3.598899,40.652506],[-3.598489,40.651817],[-3.59708,40.649193],[-3.596389,40.647859],[-3.596082,40.647185],[-3.59383,40.641901],[-3.593766,40.641706],[-3.593039,40.64004],[-3.59125,40.635849],[-3.589772,40.632381],[-3.588738,40.629945],[-3.586702,40.625181],[-3.586377,40.624371],[-3.580691,40.611029],[-3.580449,40.610429],[-3.580223,40.609751],[-3.580099,40.609336],[-3.579892,40.608328],[-3.579812,40.607752],[-3.579768,40.607033],[-3.579773,40.60632],[-3.579807,40.605823],[-3.579874,40.605243],[-3.580157,40.603818],[-3.581364,40.598139],[-3.585412,40.579062],[-3.585466,40.578825],[-3.585556,40.578431],[-3.585613,40.578153],[-3.586287,40.574995],[-3.586843,40.57299],[-3.5874,40.571517],[-3.587786,40.57066],[-3.588402,40.569464],[-3.588852,40.568701],[-3.589312,40.567906],[-3.590058,40.566849],[-3.591224,40.565372],[-3.592135,40.564429],[-3.593169,40.563589],[-3.594781,40.56247],[-3.595571,40.561935],[-3.598569,40.559826],[-3.601228,40.558002],[-3.602975,40.556776],[-3.603531,40.556374],[-3.604376,40.555809],[-3.605153,40.5552],[-3.605722,40.554684],[-3.606109,40.554272],[-3.606486,40.553846],[-3.607029,40.5531],[-3.607446,40.552346],[-3.607804,40.551616],[-3.608055,40.550732],[-3.608197,40.549957],[-3.608244,40.549178],[-3.608123,40.545168],[-3.608151,40.544325],[-3.608226,40.543449],[-3.608395,40.542581],[-3.608537,40.542042],[-3.608673,40.541611],[-3.608827,40.541226],[-3.608966,40.540887],[-3.609303,40.540191],[-3.609471,40.539885],[-3.609797,40.53934],[-3.609887,40.539194],[-3.610482,40.538298],[-3.610757,40.537945],[-3.611237,40.537402],[-3.611824,40.536795],[-3.612594,40.536079],[-3.613267,40.535564],[-3.613367,40.535486],[-3.614337,40.534808],[-3.615251,40.53425],[-3.616214,40.533739],[-3.616652,40.533547],[-3.617268,40.533278],[-3.618455,40.53283],[-3.61915,40.532614],[-3.620573,40.532239],[-3.621723,40.532025],[-3.622849,40.531867],[-3.623244,40.53183],[-3.623582,40.531801],[-3.62419,40.531724],[-3.625178,40.531686],[-3.626387,40.531698],[-3.626893,40.531724],[-3.627793,40.5318],[-3.628279,40.531859],[-3.62943,40.532058],[-3.630767,40.5324],[-3.631226,40.532531],[-3.632159,40.532776],[-3.633015,40.532954],[-3.633902,40.533089],[-3.63457,40.533153],[-3.635245,40.533192],[-3.635908,40.533195],[-3.636767,40.533157],[-3.637614,40.533097],[-3.638431,40.53297],[-3.639042,40.532845],[-3.640129,40.532568],[-3.640822,40.532339],[-3.641956,40.53188],[-3.642528,40.53162],[-3.643212,40.531277],[-3.644156,40.530758],[-3.644392,40.530602],[-3.645226,40.530024],[-3.645959,40.529455],[-3.646802,40.5287],[-3.647377,40.528103],[-3.6478,40.527582],[-3.648075,40.527168],[-3.648285,40.526795],[-3.64847,40.526451],[-3.648497,40.526409],[-3.648739,40.525871],[-3.649171,40.525092],[-3.649531,40.524581],[-3.650567,40.523318],[-3.651633,40.521738],[-3.652111,40.520961],[-3.652373,40.520455],[-3.652645,40.519366],[-3.653,40.517783],[-3.653144,40.517214],[-3.653349,40.516682],[-3.653657,40.516106],[-3.653988,40.515618],[-3.654436,40.515097],[-3.656417,40.513254],[-3.657093,40.512528],[-3.657358,40.512221],[-3.657597,40.511907],[-3.657815,40.511541],[-3.657999,40.511148],[-3.658145,40.510737],[-3.6583,40.510133],[-3.658354,40.509707],[-3.65839,40.508606],[-3.658239,40.506238],[-3.658234,40.505879],[-3.65829,40.505423],[-3.658383,40.50481],[-3.658533,40.504337],[-3.65876,40.503827],[-3.658986,40.503429],[-3.659107,40.503251],[-3.659992,40.502098],[-3.661636,40.500172],[-3.662347,40.499437],[-3.662534,40.4993],[-3.66371,40.498238],[-3.664427,40.497642],[-3.66535,40.496885],[-3.666594,40.495847],[-3.669879,40.493271],[-3.67016,40.493055],[-3.671004,40.492318],[-3.671272,40.492056],[-3.671761,40.491503],[-3.672107,40.490943],[-3.672497,40.490259],[-3.67279,40.489504],[-3.673027,40.488616],[-3.673239,40.487471],[-3.673298,40.487024],[-3.673335,40.486698],[-3.673379,40.485993],[-3.673554,40.484359],[-3.673592,40.483873],[-3.673694,40.482721],[-3.673836,40.481882],[-3.673996,40.481087],[-3.674077,40.480852],[-3.674469,40.478826],[-3.674531,40.478269],[-3.674561,40.477694],[-3.674527,40.477447],[-3.674459,40.476454],[-3.674405,40.476102],[-3.674291,40.475504],[-3.674125,40.474899],[-3.673846,40.474094],[-3.673688,40.473757],[-3.673497,40.473366],[-3.672967,40.472449],[-3.672747,40.47212],[-3.671855,40.470931],[-3.671532,40.47061],[-3.670854,40.469836],[-3.670108,40.468944],[-3.669262,40.467782],[-3.668592,40.466738],[-3.6676,40.465007],[-3.667034,40.463941],[-3.665742,40.461374],[-3.664576,40.458915],[-3.664298,40.458275],[-3.663881,40.456998],[-3.663731,40.456397],[-3.663494,40.455124],[-3.663385,40.454221],[-3.663198,40.45277],[-3.662944,40.45109],[-3.662707,40.449908],[-3.662405,40.448777],[-3.662027,40.447539],[-3.661895,40.447169],[-3.661468,40.446056],[-3.66126,40.445569],[-3.660354,40.443996],[-3.660081,40.443462],[-3.65977,40.442768],[-3.659573,40.442248],[-3.65936,40.441447],[-3.659275,40.440828],[-3.659243,40.440441],[-3.659241,40.439799],[-3.659279,40.439247],[-3.659354,40.438639],[-3.659562,40.437614],[-3.66004,40.435278],[-3.660548,40.432939],[-3.660727,40.432133],[-3.660768,40.431763],[-3.660806,40.431356],[-3.660792,40.430961],[-3.660778,40.430709],[-3.660555,40.429001],[-3.660485,40.428488],[-3.660433,40.427969],[-3.660318,40.42722],[-3.660272,40.42697],[-3.660255,40.426878],[-3.660117,40.426219],[-3.659855,40.425188],[-3.65966,40.42444],[-3.659546,40.423865],[-3.659408,40.42294],[-3.659191,40.421618],[-3.659142,40.421304],[-3.658939,40.419868],[-3.658918,40.419721],[-3.658907,40.419644],[-3.658872,40.419462],[-3.658833,40.418904],[-3.658874,40.418456],[-3.659002,40.417745],[-3.659152,40.417335],[-3.659589,40.416435],[-3.660186,40.41549],[-3.660697,40.414655],[-3.661732,40.413045],[-3.662727,40.411414],[-3.663185,40.410624],[-3.664375,40.408312],[-3.664518,40.407968],[-3.665727,40.40561],[-3.666134,40.404763],[-3.666545,40.403809],[-3.666687,40.403428],[-3.666763,40.403096],[-3.667061,40.402363],[-3.667263,40.401778],[-3.667535,40.401076],[-3.668815,40.399641],[-3.669541,40.398718],[-3.672329,40.395759],[-3.673165,40.395102],[-3.676469,40.392803],[-3.67829,40.391698],[-3.680371,40.390491],[-3.681654,40.390006],[-3.683423,40.389528],[-3.68477,40.389341],[-3.686086,40.389243],[-3.688268,40.389251],[-3.690107,40.389483],[-3.691854,40.389846],[-3.693574,40.390461],[-3.694902,40.391255],[-3.695555,40.391601],[-3.697068,40.392611],[-3.697819,40.393081],[-3.698246,40.393306],[-3.698691,40.393516],[-3.699311,40.393772],[-3.699973,40.394028],[-3.701469,40.394453],[-3.702418,40.394652],[-3.70301,40.394884],[-3.704692,40.395593],[-3.707475,40.396343],[-3.708985,40.396716],[-3.70968,40.397241],[-3.710303,40.397665],[-3.710645,40.397957],[-3.710825,40.398129],[-3.710937,40.398346],[-3.71101,40.398568],[-3.71104,40.399149],[-3.711087,40.399363],[-3.711364,40.399671],[-3.71164,40.399863],[-3.712126,40.400161],[-3.712518,40.400353],[-3.712671,40.400411],[-3.712881,40.400465],[-3.713024,40.40048],[-3.713536,40.400483],[-3.713798,40.400542],[-3.714051,40.400623],[-3.714004,40.400681],[-3.713976,40.400757],[-3.713986,40.400842],[-3.714038,40.400934],[-3.714065,40.400953],[-3.714085,40.401105],[-3.714065,40.401241],[-3.713122,40.403286],[-3.712858,40.403861],[-3.712432,40.404707],[-3.711769,40.406186],[-3.711625,40.406314],[-3.711552,40.406358],[-3.71151,40.406389],[-3.711456,40.406506],[-3.711337,40.406579],[-3.711272,40.406685],[-3.711264,40.406736],[-3.711281,40.406819],[-3.711332,40.406893],[-3.711401,40.406945],[-3.711486,40.40698],[-3.711581,40.406995],[-3.711678,40.406989],[-3.711778,40.407056],[-3.711854,40.40714],[-3.712263,40.40767],[-3.712484,40.40796],[-3.713017,40.408632],[-3.713167,40.408851],[-3.713237,40.408987],[-3.71342,40.409344],[-3.713735,40.409988],[-3.713832,40.410215],[-3.713839,40.410321],[-3.713776,40.410543],[-3.713763,40.410579],[-3.713794,40.410683],[-3.713933,40.411013],[-3.713842,40.411806],[-3.713813,40.412081],[-3.713715,40.412944],[-3.713703,40.413042],[-3.713675,40.413272],[-3.713546,40.414507],[-3.71351,40.41472],[-3.713474,40.415056],[-3.713374,40.415058],[-3.712495,40.415176],[-3.712235,40.41524],[-3.71103,40.415439],[-3.710489,40.415539],[-3.710293,40.415576],[-3.70954,40.415771],[-3.709419,40.415803],[-3.709348,40.415835],[-3.708988,40.415911],[-3.708857,40.415921],[-3.708683,40.415962],[-3.707956,40.416137],[-3.707691,40.41616],[-3.706996,40.416263],[-3.705769,40.416418],[-3.705109,40.416496],[-3.705087,40.416491],[-3.705065,40.416454]]}},{"type":"Feature","properties":{"routeId":"route-013","originId":"a-coruna","destinationId":"valladolid","logicalEndpoints":[[-8.4115,43.3623],[-5.6619,40.9701]],"returnedEndpoints":[[-8.410556,43.362277],[-5.662028,40.970164]],"snapDistancesMeters":[76.35749859477019,12.889310092505877],"summary":{"distanceMeters":463643.7,"durationSeconds":24716.9},"riskSnaps":[{"riskId":"closure-ap-68","kind":"segment","startIndex":2480,"endIndex":2481,"startCoordinate":[-6.924879,42.659477],"endCoordinate":[-6.924646,42.65937]},{"riskId":"rest-deadline-vehicle-013","kind":"segment","startIndex":3720,"endIndex":3721,"startCoordinate":[-5.972412,42.372195],"endCoordinate":[-5.972027,42.371845]}]},"geometry":{"type":"LineString","coordinates":[[-8.410556,43.362277],[-8.41056,43.362192],[-8.41093,43.361074],[-8.411015,43.360877],[-8.411283,43.360378],[-8.411667,43.359696],[-8.411851,43.359416],[-8.411945,43.359304],[-8.411994,43.359286],[-8.412033,43.359237],[-8.412021,43.35918],[-8.411997,43.359157],[-8.412127,43.358926],[-8.412547,43.358189],[-8.412592,43.358104],[-8.413051,43.357217],[-8.413142,43.357033],[-8.413512,43.356311],[-8.413698,43.355949],[-8.413748,43.355844],[-8.413597,43.355814],[-8.413469,43.355787],[-8.412392,43.355331],[-8.412227,43.355262],[-8.41142,43.354925],[-8.41118,43.354824],[-8.410366,43.354419],[-8.409976,43.354146],[-8.409488,43.353812],[-8.409,43.353478],[-8.408883,43.353372],[-8.408806,43.353234],[-8.40877,43.353022],[-8.408772,43.352889],[-8.408729,43.352775],[-8.408643,43.352681],[-8.408553,43.352604],[-8.408345,43.352475],[-8.408206,43.352334],[-8.407614,43.351878],[-8.407488,43.351758],[-8.407417,43.351645],[-8.407384,43.351497],[-8.407393,43.351317],[-8.407479,43.350764],[-8.40754,43.350518],[-8.407471,43.350379],[-8.407918,43.348513],[-8.408087,43.347812],[-8.408739,43.345068],[-8.408777,43.344888],[-8.408889,43.344368],[-8.408921,43.34394],[-8.408911,43.343755],[-8.408844,43.343364],[-8.408716,43.342963],[-8.408544,43.342638],[-8.408046,43.34191],[-8.406432,43.339741],[-8.405373,43.338322],[-8.405219,43.338105],[-8.404991,43.337771],[-8.404865,43.337593],[-8.404387,43.336931],[-8.404103,43.336526],[-8.403318,43.33537],[-8.402804,43.334607],[-8.402564,43.334274],[-8.402075,43.333595],[-8.402043,43.333466],[-8.401938,43.33332],[-8.400957,43.332013],[-8.400704,43.331729],[-8.400365,43.331419],[-8.400135,43.331246],[-8.399922,43.331094],[-8.399391,43.330785],[-8.398606,43.330421],[-8.398317,43.330281],[-8.398033,43.330107],[-8.39777,43.3299],[-8.397575,43.329709],[-8.397311,43.329377],[-8.396869,43.328536],[-8.396774,43.328358],[-8.396386,43.327791],[-8.396106,43.327462],[-8.395698,43.327024],[-8.395206,43.326537],[-8.39437,43.325707],[-8.393944,43.325247],[-8.393549,43.324654],[-8.3933,43.324244],[-8.393042,43.323703],[-8.392846,43.323127],[-8.392707,43.322534],[-8.392614,43.321898],[-8.392558,43.321325],[-8.392543,43.320437],[-8.392497,43.319863],[-8.392455,43.319582],[-8.392322,43.319025],[-8.39223,43.318752],[-8.392115,43.318485],[-8.391862,43.318014],[-8.391724,43.317758],[-8.39136,43.31722],[-8.39098,43.316733],[-8.39056,43.316267],[-8.389805,43.315655],[-8.389526,43.315463],[-8.389362,43.315351],[-8.388635,43.314899],[-8.388005,43.314567],[-8.387291,43.314259],[-8.386609,43.31403],[-8.385888,43.313818],[-8.385159,43.31366],[-8.384016,43.313457],[-8.382744,43.313277],[-8.381299,43.313147],[-8.379327,43.31305],[-8.378138,43.313043],[-8.376957,43.313093],[-8.375933,43.313183],[-8.375666,43.313206],[-8.373995,43.313391],[-8.371958,43.313652],[-8.371433,43.313698],[-8.370787,43.313739],[-8.370141,43.313755],[-8.369709,43.313752],[-8.368931,43.313714],[-8.368465,43.313678],[-8.367784,43.313598],[-8.367365,43.313536],[-8.366535,43.313377],[-8.365713,43.313174],[-8.364796,43.312892],[-8.364156,43.312677],[-8.363133,43.312356],[-8.362717,43.31225],[-8.362241,43.312162],[-8.361813,43.312106],[-8.361282,43.312059],[-8.359713,43.311999],[-8.356149,43.311907],[-8.355112,43.311871],[-8.354731,43.31185],[-8.35436,43.311819],[-8.35363,43.31169],[-8.353307,43.311605],[-8.35279,43.311438],[-8.352457,43.311296],[-8.352102,43.311116],[-8.351836,43.310968],[-8.351274,43.310602],[-8.35091,43.310302],[-8.35048,43.309872],[-8.350047,43.309405],[-8.349621,43.308986],[-8.349197,43.308619],[-8.348473,43.308139],[-8.347903,43.30782],[-8.347252,43.307525],[-8.346511,43.307285],[-8.346175,43.307194],[-8.345455,43.307032],[-8.344694,43.306929],[-8.343933,43.306894],[-8.342217,43.306852],[-8.341335,43.30677],[-8.340963,43.306727],[-8.340253,43.306586],[-8.339537,43.3064],[-8.338833,43.306189],[-8.337811,43.305782],[-8.337218,43.305475],[-8.336637,43.305142],[-8.334895,43.304062],[-8.333988,43.303548],[-8.333362,43.303228],[-8.332715,43.302935],[-8.332047,43.302663],[-8.331012,43.30231],[-8.329582,43.301927],[-8.328853,43.301777],[-8.32813,43.301648],[-8.326334,43.301417],[-8.323457,43.301116],[-8.322,43.30089],[-8.320593,43.300628],[-8.318609,43.300085],[-8.317291,43.299659],[-8.31603,43.299173],[-8.313696,43.298149],[-8.313163,43.297926],[-8.311873,43.29743],[-8.310748,43.297059],[-8.310206,43.296905],[-8.309398,43.296702],[-8.306765,43.296187],[-8.305627,43.295947],[-8.30413,43.295555],[-8.303404,43.295335],[-8.302314,43.294988],[-8.301259,43.294584],[-8.300268,43.294157],[-8.299615,43.293849],[-8.29903,43.293549],[-8.298127,43.293018],[-8.29784,43.292822],[-8.297273,43.292393],[-8.296789,43.29197],[-8.296328,43.291486],[-8.295053,43.290071],[-8.294554,43.289639],[-8.294271,43.289429],[-8.293712,43.289075],[-8.293441,43.288925],[-8.293076,43.288735],[-8.292735,43.288582],[-8.292197,43.288388],[-8.291765,43.288254],[-8.290963,43.28807],[-8.290259,43.287954],[-8.289549,43.287895],[-8.288219,43.287962],[-8.287701,43.288021],[-8.287184,43.288108],[-8.286721,43.288207],[-8.285992,43.288422],[-8.28557,43.288573],[-8.285068,43.288801],[-8.28449,43.289096],[-8.28394,43.289461],[-8.283432,43.289851],[-8.282985,43.290277],[-8.282725,43.290569],[-8.282456,43.290953],[-8.281615,43.292323],[-8.281366,43.292703],[-8.281004,43.293157],[-8.280226,43.293809],[-8.279613,43.294233],[-8.278965,43.294566],[-8.278487,43.294771],[-8.277977,43.294964],[-8.27714,43.295192],[-8.276613,43.295301],[-8.276188,43.295348],[-8.275695,43.295396],[-8.274841,43.295423],[-8.274286,43.295398],[-8.273553,43.295337],[-8.273035,43.295254],[-8.272416,43.295094],[-8.271535,43.294807],[-8.270213,43.294307],[-8.269257,43.294025],[-8.268839,43.293935],[-8.268218,43.293833],[-8.267203,43.293757],[-8.266636,43.293762],[-8.266068,43.293788],[-8.265361,43.293846],[-8.264106,43.294007],[-8.263287,43.294184],[-8.262803,43.294317],[-8.262003,43.29459],[-8.261152,43.294947],[-8.260746,43.295143],[-8.260182,43.295449],[-8.259861,43.295638],[-8.259378,43.295968],[-8.259179,43.295992],[-8.258802,43.296205],[-8.258548,43.296292],[-8.258263,43.296343],[-8.257984,43.29635],[-8.25768,43.296321],[-8.257423,43.296255],[-8.257211,43.296159],[-8.257005,43.296022],[-8.256838,43.295879],[-8.256732,43.295724],[-8.256647,43.295547],[-8.256606,43.295375],[-8.25662,43.295161],[-8.256679,43.29498],[-8.256781,43.294797],[-8.257164,43.294375],[-8.257365,43.294115],[-8.257474,43.293992],[-8.257741,43.293649],[-8.257947,43.293342],[-8.25828,43.292992],[-8.25848,43.292826],[-8.258758,43.292661],[-8.259016,43.292476],[-8.259134,43.292322],[-8.259178,43.292197],[-8.259193,43.291984],[-8.259122,43.291804],[-8.258973,43.291649],[-8.25881,43.291517],[-8.25844,43.291258],[-8.258168,43.29108],[-8.257916,43.290957],[-8.257133,43.290577],[-8.256896,43.290458],[-8.255913,43.289953],[-8.25574,43.289863],[-8.25478,43.289362],[-8.253588,43.288723],[-8.253381,43.288589],[-8.253144,43.288412],[-8.252409,43.287715],[-8.252099,43.287483],[-8.251919,43.287386],[-8.25099,43.286992],[-8.250005,43.286598],[-8.249746,43.286499],[-8.248897,43.286159],[-8.248476,43.285993],[-8.247883,43.285646],[-8.247351,43.285301],[-8.246526,43.284768],[-8.246456,43.284724],[-8.246192,43.284561],[-8.246038,43.284485],[-8.245406,43.284229],[-8.243901,43.283652],[-8.243614,43.283504],[-8.242805,43.282902],[-8.242628,43.282771],[-8.242454,43.282641],[-8.242007,43.282305],[-8.241421,43.281878],[-8.241049,43.281689],[-8.240577,43.281557],[-8.239047,43.281257],[-8.237198,43.280896],[-8.234859,43.280445],[-8.233572,43.280191],[-8.233274,43.280166],[-8.232936,43.28016],[-8.232641,43.280187],[-8.232324,43.280245],[-8.231886,43.280375],[-8.231613,43.280504],[-8.230906,43.28088],[-8.230298,43.281213],[-8.230047,43.281346],[-8.229642,43.281529],[-8.229403,43.281611],[-8.228879,43.281748],[-8.22856,43.281799],[-8.228293,43.281818],[-8.227939,43.281822],[-8.227269,43.281761],[-8.226968,43.281687],[-8.226488,43.281509],[-8.226217,43.281361],[-8.225981,43.281199],[-8.225697,43.280966],[-8.225512,43.280777],[-8.225302,43.280515],[-8.225154,43.280268],[-8.224148,43.278287],[-8.22317,43.276162],[-8.22291,43.275788],[-8.222744,43.275614],[-8.222352,43.275296],[-8.222126,43.275162],[-8.221882,43.275047],[-8.221355,43.274867],[-8.221077,43.274801],[-8.220227,43.274662],[-8.219948,43.274604],[-8.219681,43.274536],[-8.219424,43.274447],[-8.219185,43.274343],[-8.21874,43.274085],[-8.217792,43.273366],[-8.217517,43.273206],[-8.217276,43.273096],[-8.217019,43.273003],[-8.216733,43.272935],[-8.216194,43.272836],[-8.215664,43.272805],[-8.215377,43.27282],[-8.214515,43.27297],[-8.214479,43.272976],[-8.213275,43.273196],[-8.212958,43.273253],[-8.212521,43.273278],[-8.212316,43.273273],[-8.210639,43.273239],[-8.21005,43.273161],[-8.209568,43.273044],[-8.209111,43.272877],[-8.208706,43.272608],[-8.208371,43.272288],[-8.208117,43.271929],[-8.208019,43.271735],[-8.207944,43.271541],[-8.207686,43.270552],[-8.207606,43.270359],[-8.207496,43.270174],[-8.20736,43.27],[-8.207207,43.269837],[-8.207032,43.26969],[-8.206827,43.269558],[-8.206354,43.26934],[-8.206093,43.269253],[-8.205274,43.269062],[-8.20473,43.268894],[-8.204487,43.268783],[-8.204235,43.268638],[-8.203452,43.268008],[-8.203227,43.267862],[-8.20299,43.267735],[-8.202731,43.267626],[-8.20246,43.267543],[-8.202174,43.267486],[-8.201883,43.267458],[-8.201584,43.267452],[-8.201282,43.267467],[-8.198536,43.267748],[-8.198241,43.267761],[-8.197973,43.267742],[-8.197672,43.2677],[-8.197397,43.267625],[-8.196858,43.267442],[-8.196071,43.26715],[-8.195545,43.266981],[-8.194998,43.266876],[-8.194717,43.266854],[-8.194434,43.266851],[-8.193884,43.266866],[-8.193338,43.266958],[-8.191439,43.267695],[-8.191168,43.267764],[-8.190878,43.267791],[-8.190581,43.267789],[-8.190291,43.267758],[-8.189728,43.267615],[-8.189177,43.267436],[-8.18861,43.267308],[-8.188324,43.267283],[-8.188041,43.267277],[-8.187769,43.267305],[-8.187498,43.267368],[-8.187238,43.267455],[-8.18626,43.267906],[-8.186012,43.268003],[-8.185757,43.268077],[-8.18549,43.268128],[-8.185217,43.268157],[-8.18494,43.268163],[-8.184664,43.268143],[-8.184391,43.268103],[-8.183044,43.267784],[-8.182521,43.267708],[-8.182207,43.267709],[-8.181564,43.267804],[-8.180936,43.267921],[-8.179861,43.268059],[-8.179026,43.268126],[-8.178839,43.268132],[-8.178561,43.268119],[-8.17844,43.268102],[-8.178331,43.268076],[-8.178038,43.267948],[-8.177606,43.26764],[-8.176809,43.266724],[-8.176434,43.266307],[-8.176174,43.266019],[-8.175614,43.265394],[-8.175072,43.264872],[-8.174902,43.264663],[-8.174823,43.264537],[-8.174753,43.264364],[-8.174714,43.264185],[-8.174676,43.263636],[-8.174626,43.263459],[-8.174543,43.26329],[-8.174429,43.263131],[-8.174285,43.262981],[-8.174055,43.262793],[-8.173998,43.262752],[-8.173764,43.262582],[-8.172837,43.261909],[-8.172469,43.26161],[-8.17217,43.261316],[-8.171969,43.26108],[-8.171762,43.260775],[-8.171587,43.26046],[-8.171257,43.259718],[-8.170937,43.258998],[-8.170773,43.258691],[-8.170672,43.258548],[-8.170299,43.258158],[-8.170058,43.257979],[-8.169929,43.257883],[-8.169522,43.25758],[-8.169273,43.257401],[-8.168799,43.257061],[-8.168508,43.256844],[-8.168301,43.256687],[-8.168236,43.25661],[-8.168008,43.256341],[-8.167958,43.255937],[-8.168043,43.255532],[-8.168326,43.25469],[-8.168374,43.25439],[-8.168378,43.254236],[-8.168337,43.253918],[-8.168232,43.253602],[-8.168074,43.253295],[-8.167967,43.253133],[-8.167045,43.251732],[-8.166634,43.251107],[-8.166176,43.250476],[-8.166126,43.250403],[-8.166049,43.250316],[-8.164602,43.248549],[-8.164167,43.248034],[-8.163732,43.247493],[-8.161935,43.24533],[-8.161212,43.244447],[-8.160911,43.243992],[-8.160582,43.243265],[-8.160432,43.242915],[-8.160219,43.242421],[-8.160109,43.242201],[-8.159704,43.241372],[-8.159472,43.240989],[-8.159285,43.240682],[-8.158794,43.240164],[-8.158437,43.23973],[-8.158384,43.239666],[-8.158162,43.239496],[-8.157956,43.239395],[-8.157501,43.239246],[-8.156908,43.239095],[-8.156629,43.239049],[-8.156243,43.239038],[-8.155878,43.239066],[-8.154833,43.239252],[-8.153741,43.23944],[-8.152752,43.239592],[-8.152477,43.239635],[-8.151941,43.239668],[-8.151624,43.239643],[-8.151308,43.239566],[-8.151021,43.239461],[-8.150744,43.239314],[-8.150454,43.239061],[-8.149686,43.238391],[-8.148962,43.237965],[-8.144939,43.236162],[-8.144269,43.235846],[-8.143599,43.235548],[-8.142855,43.235291],[-8.141906,43.235034],[-8.141544,43.234958],[-8.140623,43.234829],[-8.13993,43.23479],[-8.138296,43.234865],[-8.137785,43.234881],[-8.137489,43.23491],[-8.136444,43.23496],[-8.13453,43.235044],[-8.133811,43.235074],[-8.133187,43.235056],[-8.132571,43.234984],[-8.132268,43.234919],[-8.132158,43.234896],[-8.131634,43.234722],[-8.130731,43.234402],[-8.129597,43.234037],[-8.127769,43.233436],[-8.126149,43.232878],[-8.125842,43.232723],[-8.125582,43.232517],[-8.125121,43.232105],[-8.124615,43.231626],[-8.124332,43.231346],[-8.124166,43.231183],[-8.123843,43.230864],[-8.123606,43.230629],[-8.123057,43.230076],[-8.122682,43.229714],[-8.122602,43.229637],[-8.121539,43.228473],[-8.121226,43.228077],[-8.12089,43.227704],[-8.120653,43.227538],[-8.120433,43.227435],[-8.120114,43.227364],[-8.120005,43.227349],[-8.11973,43.227353],[-8.119347,43.227424],[-8.118537,43.227654],[-8.117854,43.227836],[-8.117601,43.227903],[-8.117122,43.227997],[-8.116631,43.22798],[-8.116065,43.227907],[-8.113594,43.227595],[-8.111947,43.227409],[-8.111628,43.227355],[-8.111265,43.227268],[-8.110948,43.227098],[-8.110455,43.226726],[-8.109591,43.226072],[-8.109229,43.225688],[-8.108926,43.225165],[-8.108504,43.22428],[-8.108199,43.223849],[-8.107682,43.223283],[-8.106913,43.222313],[-8.106424,43.22184],[-8.105995,43.221547],[-8.105471,43.221263],[-8.105169,43.221066],[-8.105048,43.220915],[-8.104935,43.220743],[-8.10492,43.220479],[-8.105098,43.21967],[-8.105113,43.219526],[-8.105082,43.219342],[-8.104843,43.218912],[-8.10422,43.218007],[-8.104172,43.217821],[-8.104244,43.217276],[-8.104242,43.217154],[-8.104217,43.217055],[-8.10411,43.216882],[-8.103889,43.216623],[-8.103446,43.216129],[-8.103158,43.215845],[-8.10299,43.215693],[-8.102825,43.215586],[-8.10266,43.215504],[-8.101789,43.215263],[-8.101258,43.215083],[-8.100336,43.214501],[-8.100153,43.214333],[-8.100077,43.214115],[-8.100106,43.213945],[-8.100216,43.213756],[-8.100368,43.21355],[-8.100458,43.213288],[-8.100389,43.21308],[-8.100271,43.212966],[-8.100112,43.212865],[-8.098163,43.212011],[-8.097469,43.211712],[-8.097318,43.211648],[-8.096847,43.211516],[-8.096366,43.211445],[-8.095549,43.211352],[-8.095412,43.211324],[-8.095244,43.21129],[-8.094989,43.211172],[-8.094842,43.211014],[-8.094777,43.210818],[-8.094791,43.210589],[-8.095073,43.20994],[-8.09517,43.209467],[-8.095125,43.20929],[-8.095022,43.209115],[-8.094562,43.208864],[-8.093558,43.208586],[-8.093229,43.208488],[-8.09263,43.208434],[-8.0924,43.208431],[-8.092165,43.208455],[-8.092008,43.208499],[-8.09192,43.208524],[-8.091709,43.208583],[-8.091405,43.208736],[-8.091148,43.20894],[-8.09095,43.20917],[-8.090646,43.209673],[-8.090354,43.210337],[-8.090074,43.210822],[-8.089934,43.211013],[-8.08981,43.211145],[-8.089636,43.211321],[-8.088592,43.212229],[-8.087584,43.213104],[-8.082932,43.217227],[-8.082732,43.217404],[-8.081883,43.218078],[-8.081006,43.218384],[-8.080495,43.218466],[-8.080183,43.218491],[-8.0796,43.218477],[-8.078912,43.218376],[-8.076768,43.218027],[-8.069717,43.216643],[-8.068556,43.216415],[-8.067633,43.216234],[-8.066159,43.215945],[-8.064486,43.215584],[-8.063349,43.215374],[-8.063072,43.215322],[-8.062419,43.215211],[-8.056996,43.214118],[-8.056446,43.21399],[-8.056153,43.213866],[-8.055874,43.213709],[-8.055336,43.213343],[-8.054299,43.212539],[-8.052149,43.210872],[-8.051353,43.211891],[-8.050758,43.212641],[-8.050569,43.212786],[-8.050425,43.212851],[-8.050248,43.212853],[-8.049031,43.212478],[-8.048464,43.212287],[-8.047168,43.21173],[-8.045382,43.210991],[-8.044215,43.210462],[-8.04353,43.21012],[-8.042876,43.209772],[-8.041624,43.209028],[-8.041022,43.208644],[-8.040443,43.208238],[-8.039885,43.207814],[-8.039342,43.207374],[-8.038819,43.206917],[-8.038324,43.206443],[-8.037856,43.205959],[-8.037416,43.205461],[-8.037001,43.204951],[-8.03622,43.203896],[-8.035493,43.202808],[-8.034427,43.201155],[-8.034047,43.200621],[-8.033646,43.200098],[-8.033217,43.199591],[-8.032748,43.199104],[-8.032231,43.19864],[-8.031662,43.198198],[-8.031047,43.197779],[-8.030392,43.197387],[-8.029698,43.197028],[-8.028185,43.196393],[-8.02749,43.196174],[-8.026676,43.195945],[-8.023491,43.195195],[-8.022719,43.194981],[-8.021974,43.194734],[-8.021288,43.194436],[-8.020611,43.194106],[-8.019951,43.193744],[-8.01674,43.191801],[-8.016054,43.191424],[-8.014716,43.190724],[-8.013993,43.190405],[-8.013557,43.190247],[-8.012478,43.189868],[-8.010971,43.189464],[-8.010203,43.189274],[-8.009419,43.189136],[-8.008622,43.189019],[-8.006984,43.188871],[-8.005999,43.188838],[-8.004524,43.188882],[-8.003653,43.188949],[-8.001272,43.189207],[-7.997942,43.189634],[-7.997195,43.189698],[-7.995623,43.18975],[-7.994812,43.189701],[-7.993192,43.189533],[-7.988345,43.188848],[-7.985834,43.188605],[-7.984224,43.188558],[-7.982568,43.188585],[-7.981745,43.188634],[-7.980923,43.188705],[-7.980033,43.188811],[-7.979201,43.188926],[-7.977709,43.189206],[-7.976864,43.189395],[-7.976081,43.189598],[-7.975331,43.189815],[-7.974585,43.190058],[-7.973086,43.190595],[-7.972406,43.190861],[-7.968428,43.192545],[-7.967088,43.193088],[-7.965687,43.193588],[-7.964942,43.193813],[-7.964178,43.194015],[-7.963408,43.194193],[-7.962636,43.194323],[-7.961827,43.194426],[-7.961009,43.194495],[-7.960226,43.194539],[-7.959412,43.194542],[-7.958554,43.19452],[-7.957729,43.194463],[-7.956896,43.194365],[-7.956095,43.194244],[-7.955309,43.194098],[-7.954517,43.193929],[-7.952897,43.193523],[-7.950557,43.192904],[-7.949124,43.192569],[-7.948051,43.192363],[-7.947281,43.192234],[-7.944032,43.191851],[-7.942397,43.19164],[-7.9416,43.19152],[-7.940787,43.191382],[-7.939186,43.191042],[-7.938391,43.190838],[-7.936838,43.190374],[-7.935298,43.18985],[-7.933619,43.189227],[-7.931447,43.188537],[-7.930658,43.188315],[-7.929856,43.188119],[-7.929052,43.187958],[-7.928239,43.187837],[-7.92742,43.187743],[-7.926557,43.187688],[-7.924913,43.187663],[-7.924197,43.187692],[-7.923229,43.187757],[-7.920937,43.187965],[-7.919914,43.188061],[-7.919035,43.188123],[-7.918201,43.188163],[-7.916947,43.1882],[-7.913451,43.188177],[-7.912541,43.188183],[-7.91191,43.188228],[-7.91141,43.188268],[-7.910862,43.188329],[-7.910073,43.188446],[-7.909223,43.188605],[-7.908491,43.188767],[-7.906889,43.189195],[-7.905456,43.189655],[-7.904124,43.190036],[-7.903232,43.190253],[-7.902462,43.190366],[-7.901723,43.190449],[-7.901062,43.19049],[-7.900176,43.190497],[-7.899357,43.190469],[-7.895085,43.190184],[-7.89419,43.190152],[-7.893375,43.19015],[-7.892504,43.190169],[-7.891577,43.190218],[-7.890697,43.190295],[-7.889171,43.190508],[-7.887469,43.190821],[-7.886674,43.191013],[-7.885286,43.191343],[-7.882778,43.191935],[-7.881326,43.192245],[-7.879676,43.192527],[-7.87889,43.192606],[-7.877303,43.192722],[-7.875716,43.192738],[-7.874113,43.192654],[-7.87255,43.192468],[-7.871853,43.192345],[-7.87093,43.192154],[-7.870137,43.191957],[-7.869345,43.19173],[-7.867839,43.191265],[-7.866331,43.190721],[-7.864879,43.190217],[-7.862617,43.189477],[-7.860999,43.189075],[-7.859337,43.188782],[-7.858501,43.188671],[-7.857655,43.18859],[-7.855957,43.18849],[-7.85344,43.188421],[-7.851738,43.188349],[-7.850907,43.188285],[-7.850076,43.188195],[-7.849251,43.188079],[-7.848427,43.187944],[-7.843693,43.186886],[-7.841895,43.186517],[-7.840374,43.186279],[-7.838698,43.186068],[-7.837194,43.185916],[-7.835519,43.185792],[-7.832302,43.185591],[-7.831502,43.185521],[-7.830641,43.185417],[-7.829132,43.185182],[-7.82839,43.185032],[-7.827894,43.184911],[-7.826049,43.184432],[-7.823975,43.183844],[-7.822689,43.183516],[-7.819362,43.182817],[-7.817692,43.182478],[-7.817049,43.182324],[-7.815968,43.182025],[-7.814889,43.181671],[-7.811639,43.18044],[-7.810868,43.180135],[-7.809319,43.179634],[-7.806157,43.178764],[-7.804798,43.178311],[-7.803302,43.177713],[-7.80263,43.177388],[-7.799303,43.175614],[-7.797336,43.174614],[-7.79576,43.174005],[-7.794277,43.173529],[-7.79331,43.173279],[-7.792627,43.173178],[-7.791747,43.17302],[-7.790864,43.1729],[-7.78924,43.172711],[-7.787662,43.172723],[-7.786807,43.172777],[-7.785964,43.172877],[-7.785134,43.173022],[-7.784314,43.173206],[-7.781787,43.173848],[-7.78095,43.174046],[-7.780136,43.174205],[-7.779319,43.174319],[-7.778512,43.174384],[-7.777738,43.174414],[-7.776883,43.174412],[-7.776049,43.174363],[-7.772729,43.174043],[-7.7719,43.173995],[-7.770274,43.174002],[-7.769455,43.174051],[-7.768647,43.174143],[-7.767852,43.174276],[-7.767078,43.174444],[-7.766332,43.174658],[-7.76561,43.174918],[-7.764722,43.175316],[-7.764111,43.175612],[-7.763469,43.175956],[-7.760562,43.177732],[-7.759996,43.17806],[-7.759269,43.178459],[-7.758888,43.17865],[-7.757963,43.179063],[-7.757418,43.179296],[-7.756667,43.179551],[-7.756272,43.17967],[-7.755574,43.179847],[-7.754671,43.180025],[-7.75432,43.18008],[-7.753401,43.180175],[-7.752616,43.180216],[-7.751945,43.180222],[-7.751224,43.180195],[-7.750494,43.180137],[-7.749701,43.180035],[-7.748938,43.1799],[-7.74805,43.179707],[-7.747089,43.179465],[-7.745945,43.179127],[-7.743437,43.17832],[-7.741832,43.177809],[-7.741281,43.177639],[-7.740248,43.177355],[-7.738903,43.177039],[-7.737937,43.176867],[-7.736834,43.17672],[-7.735576,43.176614],[-7.735049,43.176586],[-7.733814,43.176554],[-7.732508,43.176562],[-7.730489,43.176604],[-7.727965,43.176652],[-7.725991,43.176639],[-7.723537,43.176513],[-7.721113,43.176263],[-7.718756,43.175826],[-7.715808,43.175156],[-7.713445,43.174549],[-7.711969,43.174128],[-7.709019,43.173235],[-7.706122,43.172239],[-7.702572,43.170839],[-7.700898,43.170109],[-7.69907,43.169279],[-7.698002,43.168761],[-7.696744,43.168128],[-7.695131,43.167269],[-7.693188,43.166059],[-7.692559,43.165608],[-7.691575,43.164851],[-7.690808,43.164195],[-7.689874,43.163319],[-7.688656,43.162053],[-7.687529,43.160848],[-7.68545,43.15858],[-7.684409,43.157582],[-7.684233,43.157412],[-7.683475,43.156762],[-7.6825,43.156068],[-7.682352,43.155962],[-7.68053,43.154902],[-7.678588,43.154082],[-7.677574,43.153732],[-7.676509,43.153397],[-7.673912,43.152836],[-7.671743,43.152537],[-7.666958,43.15213],[-7.665757,43.151978],[-7.664562,43.151772],[-7.662615,43.151282],[-7.661863,43.151035],[-7.66041,43.15046],[-7.659373,43.149962],[-7.657879,43.149064],[-7.657169,43.148513],[-7.656003,43.147516],[-7.653096,43.144862],[-7.652158,43.144061],[-7.650631,43.142909],[-7.648142,43.141305],[-7.646564,43.140444],[-7.644861,43.139624],[-7.64113,43.137978],[-7.63939,43.13705],[-7.637855,43.135995],[-7.637037,43.135315],[-7.63453,43.132997],[-7.633601,43.13224],[-7.632869,43.131738],[-7.632118,43.131292],[-7.631577,43.13101],[-7.630571,43.130566],[-7.630093,43.13039],[-7.629424,43.130175],[-7.628665,43.129965],[-7.627663,43.129754],[-7.626593,43.129571],[-7.624838,43.129336],[-7.623563,43.129161],[-7.622459,43.128988],[-7.621362,43.128785],[-7.620363,43.128525],[-7.619566,43.128272],[-7.618711,43.12794],[-7.618125,43.127681],[-7.616525,43.126857],[-7.61564,43.126175],[-7.614617,43.125193],[-7.613578,43.12387],[-7.611982,43.121362],[-7.610989,43.120085],[-7.610461,43.119517],[-7.609097,43.118182],[-7.608955,43.118044],[-7.607767,43.116888],[-7.60693,43.115875],[-7.606385,43.115095],[-7.605816,43.114138],[-7.60572,43.113941],[-7.605578,43.113625],[-7.604903,43.111508],[-7.604578,43.110021],[-7.604245,43.108643],[-7.603893,43.107515],[-7.603303,43.105827],[-7.602915,43.105007],[-7.602589,43.104448],[-7.602451,43.104173],[-7.602029,43.103493],[-7.601678,43.102971],[-7.601367,43.102549],[-7.600952,43.102047],[-7.600494,43.101504],[-7.599327,43.100288],[-7.598447,43.099504],[-7.597097,43.098417],[-7.595619,43.097362],[-7.591156,43.09431],[-7.588992,43.09273],[-7.587526,43.091519],[-7.58574,43.089874],[-7.584882,43.088959],[-7.583833,43.087765],[-7.582578,43.085992],[-7.58146,43.084236],[-7.581068,43.083504],[-7.580424,43.082203],[-7.579896,43.081053],[-7.5789,43.078663],[-7.578725,43.07831],[-7.577987,43.076812],[-7.577197,43.075532],[-7.57666,43.074793],[-7.57488,43.072607],[-7.574182,43.071612],[-7.573477,43.070317],[-7.572305,43.067657],[-7.571382,43.06614],[-7.570272,43.064738],[-7.569,43.063458],[-7.567807,43.062483],[-7.566326,43.06149],[-7.565184,43.060801],[-7.564362,43.060363],[-7.563494,43.059935],[-7.562222,43.059342],[-7.559988,43.058243],[-7.55811,43.057108],[-7.55748,43.056686],[-7.556529,43.055958],[-7.556193,43.055699],[-7.555008,43.054662],[-7.554648,43.054325],[-7.552415,43.052337],[-7.551648,43.051723],[-7.55029,43.05077],[-7.549708,43.050425],[-7.548792,43.049952],[-7.547832,43.049532],[-7.545778,43.048817],[-7.544688,43.048535],[-7.543193,43.048245],[-7.540088,43.047822],[-7.538505,43.047675],[-7.536077,43.04732],[-7.534826,43.047128],[-7.532816,43.046718],[-7.531396,43.046318],[-7.530836,43.046134],[-7.529413,43.04557],[-7.528409,43.045098],[-7.527646,43.044669],[-7.526965,43.044251],[-7.52632,43.043803],[-7.526079,43.043617],[-7.525288,43.042995],[-7.524545,43.042245],[-7.524126,43.041781],[-7.523731,43.041287],[-7.523587,43.041111],[-7.523124,43.040434],[-7.522734,43.039759],[-7.522355,43.038973],[-7.522024,43.038043],[-7.521978,43.037901],[-7.521826,43.037337],[-7.521685,43.036669],[-7.521589,43.036004],[-7.521522,43.035339],[-7.521491,43.034686],[-7.5215,43.033659],[-7.521598,43.032229],[-7.521755,43.030808],[-7.521924,43.029639],[-7.522141,43.02818],[-7.522234,43.027485],[-7.522303,43.026767],[-7.522332,43.025915],[-7.522291,43.025041],[-7.5222,43.024249],[-7.522082,43.02361],[-7.521855,43.022742],[-7.521552,43.021887],[-7.521301,43.021285],[-7.520688,43.020072],[-7.520468,43.019573],[-7.52026,43.019015],[-7.520146,43.018626],[-7.519985,43.017955],[-7.519859,43.017123],[-7.519676,43.015897],[-7.519532,43.015205],[-7.519295,43.014441],[-7.518961,43.013575],[-7.518521,43.012715],[-7.518337,43.012385],[-7.518059,43.011945],[-7.517431,43.011085],[-7.516548,43.010047],[-7.515898,43.009231],[-7.515641,43.008883],[-7.515331,43.00844],[-7.515091,43.008017],[-7.514716,43.007291],[-7.51451,43.006816],[-7.514344,43.006332],[-7.514065,43.005288],[-7.513958,43.004298],[-7.513924,43.003665],[-7.513967,43.002814],[-7.514218,43.001348],[-7.514365,43.000183],[-7.514405,42.999617],[-7.514405,42.99905],[-7.514362,42.998488],[-7.51422,42.997655],[-7.513938,42.996815],[-7.513839,42.996564],[-7.513532,42.99591],[-7.513302,42.995477],[-7.51297,42.994931],[-7.512682,42.99452],[-7.512008,42.993707],[-7.511424,42.993108],[-7.510973,42.992724],[-7.510847,42.992607],[-7.510083,42.992014],[-7.509236,42.99146],[-7.508356,42.990964],[-7.506686,42.990137],[-7.505771,42.989629],[-7.505332,42.989358],[-7.504758,42.988956],[-7.504351,42.988624],[-7.504218,42.988515],[-7.503728,42.988037],[-7.503205,42.987492],[-7.502884,42.987099],[-7.502515,42.986565],[-7.502146,42.985961],[-7.501954,42.985587],[-7.501704,42.984986],[-7.501482,42.984231],[-7.501355,42.983548],[-7.501325,42.982503],[-7.501387,42.981841],[-7.501467,42.981351],[-7.501866,42.979609],[-7.501936,42.979061],[-7.501988,42.978277],[-7.501967,42.977501],[-7.501914,42.976991],[-7.501792,42.976356],[-7.501701,42.975997],[-7.501423,42.97517],[-7.501194,42.974619],[-7.500979,42.974205],[-7.500628,42.973591],[-7.500645,42.97347],[-7.499974,42.972516],[-7.499465,42.971871],[-7.499461,42.97181],[-7.499264,42.97155],[-7.499089,42.971254],[-7.499005,42.971063],[-7.49893,42.970777],[-7.498808,42.969151],[-7.498851,42.968889],[-7.498931,42.968699],[-7.499069,42.968577],[-7.499248,42.968474],[-7.499447,42.968393],[-7.499586,42.968353],[-7.499708,42.968352],[-7.499882,42.968379],[-7.499985,42.968438],[-7.500146,42.968487],[-7.500321,42.968501],[-7.500441,42.968491],[-7.500565,42.968455],[-7.500748,42.96837],[-7.500821,42.9683],[-7.50087,42.968223],[-7.500897,42.968131],[-7.500876,42.967942],[-7.500806,42.967837],[-7.500723,42.967759],[-7.500601,42.967689],[-7.500505,42.967655],[-7.500309,42.967627],[-7.500209,42.967632],[-7.500005,42.967682],[-7.499916,42.967727],[-7.499772,42.967739],[-7.499663,42.96773],[-7.499351,42.967621],[-7.496986,42.966482],[-7.495317,42.965703],[-7.493017,42.964634],[-7.492656,42.964503],[-7.492345,42.964429],[-7.489322,42.964039],[-7.489123,42.964019],[-7.487532,42.963824],[-7.484768,42.963476],[-7.483996,42.963336],[-7.483573,42.963231],[-7.482486,42.962902],[-7.481368,42.962453],[-7.480829,42.962193],[-7.480575,42.96207],[-7.477407,42.96054],[-7.475057,42.959426],[-7.472866,42.958386],[-7.472816,42.958363],[-7.47137,42.957695],[-7.468643,42.95644],[-7.468494,42.956371],[-7.465046,42.954783],[-7.464715,42.954618],[-7.462891,42.9535],[-7.461926,42.952944],[-7.461437,42.9527],[-7.459779,42.952083],[-7.454822,42.950549],[-7.454383,42.950411],[-7.453036,42.949991],[-7.45047,42.949189],[-7.449338,42.948835],[-7.448878,42.948691],[-7.448767,42.948657],[-7.448527,42.948582],[-7.448318,42.948516],[-7.446724,42.948018],[-7.441745,42.946462],[-7.441406,42.946356],[-7.44096,42.946217],[-7.440902,42.946199],[-7.440055,42.945934],[-7.439821,42.945861],[-7.438632,42.945489],[-7.437838,42.945241],[-7.437292,42.945071],[-7.436992,42.944977],[-7.436204,42.944731],[-7.435564,42.944531],[-7.435364,42.944468],[-7.430736,42.943018],[-7.430593,42.942973],[-7.430426,42.942921],[-7.430081,42.942813],[-7.425453,42.94137],[-7.425257,42.941309],[-7.423801,42.940853],[-7.423655,42.940804],[-7.409507,42.936378],[-7.402651,42.934238],[-7.402353,42.934144],[-7.402022,42.934041],[-7.401583,42.933904],[-7.400753,42.933646],[-7.398811,42.933036],[-7.398594,42.932899],[-7.398566,42.932846],[-7.398519,42.932813],[-7.398458,42.932795],[-7.398392,42.932795],[-7.398321,42.93282],[-7.398002,42.932779],[-7.397621,42.932666],[-7.397411,42.932603],[-7.394358,42.931656],[-7.393458,42.931377],[-7.389963,42.930292],[-7.388676,42.929893],[-7.38822,42.929742],[-7.387028,42.929326],[-7.386567,42.92912],[-7.386415,42.929054],[-7.386122,42.928919],[-7.382263,42.927016],[-7.38121,42.926494],[-7.38046,42.926122],[-7.380134,42.925935],[-7.379807,42.925698],[-7.379062,42.925083],[-7.378769,42.924884],[-7.377137,42.924004],[-7.376484,42.923662],[-7.376092,42.923505],[-7.375649,42.923369],[-7.375194,42.923261],[-7.374314,42.923114],[-7.373989,42.923086],[-7.373359,42.923145],[-7.37154,42.923616],[-7.370884,42.923767],[-7.368175,42.924108],[-7.367552,42.924183],[-7.366973,42.924212],[-7.363902,42.923928],[-7.359767,42.923487],[-7.356808,42.923181],[-7.35578,42.923095],[-7.354042,42.922904],[-7.353157,42.922794],[-7.352595,42.922678],[-7.351543,42.922308],[-7.350398,42.92187],[-7.348608,42.921125],[-7.348163,42.921007],[-7.347807,42.920963],[-7.347391,42.920971],[-7.347036,42.921028],[-7.345682,42.921397],[-7.344865,42.921576],[-7.344472,42.921603],[-7.344255,42.921582],[-7.343721,42.921455],[-7.343257,42.921235],[-7.342619,42.920877],[-7.340274,42.919548],[-7.339941,42.919437],[-7.339581,42.919358],[-7.339117,42.919317],[-7.338757,42.919308],[-7.336765,42.919255],[-7.336499,42.919249],[-7.336377,42.919244],[-7.333335,42.919127],[-7.329736,42.919046],[-7.329422,42.919062],[-7.32907,42.919129],[-7.328678,42.91923],[-7.328255,42.919376],[-7.327731,42.919607],[-7.327153,42.919963],[-7.326782,42.920221],[-7.325979,42.920779],[-7.325744,42.920891],[-7.325463,42.92097],[-7.325168,42.920993],[-7.324897,42.920961],[-7.32466,42.920892],[-7.324399,42.920767],[-7.324217,42.920579],[-7.324045,42.920303],[-7.323851,42.919919],[-7.322126,42.916477],[-7.322074,42.916421],[-7.321938,42.916276],[-7.321683,42.916076],[-7.319354,42.914342],[-7.317581,42.913653],[-7.315856,42.912898],[-7.315184,42.912661],[-7.314738,42.912534],[-7.314308,42.912463],[-7.313889,42.912451],[-7.313478,42.912481],[-7.312576,42.912641],[-7.312167,42.912649],[-7.311267,42.912564],[-7.3107,42.91253],[-7.31039,42.912554],[-7.310087,42.912619],[-7.309162,42.912896],[-7.308874,42.912957],[-7.308591,42.912991],[-7.305504,42.913197],[-7.304756,42.913201],[-7.302423,42.913061],[-7.301281,42.912993],[-7.300123,42.913005],[-7.29401,42.91326],[-7.292833,42.913308],[-7.292307,42.913269],[-7.291716,42.913151],[-7.291223,42.913007],[-7.290249,42.91276],[-7.289133,42.912455],[-7.287642,42.912044],[-7.286678,42.911763],[-7.286131,42.911618],[-7.285963,42.911574],[-7.28555,42.911402],[-7.285205,42.911199],[-7.284912,42.910899],[-7.283994,42.909423],[-7.283455,42.908651],[-7.283083,42.908178],[-7.282953,42.908014],[-7.282362,42.907449],[-7.281693,42.906942],[-7.280856,42.906277],[-7.279999,42.905613],[-7.279615,42.905184],[-7.27931,42.904677],[-7.278891,42.90375],[-7.278463,42.902672],[-7.278325,42.902223],[-7.278168,42.901934],[-7.277954,42.901703],[-7.277678,42.901524],[-7.276644,42.901046],[-7.276095,42.900744],[-7.274776,42.899881],[-7.274206,42.899459],[-7.273857,42.89926],[-7.272988,42.898945],[-7.27173,42.898396],[-7.271285,42.898224],[-7.270839,42.898127],[-7.270607,42.898112],[-7.270254,42.898123],[-7.269963,42.898187],[-7.269682,42.898298],[-7.269189,42.898584],[-7.268568,42.898974],[-7.268199,42.899155],[-7.267779,42.899327],[-7.267417,42.89943],[-7.266411,42.899613],[-7.265244,42.899766],[-7.264689,42.89982],[-7.264356,42.899817],[-7.263998,42.899763],[-7.263727,42.899679],[-7.26346,42.899567],[-7.263191,42.899387],[-7.262942,42.89915],[-7.262774,42.898896],[-7.262506,42.897709],[-7.262287,42.896507],[-7.262212,42.89613],[-7.261804,42.894193],[-7.261707,42.894027],[-7.261627,42.893944],[-7.261512,42.893821],[-7.261247,42.893653],[-7.260945,42.893529],[-7.260554,42.893455],[-7.260311,42.893447],[-7.260034,42.893476],[-7.259835,42.893533],[-7.259433,42.893688],[-7.259153,42.893794],[-7.258948,42.893848],[-7.258677,42.893877],[-7.258611,42.893879],[-7.258507,42.89388],[-7.258323,42.893845],[-7.258106,42.89379],[-7.257691,42.893611],[-7.257088,42.893382],[-7.256047,42.893127],[-7.255958,42.893105],[-7.255485,42.893001],[-7.254714,42.892926],[-7.254602,42.892929],[-7.253887,42.892955],[-7.253205,42.893047],[-7.252719,42.893133],[-7.252367,42.89322],[-7.252201,42.893279],[-7.25107,42.893682],[-7.250572,42.893898],[-7.25028,42.894024],[-7.249967,42.894166],[-7.249545,42.894347],[-7.248902,42.8946],[-7.247999,42.894951],[-7.246718,42.895436],[-7.246655,42.895459],[-7.245879,42.895738],[-7.245279,42.895928],[-7.244655,42.896098],[-7.244346,42.896122],[-7.243968,42.89611],[-7.243589,42.896031],[-7.243235,42.895906],[-7.242951,42.895748],[-7.242642,42.895507],[-7.24209,42.895067],[-7.241649,42.894789],[-7.241355,42.894667],[-7.239169,42.893969],[-7.238675,42.893852],[-7.23725,42.893708],[-7.236839,42.893635],[-7.236564,42.893528],[-7.23642,42.893443],[-7.236183,42.893282],[-7.235083,42.892467],[-7.234775,42.892314],[-7.23406,42.892122],[-7.233511,42.891903],[-7.232546,42.891452],[-7.231973,42.891133],[-7.231422,42.890736],[-7.23102,42.890508],[-7.23,42.890062],[-7.229626,42.889961],[-7.229267,42.889942],[-7.228976,42.889982],[-7.228733,42.890081],[-7.228484,42.89029],[-7.228144,42.891083],[-7.227952,42.891291],[-7.227709,42.891463],[-7.226958,42.891731],[-7.226493,42.891957],[-7.225984,42.892313],[-7.225297,42.8927],[-7.224943,42.892865],[-7.224602,42.892962],[-7.223879,42.893095],[-7.223066,42.893275],[-7.222437,42.893391],[-7.221261,42.893544],[-7.220987,42.893606],[-7.220604,42.893736],[-7.220095,42.893979],[-7.219642,42.89415],[-7.21853,42.894434],[-7.217424,42.89476],[-7.215416,42.895001],[-7.215134,42.895079],[-7.214893,42.895175],[-7.214681,42.895326],[-7.214118,42.895857],[-7.213856,42.896065],[-7.213602,42.896186],[-7.213346,42.896242],[-7.213059,42.896255],[-7.212778,42.896217],[-7.21255,42.896118],[-7.212414,42.896014],[-7.211177,42.895069],[-7.210868,42.894884],[-7.210541,42.894732],[-7.209862,42.894492],[-7.209556,42.894302],[-7.208956,42.893703],[-7.208439,42.893292],[-7.20703,42.89227],[-7.206122,42.89158],[-7.205313,42.890896],[-7.20503,42.890739],[-7.204394,42.890479],[-7.204111,42.890323],[-7.204046,42.890264],[-7.203956,42.890183],[-7.203788,42.889931],[-7.203733,42.889681],[-7.203774,42.889315],[-7.20387,42.888823],[-7.20386,42.888665],[-7.203793,42.888492],[-7.203633,42.888319],[-7.20343,42.888171],[-7.203234,42.888103],[-7.203142,42.888072],[-7.202883,42.88804],[-7.202564,42.88808],[-7.202292,42.888173],[-7.2021,42.888302],[-7.201889,42.888494],[-7.201446,42.888943],[-7.201125,42.889159],[-7.200826,42.889294],[-7.20063,42.889355],[-7.200436,42.889394],[-7.200229,42.889432],[-7.200031,42.889441],[-7.199828,42.889433],[-7.199451,42.889333],[-7.199285,42.889263],[-7.199116,42.889186],[-7.198958,42.889082],[-7.198832,42.88899],[-7.198732,42.888891],[-7.198557,42.888694],[-7.198462,42.888559],[-7.197809,42.887231],[-7.197609,42.886883],[-7.197305,42.886536],[-7.196693,42.885968],[-7.196457,42.88578],[-7.19622,42.885638],[-7.195193,42.885267],[-7.19485,42.885071],[-7.194726,42.884977],[-7.194601,42.884883],[-7.19442,42.8847],[-7.194255,42.884461],[-7.194029,42.883987],[-7.19383,42.883463],[-7.193717,42.883285],[-7.193573,42.883134],[-7.193371,42.882985],[-7.192979,42.882829],[-7.192303,42.882617],[-7.192014,42.882482],[-7.191758,42.882278],[-7.191542,42.882015],[-7.191104,42.881297],[-7.190887,42.880984],[-7.190782,42.880864],[-7.190568,42.880695],[-7.190298,42.880577],[-7.189587,42.880356],[-7.189394,42.880264],[-7.189269,42.880148],[-7.189123,42.879962],[-7.188927,42.879585],[-7.188741,42.879395],[-7.188537,42.879265],[-7.188289,42.879181],[-7.187998,42.879155],[-7.187793,42.879158],[-7.187388,42.879163],[-7.187175,42.879128],[-7.186975,42.879049],[-7.186743,42.878921],[-7.186622,42.878825],[-7.186496,42.878663],[-7.18643,42.878423],[-7.186418,42.878184],[-7.186457,42.877859],[-7.186512,42.877392],[-7.186466,42.877179],[-7.186374,42.877004],[-7.186256,42.876879],[-7.186195,42.876814],[-7.185912,42.876676],[-7.185689,42.876605],[-7.18561,42.876601],[-7.185371,42.87659],[-7.184614,42.876716],[-7.184352,42.876728],[-7.18426,42.876732],[-7.183944,42.876702],[-7.183733,42.876637],[-7.183468,42.876503],[-7.183359,42.876432],[-7.182988,42.876078],[-7.182547,42.875657],[-7.182338,42.875519],[-7.181436,42.875194],[-7.181214,42.875075],[-7.179373,42.873902],[-7.179237,42.87382],[-7.179139,42.873751],[-7.1788,42.873535],[-7.178747,42.873483],[-7.178665,42.873458],[-7.177957,42.872971],[-7.177216,42.8725],[-7.176595,42.872099],[-7.176347,42.871937],[-7.176095,42.871744],[-7.175965,42.87158],[-7.175854,42.871373],[-7.175802,42.871092],[-7.17587,42.870771],[-7.17598,42.870464],[-7.176158,42.870022],[-7.17621,42.869864],[-7.17624,42.869632],[-7.176203,42.869326],[-7.176075,42.869055],[-7.17575,42.868589],[-7.175175,42.86792],[-7.174831,42.867425],[-7.174692,42.867139],[-7.174645,42.866584],[-7.174585,42.866317],[-7.174494,42.866159],[-7.174397,42.866056],[-7.17428,42.865962],[-7.1741,42.865855],[-7.17306,42.865506],[-7.172867,42.865427],[-7.172686,42.865328],[-7.172486,42.865204],[-7.17234,42.86509],[-7.17203,42.864773],[-7.171658,42.864348],[-7.171332,42.863948],[-7.171217,42.863738],[-7.171154,42.863416],[-7.171132,42.862963],[-7.171021,42.862605],[-7.170705,42.862251],[-7.170458,42.862015],[-7.169926,42.861438],[-7.169825,42.86127],[-7.169715,42.860807],[-7.169695,42.86028],[-7.169687,42.860095],[-7.169663,42.859492],[-7.169578,42.859189],[-7.169527,42.859101],[-7.16948,42.859011],[-7.169256,42.858822],[-7.16904,42.858673],[-7.168315,42.858253],[-7.167936,42.858064],[-7.16779,42.857998],[-7.167148,42.857787],[-7.166979,42.85773],[-7.166754,42.857598],[-7.166576,42.857471],[-7.165699,42.856751],[-7.165098,42.856319],[-7.164816,42.856131],[-7.164364,42.855762],[-7.164127,42.85554],[-7.163427,42.854772],[-7.163202,42.854521],[-7.162435,42.853651],[-7.162203,42.853416],[-7.162118,42.853343],[-7.162024,42.853267],[-7.161879,42.853134],[-7.161566,42.852828],[-7.160107,42.851461],[-7.159999,42.851363],[-7.159618,42.851006],[-7.159215,42.850727],[-7.159086,42.850649],[-7.158896,42.850561],[-7.158624,42.850484],[-7.158466,42.850456],[-7.158385,42.850442],[-7.158255,42.850432],[-7.158086,42.85042],[-7.157726,42.850436],[-7.157316,42.850478],[-7.156418,42.850605],[-7.155754,42.850688],[-7.155081,42.850781],[-7.154525,42.850858],[-7.153459,42.850994],[-7.153322,42.851013],[-7.152649,42.851105],[-7.15196,42.851199],[-7.151783,42.851172],[-7.151426,42.851236],[-7.151059,42.851344],[-7.150684,42.851491],[-7.150301,42.851605],[-7.150319,42.851645],[-7.14943,42.851875],[-7.149025,42.851963],[-7.148692,42.852015],[-7.148316,42.852039],[-7.147877,42.852031],[-7.147791,42.852018],[-7.147715,42.851978],[-7.147669,42.851972],[-7.147567,42.851999],[-7.147281,42.851968],[-7.146686,42.851852],[-7.146245,42.85174],[-7.145535,42.851491],[-7.145038,42.851271],[-7.143359,42.850474],[-7.143122,42.850388],[-7.142337,42.850169],[-7.141832,42.850101],[-7.140783,42.850011],[-7.140198,42.849936],[-7.139768,42.84984],[-7.139382,42.849722],[-7.138984,42.849561],[-7.13852,42.849321],[-7.138104,42.849038],[-7.137731,42.84869],[-7.136642,42.847303],[-7.136376,42.847057],[-7.136057,42.846833],[-7.135778,42.846666],[-7.135157,42.846365],[-7.13458,42.846174],[-7.134202,42.846095],[-7.133895,42.846044],[-7.133534,42.846015],[-7.13307,42.845997],[-7.132642,42.846025],[-7.132061,42.846095],[-7.131585,42.846208],[-7.13117,42.846366],[-7.129826,42.847161],[-7.129373,42.847354],[-7.128905,42.84747],[-7.128389,42.847486],[-7.12795,42.847441],[-7.127484,42.847377],[-7.126984,42.84724],[-7.126844,42.847166],[-7.12658,42.846988],[-7.126216,42.846716],[-7.126017,42.84653],[-7.125953,42.846466],[-7.12589,42.846403],[-7.125767,42.84623],[-7.125679,42.846041],[-7.125538,42.845372],[-7.12554,42.845066],[-7.125576,42.844805],[-7.125703,42.844383],[-7.125926,42.843896],[-7.126112,42.843434],[-7.126189,42.843106],[-7.126225,42.842738],[-7.12615,42.841714],[-7.126162,42.841119],[-7.126226,42.840811],[-7.126314,42.840531],[-7.127168,42.838677],[-7.127456,42.838062],[-7.127519,42.837817],[-7.127514,42.837574],[-7.127461,42.837277],[-7.127364,42.837017],[-7.127186,42.836713],[-7.127019,42.836522],[-7.126716,42.836243],[-7.126051,42.835691],[-7.125814,42.835403],[-7.125625,42.835096],[-7.125514,42.834787],[-7.125449,42.83446],[-7.125294,42.831497],[-7.125194,42.830461],[-7.124977,42.829674],[-7.124708,42.828932],[-7.123999,42.82781],[-7.123921,42.827694],[-7.123402,42.826972],[-7.122923,42.826108],[-7.122384,42.824954],[-7.12221,42.824629],[-7.122011,42.824317],[-7.121542,42.823792],[-7.120435,42.822954],[-7.118251,42.821371],[-7.117968,42.821136],[-7.11781,42.820966],[-7.117656,42.820763],[-7.11724,42.820044],[-7.116872,42.819618],[-7.116794,42.819535],[-7.116452,42.819257],[-7.115515,42.818544],[-7.114886,42.818068],[-7.114535,42.817863],[-7.114162,42.817678],[-7.113824,42.81756],[-7.113464,42.81746],[-7.112056,42.81713],[-7.111956,42.817107],[-7.111888,42.817091],[-7.109861,42.816637],[-7.10934,42.816503],[-7.108926,42.816331],[-7.108665,42.816168],[-7.108381,42.815928],[-7.108175,42.815678],[-7.10804,42.815444],[-7.107927,42.815004],[-7.107939,42.814652],[-7.107978,42.814466],[-7.108079,42.814206],[-7.108367,42.813811],[-7.10902,42.8133],[-7.109403,42.812859],[-7.109665,42.812253],[-7.109756,42.812096],[-7.110482,42.811227],[-7.110602,42.810982],[-7.110678,42.810773],[-7.110704,42.810561],[-7.110701,42.810327],[-7.110658,42.810112],[-7.110588,42.80991],[-7.110424,42.809623],[-7.110227,42.809381],[-7.110075,42.809239],[-7.109661,42.80886],[-7.109127,42.808359],[-7.109015,42.808236],[-7.108864,42.808018],[-7.108776,42.807843],[-7.108624,42.807446],[-7.108591,42.807361],[-7.108564,42.807288],[-7.108359,42.806734],[-7.108296,42.80643],[-7.108341,42.805987],[-7.108474,42.805618],[-7.10907,42.8048],[-7.109127,42.804699],[-7.109312,42.804373],[-7.109402,42.804069],[-7.109423,42.803665],[-7.109332,42.800976],[-7.109389,42.800621],[-7.109858,42.799542],[-7.109999,42.798989],[-7.109985,42.798563],[-7.109744,42.797839],[-7.109625,42.797367],[-7.109557,42.796961],[-7.109581,42.796681],[-7.10966,42.796403],[-7.109854,42.796063],[-7.110206,42.795696],[-7.111124,42.794963],[-7.111556,42.794582],[-7.11178,42.794279],[-7.111918,42.794],[-7.111975,42.79357],[-7.111914,42.793134],[-7.111641,42.792399],[-7.111551,42.791973],[-7.111606,42.79154],[-7.111703,42.791254],[-7.111818,42.791065],[-7.11193,42.790912],[-7.112191,42.790663],[-7.113226,42.789913],[-7.113523,42.789615],[-7.113747,42.789152],[-7.113773,42.789055],[-7.113813,42.788904],[-7.113819,42.788468],[-7.113677,42.788042],[-7.113338,42.787445],[-7.11327,42.787324],[-7.113141,42.787003],[-7.113071,42.786726],[-7.11302,42.786252],[-7.113013,42.785829],[-7.113002,42.784744],[-7.112916,42.784417],[-7.11274,42.784057],[-7.11252,42.783797],[-7.112258,42.783572],[-7.111973,42.7834],[-7.111377,42.783158],[-7.110994,42.783078],[-7.110596,42.783045],[-7.109881,42.783128],[-7.108494,42.783324],[-7.107084,42.78353],[-7.10675,42.783578],[-7.106008,42.783606],[-7.105506,42.783539],[-7.105336,42.783488],[-7.105096,42.783417],[-7.104779,42.783274],[-7.104442,42.78306],[-7.102207,42.781327],[-7.101216,42.780528],[-7.100843,42.780265],[-7.100492,42.779918],[-7.10034,42.779722],[-7.100156,42.779295],[-7.100051,42.77899],[-7.099942,42.778524],[-7.099828,42.778217],[-7.099676,42.777942],[-7.099467,42.77767],[-7.09918,42.777436],[-7.098815,42.777144],[-7.098341,42.776833],[-7.098137,42.776665],[-7.097985,42.776529],[-7.097752,42.776285],[-7.097565,42.776037],[-7.097295,42.775688],[-7.09697,42.7751],[-7.096646,42.774686],[-7.096155,42.774219],[-7.094586,42.772986],[-7.093619,42.772268],[-7.092096,42.77143],[-7.091482,42.771053],[-7.09116,42.770816],[-7.090875,42.770553],[-7.090628,42.770293],[-7.090326,42.769887],[-7.090085,42.769514],[-7.089787,42.769118],[-7.089582,42.768916],[-7.089299,42.768705],[-7.088533,42.768237],[-7.088052,42.767841],[-7.087809,42.767523],[-7.08739,42.766779],[-7.087243,42.766555],[-7.086753,42.765974],[-7.086308,42.765555],[-7.086094,42.765389],[-7.08563,42.765138],[-7.085496,42.765082],[-7.085113,42.764947],[-7.084916,42.764903],[-7.084657,42.764852],[-7.084073,42.764824],[-7.083588,42.764859],[-7.083377,42.764865],[-7.082779,42.764923],[-7.082174,42.764985],[-7.081509,42.765015],[-7.081159,42.765002],[-7.080957,42.764977],[-7.080761,42.764929],[-7.08041,42.764806],[-7.079407,42.764343],[-7.079109,42.764227],[-7.078704,42.764126],[-7.078386,42.764093],[-7.078046,42.764092],[-7.07768,42.764126],[-7.076465,42.764266],[-7.075821,42.764341],[-7.075397,42.764317],[-7.075135,42.764254],[-7.07492,42.764177],[-7.074725,42.764076],[-7.074583,42.763972],[-7.074441,42.763839],[-7.074343,42.763706],[-7.074264,42.763546],[-7.074231,42.763414],[-7.074223,42.763244],[-7.074248,42.763088],[-7.074298,42.762932],[-7.074378,42.762778],[-7.074638,42.762472],[-7.075072,42.762122],[-7.075239,42.761927],[-7.07532,42.761753],[-7.075378,42.761541],[-7.075355,42.7613],[-7.075262,42.761033],[-7.074971,42.760387],[-7.074852,42.760149],[-7.074759,42.759963],[-7.074514,42.759471],[-7.073914,42.758248],[-7.073418,42.757242],[-7.073253,42.756956],[-7.073049,42.756671],[-7.07284,42.756439],[-7.072501,42.756146],[-7.072186,42.755943],[-7.071881,42.755757],[-7.071563,42.755618],[-7.0712,42.755492],[-7.070734,42.75538],[-7.070487,42.755338],[-7.070121,42.755301],[-7.068623,42.755262],[-7.067006,42.755195],[-7.066746,42.755159],[-7.066465,42.755101],[-7.066122,42.754986],[-7.065852,42.754856],[-7.06554,42.754661],[-7.065261,42.754401],[-7.065057,42.754118],[-7.064917,42.753777],[-7.064868,42.753453],[-7.064862,42.752803],[-7.064839,42.752468],[-7.064748,42.752111],[-7.064592,42.751793],[-7.06441,42.751559],[-7.064019,42.751247],[-7.063738,42.751074],[-7.062926,42.750778],[-7.061287,42.750347],[-7.060806,42.750281],[-7.060448,42.750299],[-7.059292,42.750517],[-7.058558,42.750634],[-7.058112,42.750647],[-7.057704,42.750598],[-7.057463,42.750546],[-7.057261,42.750479],[-7.057043,42.750387],[-7.05678,42.75024],[-7.056543,42.750074],[-7.056357,42.749914],[-7.056178,42.749724],[-7.056018,42.7495],[-7.055907,42.749289],[-7.055722,42.748796],[-7.055614,42.748277],[-7.055299,42.747192],[-7.055241,42.747015],[-7.055012,42.746306],[-7.054829,42.746011],[-7.054586,42.745739],[-7.054299,42.745469],[-7.053916,42.745166],[-7.052914,42.744509],[-7.052534,42.744314],[-7.052202,42.744176],[-7.051828,42.744066],[-7.048602,42.743342],[-7.047287,42.743033],[-7.047017,42.742992],[-7.046455,42.742907],[-7.045911,42.742834],[-7.045288,42.742751],[-7.044895,42.742661],[-7.044593,42.742527],[-7.04433,42.742339],[-7.044174,42.74213],[-7.044091,42.741887],[-7.044082,42.74168],[-7.044122,42.741472],[-7.044207,42.741317],[-7.044339,42.74115],[-7.044669,42.740844],[-7.045047,42.740488],[-7.045483,42.740116],[-7.045649,42.739907],[-7.045757,42.739693],[-7.045779,42.73946],[-7.045786,42.739391],[-7.045725,42.739132],[-7.045074,42.737346],[-7.044967,42.736674],[-7.044913,42.736175],[-7.044884,42.735459],[-7.044902,42.734408],[-7.04486,42.734203],[-7.044781,42.734002],[-7.044653,42.733807],[-7.044559,42.733698],[-7.04449,42.733619],[-7.044416,42.733547],[-7.044296,42.733431],[-7.043919,42.733133],[-7.042839,42.73242],[-7.042557,42.73218],[-7.041972,42.731471],[-7.041816,42.731314],[-7.041635,42.731179],[-7.041391,42.731046],[-7.04109,42.730936],[-7.039973,42.730638],[-7.039695,42.730517],[-7.039495,42.730388],[-7.039292,42.730214],[-7.038672,42.729503],[-7.038469,42.729335],[-7.038264,42.729209],[-7.037057,42.728557],[-7.036635,42.728388],[-7.036317,42.728311],[-7.035482,42.728208],[-7.034802,42.728171],[-7.034365,42.728087],[-7.032986,42.727695],[-7.032576,42.72763],[-7.0313,42.72764],[-7.030853,42.727574],[-7.030462,42.727416],[-7.029763,42.727025],[-7.029102,42.726764],[-7.027818,42.726326],[-7.027572,42.72626],[-7.02736,42.726233],[-7.027113,42.726226],[-7.026858,42.726242],[-7.026132,42.726422],[-7.026123,42.726425],[-7.025911,42.726435],[-7.025794,42.726408],[-7.025729,42.726364],[-7.025675,42.726317],[-7.0256,42.726284],[-7.025515,42.726272],[-7.025429,42.726281],[-7.025312,42.726339],[-7.025271,42.726391],[-7.025253,42.726451],[-7.02517,42.726558],[-7.025095,42.726594],[-7.024939,42.726634],[-7.02383,42.726719],[-7.023151,42.726744],[-7.022756,42.726741],[-7.022414,42.726699],[-7.02186,42.72659],[-7.021485,42.726503],[-7.021102,42.72641],[-7.020606,42.726269],[-7.020513,42.726244],[-7.020412,42.726196],[-7.020274,42.726109],[-7.020259,42.726053],[-7.020202,42.726016],[-7.020175,42.726009],[-7.020118,42.726011],[-7.020069,42.726032],[-7.02005,42.726048],[-7.019584,42.726025],[-7.018776,42.725857],[-7.01867,42.725828],[-7.018368,42.725744],[-7.017702,42.725508],[-7.017475,42.72543],[-7.017283,42.725263],[-7.017231,42.725137],[-7.01728,42.725061],[-7.017399,42.72501],[-7.017505,42.724984],[-7.017646,42.724983],[-7.018226,42.725002],[-7.018524,42.724972],[-7.018737,42.72488],[-7.018885,42.724753],[-7.018994,42.724569],[-7.019009,42.72441],[-7.018943,42.724215],[-7.018798,42.723971],[-7.018715,42.72371],[-7.018731,42.723511],[-7.018807,42.723199],[-7.018808,42.723022],[-7.018729,42.722815],[-7.01854,42.722615],[-7.018261,42.722481],[-7.017166,42.722313],[-7.016348,42.72217],[-7.015967,42.722044],[-7.014807,42.721373],[-7.014551,42.721148],[-7.013807,42.720407],[-7.013389,42.719753],[-7.013062,42.719062],[-7.012865,42.718527],[-7.012753,42.718062],[-7.012687,42.717483],[-7.012656,42.716988],[-7.012582,42.716182],[-7.012454,42.715582],[-7.012228,42.714941],[-7.012143,42.7147],[-7.011912,42.714183],[-7.011765,42.713853],[-7.011435,42.713315],[-7.01094,42.712652],[-7.01016,42.711515],[-7.007598,42.707867],[-7.007242,42.707477],[-7.006529,42.706803],[-7.005721,42.706197],[-7.004603,42.705398],[-7.003615,42.704557],[-7.002455,42.703443],[-7.001774,42.702933],[-7.000622,42.702027],[-7.000003,42.701552],[-6.999748,42.701327],[-6.999133,42.700547],[-6.998768,42.700023],[-6.997686,42.697945],[-6.996813,42.696703],[-6.996158,42.695932],[-6.994511,42.694331],[-6.993983,42.693785],[-6.993236,42.692916],[-6.991903,42.691158],[-6.990319,42.689112],[-6.989148,42.687494],[-6.98849,42.686388],[-6.98821,42.685817],[-6.987948,42.684928],[-6.987903,42.684325],[-6.987972,42.683722],[-6.988137,42.683125],[-6.988848,42.681398],[-6.989115,42.680527],[-6.9892,42.679645],[-6.989088,42.678763],[-6.988752,42.6779],[-6.988417,42.677345],[-6.98799,42.676848],[-6.987499,42.676355],[-6.987229,42.676128],[-6.986608,42.675701],[-6.985953,42.67533],[-6.985225,42.675003],[-6.984465,42.674753],[-6.983647,42.674559],[-6.98282,42.674442],[-6.982376,42.674402],[-6.981918,42.674386],[-6.981443,42.674374],[-6.980037,42.674412],[-6.978587,42.674496],[-6.977853,42.674509],[-6.977224,42.674493],[-6.974843,42.674319],[-6.973965,42.674292],[-6.9731,42.674333],[-6.97267,42.674389],[-6.971069,42.67465],[-6.967177,42.675213],[-6.966354,42.675312],[-6.965895,42.675345],[-6.965537,42.675355],[-6.96513,42.675346],[-6.964738,42.675315],[-6.964335,42.675272],[-6.963574,42.675131],[-6.963192,42.67503],[-6.962459,42.674787],[-6.961731,42.674455],[-6.961401,42.67428],[-6.961098,42.674095],[-6.960803,42.673904],[-6.960532,42.673698],[-6.96016,42.673388],[-6.959253,42.672541],[-6.958799,42.672147],[-6.958334,42.671803],[-6.957812,42.671456],[-6.957138,42.671088],[-6.956452,42.670745],[-6.955743,42.670428],[-6.955004,42.670148],[-6.95462,42.670025],[-6.954222,42.669911],[-6.953821,42.669816],[-6.953402,42.669728],[-6.951287,42.669383],[-6.950447,42.669228],[-6.949606,42.669052],[-6.948167,42.668676],[-6.9468,42.668229],[-6.94602,42.667948],[-6.944497,42.667355],[-6.943027,42.66674],[-6.941061,42.665882],[-6.940018,42.665358],[-6.93929,42.66505],[-6.938846,42.664899],[-6.938175,42.664718],[-6.937288,42.664549],[-6.936611,42.664459],[-6.936123,42.664424],[-6.935312,42.664419],[-6.933589,42.664456],[-6.932763,42.664392],[-6.931981,42.664261],[-6.931603,42.664174],[-6.931219,42.664072],[-6.930842,42.663948],[-6.93049,42.663813],[-6.930149,42.663675],[-6.929816,42.663513],[-6.929442,42.663307],[-6.928871,42.662932],[-6.928576,42.662699],[-6.928288,42.662456],[-6.928009,42.662176],[-6.926921,42.661029],[-6.92634,42.660544],[-6.925347,42.659789],[-6.924879,42.659477],[-6.924646,42.65937],[-6.92439,42.659313],[-6.924012,42.659314],[-6.923594,42.659457],[-6.923492,42.659524],[-6.923153,42.659836],[-6.92282,42.660249],[-6.922444,42.660627],[-6.922279,42.660742],[-6.922109,42.66083],[-6.92185,42.660902],[-6.921732,42.660908],[-6.921142,42.660812],[-6.92087,42.660729],[-6.92074,42.660672],[-6.920657,42.660539],[-6.920614,42.660414],[-6.920565,42.660344],[-6.919838,42.660374],[-6.919131,42.660402],[-6.918571,42.660387],[-6.918079,42.660339],[-6.917627,42.660273],[-6.917051,42.660137],[-6.91638,42.659886],[-6.916149,42.659783],[-6.915519,42.659455],[-6.915093,42.659168],[-6.914928,42.659027],[-6.914442,42.658583],[-6.91408,42.658144],[-6.913778,42.657857],[-6.913492,42.657685],[-6.913337,42.657633],[-6.913169,42.657604],[-6.912937,42.657584],[-6.912651,42.657626],[-6.912295,42.657732],[-6.912104,42.65784],[-6.911921,42.657994],[-6.911501,42.658403],[-6.911263,42.658557],[-6.911033,42.658663],[-6.910785,42.658741],[-6.910493,42.65878],[-6.910226,42.658779],[-6.910026,42.658753],[-6.909786,42.658703],[-6.909588,42.658632],[-6.909362,42.658521],[-6.909167,42.658385],[-6.908925,42.65813],[-6.90851,42.657515],[-6.908296,42.657304],[-6.908097,42.657158],[-6.907873,42.657041],[-6.907645,42.656958],[-6.907137,42.656823],[-6.906938,42.656782],[-6.906649,42.65671],[-6.906277,42.656599],[-6.906105,42.656525],[-6.905944,42.656425],[-6.905671,42.656214],[-6.90542,42.655976],[-6.90514,42.655746],[-6.90497,42.655639],[-6.904813,42.655563],[-6.904571,42.655476],[-6.903625,42.655264],[-6.903049,42.655143],[-6.902102,42.65493],[-6.901905,42.654886],[-6.900933,42.654672],[-6.900601,42.654599],[-6.900241,42.654539],[-6.899744,42.654494],[-6.899489,42.654486],[-6.899034,42.654513],[-6.898834,42.654539],[-6.898253,42.654674],[-6.897255,42.654986],[-6.896622,42.655176],[-6.896113,42.65531],[-6.895651,42.65538],[-6.895586,42.65539],[-6.894989,42.655421],[-6.894162,42.655422],[-6.893851,42.655404],[-6.893533,42.655364],[-6.892747,42.65518],[-6.892397,42.655064],[-6.891937,42.654876],[-6.891412,42.654598],[-6.891216,42.654472],[-6.890869,42.654217],[-6.890462,42.653842],[-6.890096,42.653401],[-6.889947,42.653175],[-6.889693,42.652711],[-6.889161,42.651531],[-6.888964,42.651151],[-6.888786,42.650869],[-6.888601,42.650598],[-6.888295,42.650256],[-6.888018,42.650021],[-6.88768,42.649776],[-6.887084,42.649464],[-6.886722,42.649327],[-6.886442,42.649236],[-6.886038,42.649134],[-6.885619,42.649051],[-6.884787,42.648947],[-6.883042,42.648794],[-6.881719,42.648639],[-6.880718,42.64845],[-6.879967,42.648279],[-6.879342,42.648105],[-6.878718,42.647915],[-6.877486,42.647451],[-6.876449,42.646963],[-6.876344,42.646888],[-6.875875,42.646627],[-6.87574,42.646526],[-6.875658,42.6464],[-6.875675,42.646342],[-6.875672,42.646297],[-6.875624,42.646215],[-6.875569,42.646175],[-6.875495,42.646147],[-6.875414,42.646137],[-6.875332,42.646147],[-6.875285,42.64616],[-6.875085,42.646119],[-6.874912,42.646023],[-6.874257,42.645598],[-6.87357,42.645032],[-6.87298,42.644483],[-6.871332,42.642759],[-6.870599,42.642102],[-6.870319,42.641878],[-6.869749,42.641467],[-6.868927,42.640924],[-6.868467,42.640667],[-6.867842,42.640346],[-6.867614,42.640237],[-6.866639,42.639803],[-6.865255,42.63915],[-6.864308,42.638659],[-6.863359,42.638105],[-6.86308,42.638003],[-6.862892,42.637954],[-6.862698,42.637929],[-6.862497,42.637929],[-6.862256,42.637959],[-6.862088,42.638],[-6.86173,42.638154],[-6.861218,42.638542],[-6.860874,42.638748],[-6.860717,42.638815],[-6.860507,42.63887],[-6.860181,42.638909],[-6.860048,42.638908],[-6.857767,42.638628],[-6.857274,42.638549],[-6.857011,42.638486],[-6.856747,42.638396],[-6.856561,42.638308],[-6.855644,42.637765],[-6.854944,42.637288],[-6.854671,42.637046],[-6.853589,42.635813],[-6.853175,42.635304],[-6.852841,42.634812],[-6.852773,42.634665],[-6.852484,42.633815],[-6.852318,42.633543],[-6.852232,42.633464],[-6.850981,42.632523],[-6.850605,42.632266],[-6.849783,42.631615],[-6.847749,42.629894],[-6.847336,42.629459],[-6.847031,42.629075],[-6.846873,42.628805],[-6.846713,42.628474],[-6.846607,42.628187],[-6.846326,42.627101],[-6.846217,42.626835],[-6.846095,42.626612],[-6.845901,42.62634],[-6.845617,42.626065],[-6.845413,42.625915],[-6.845294,42.625787],[-6.845051,42.625628],[-6.844587,42.625391],[-6.843357,42.624843],[-6.842484,42.624464],[-6.841686,42.62414],[-6.838833,42.622896],[-6.838323,42.622678],[-6.838021,42.622477],[-6.837778,42.622273],[-6.837598,42.622052],[-6.837474,42.621822],[-6.837327,42.621607],[-6.837077,42.621314],[-6.836812,42.621148],[-6.836672,42.621086],[-6.836324,42.621041],[-6.836153,42.621039],[-6.835936,42.621054],[-6.835567,42.621156],[-6.835451,42.621233],[-6.834954,42.621724],[-6.834738,42.621883],[-6.83401,42.622512],[-6.833751,42.622685],[-6.833459,42.62285],[-6.833046,42.62303],[-6.83281,42.62311],[-6.832303,42.623233],[-6.831708,42.623331],[-6.831045,42.623393],[-6.830629,42.623376],[-6.830353,42.623308],[-6.830103,42.623192],[-6.829867,42.623026],[-6.82968,42.622823],[-6.829588,42.622616],[-6.829558,42.622405],[-6.829566,42.622251],[-6.829605,42.622132],[-6.829755,42.621868],[-6.83036,42.621052],[-6.830455,42.62086],[-6.830502,42.620639],[-6.830502,42.620524],[-6.830483,42.620388],[-6.830437,42.62025],[-6.830122,42.619609],[-6.829761,42.618895],[-6.829552,42.618555],[-6.829449,42.61842],[-6.829296,42.618272],[-6.82911,42.618154],[-6.828929,42.618063],[-6.827606,42.617594],[-6.827138,42.617413],[-6.82669,42.617197],[-6.826248,42.616919],[-6.825842,42.616602],[-6.825375,42.61614],[-6.824722,42.615314],[-6.824527,42.615171],[-6.824326,42.615066],[-6.824039,42.614977],[-6.823852,42.61495],[-6.823482,42.614928],[-6.823309,42.614935],[-6.822368,42.615085],[-6.822146,42.615102],[-6.822,42.615091],[-6.821728,42.615052],[-6.821596,42.615009],[-6.82137,42.614897],[-6.821232,42.614795],[-6.82112,42.614674],[-6.821026,42.614521],[-6.820988,42.61439],[-6.82098,42.61426],[-6.821016,42.61407],[-6.821338,42.61337],[-6.821344,42.613172],[-6.82128,42.612983],[-6.820936,42.612373],[-6.820493,42.611644],[-6.820369,42.611481],[-6.820217,42.611322],[-6.819864,42.610989],[-6.819825,42.610954],[-6.817273,42.608402],[-6.816896,42.607934],[-6.816836,42.607868],[-6.816716,42.607713],[-6.816587,42.607535],[-6.816457,42.607293],[-6.816403,42.607166],[-6.816346,42.607056],[-6.816012,42.606298],[-6.815411,42.604911],[-6.815094,42.604174],[-6.815022,42.604006],[-6.814839,42.603754],[-6.814745,42.603644],[-6.814488,42.603421],[-6.814051,42.603159],[-6.812602,42.602383],[-6.812281,42.602203],[-6.812227,42.602171],[-6.811798,42.60193],[-6.809663,42.600767],[-6.809241,42.600506],[-6.808854,42.60022],[-6.808465,42.599898],[-6.807832,42.599377],[-6.807526,42.599178],[-6.807218,42.598956],[-6.80709,42.598805],[-6.807067,42.59876],[-6.806977,42.59858],[-6.806919,42.598523],[-6.806863,42.598483],[-6.80671,42.598424],[-6.806518,42.598378],[-6.80625,42.598361],[-6.805367,42.598341],[-6.805072,42.598315],[-6.804606,42.598227],[-6.804321,42.598142],[-6.804026,42.598034],[-6.803449,42.59769],[-6.803289,42.597573],[-6.803023,42.59732],[-6.802719,42.596882],[-6.802576,42.596573],[-6.802435,42.596125],[-6.802224,42.595587],[-6.802007,42.595257],[-6.80189,42.595168],[-6.801777,42.595069],[-6.801634,42.595001],[-6.801344,42.594937],[-6.801104,42.594931],[-6.800961,42.594946],[-6.800266,42.595066],[-6.800072,42.595084],[-6.799699,42.595063],[-6.799546,42.59504],[-6.799392,42.594991],[-6.799005,42.594823],[-6.798024,42.594222],[-6.797075,42.593484],[-6.796724,42.593133],[-6.796458,42.592825],[-6.795715,42.59174],[-6.792679,42.587764],[-6.791931,42.586927],[-6.791223,42.586335],[-6.790587,42.585849],[-6.789879,42.585402],[-6.788959,42.584891],[-6.788628,42.584731],[-6.786773,42.583971],[-6.786308,42.583742],[-6.7859,42.583521],[-6.785565,42.583318],[-6.785106,42.583023],[-6.784684,42.582706],[-6.783893,42.581968],[-6.781656,42.579208],[-6.780987,42.578526],[-6.780566,42.578166],[-6.780026,42.577793],[-6.779133,42.5773],[-6.778313,42.576961],[-6.775708,42.576017],[-6.774395,42.575486],[-6.772218,42.574484],[-6.771185,42.574045],[-6.770164,42.573703],[-6.769408,42.573495],[-6.768636,42.573349],[-6.76827,42.573276],[-6.767634,42.573177],[-6.766979,42.573103],[-6.765966,42.573052],[-6.76459,42.573027],[-6.764282,42.573026],[-6.763623,42.573014],[-6.762224,42.572958],[-6.760628,42.5728],[-6.7594,42.572591],[-6.758396,42.572362],[-6.757452,42.572114],[-6.754724,42.571362],[-6.75353,42.571113],[-6.752887,42.570999],[-6.75264,42.570954],[-6.751504,42.570792],[-6.750408,42.570709],[-6.745887,42.570538],[-6.745101,42.570486],[-6.743485,42.570278],[-6.743276,42.570242],[-6.742092,42.570019],[-6.741386,42.569857],[-6.739953,42.569503],[-6.739656,42.569391],[-6.736967,42.568656],[-6.731361,42.56715],[-6.730582,42.566941],[-6.730235,42.566853],[-6.72939,42.566661],[-6.72898,42.566588],[-6.728694,42.566542],[-6.728358,42.566493],[-6.727261,42.566384],[-6.72655,42.56635],[-6.725906,42.566344],[-6.725348,42.566368],[-6.724629,42.566419],[-6.723919,42.56651],[-6.723251,42.566621],[-6.722414,42.566795],[-6.721768,42.566959],[-6.721463,42.567035],[-6.720803,42.567258],[-6.719704,42.567689],[-6.718623,42.568251],[-6.718016,42.568624],[-6.716957,42.569411],[-6.71648,42.569839],[-6.715637,42.570702],[-6.714823,42.571577],[-6.714548,42.571842],[-6.7137,42.572768],[-6.709995,42.576668],[-6.709095,42.577515],[-6.708142,42.578317],[-6.70719,42.579013],[-6.706177,42.579607],[-6.704894,42.580216],[-6.703722,42.580719],[-6.702666,42.581047],[-6.701556,42.581312],[-6.700136,42.581586],[-6.699127,42.581705],[-6.698021,42.5818],[-6.696199,42.581913],[-6.694178,42.582078],[-6.692069,42.582382],[-6.690593,42.582724],[-6.689165,42.583119],[-6.682696,42.585387],[-6.678629,42.586771],[-6.678059,42.586923],[-6.677332,42.58707],[-6.676583,42.587182],[-6.676245,42.587227],[-6.674831,42.587298],[-6.67351,42.587247],[-6.672883,42.587154],[-6.672036,42.587029],[-6.671131,42.586824],[-6.670122,42.586528],[-6.668862,42.586112],[-6.665894,42.585105],[-6.659356,42.582937],[-6.658548,42.5827],[-6.657691,42.582495],[-6.657,42.58237],[-6.656303,42.582268],[-6.655582,42.582202],[-6.654859,42.582166],[-6.654071,42.582156],[-6.653279,42.582183],[-6.652236,42.58228],[-6.651423,42.582412],[-6.650637,42.58258],[-6.649723,42.582824],[-6.648416,42.583216],[-6.646915,42.583696],[-6.646136,42.5839],[-6.645406,42.584057],[-6.644077,42.584271],[-6.636703,42.585125],[-6.635267,42.585263],[-6.634902,42.585282],[-6.634673,42.585295],[-6.633389,42.585303],[-6.632413,42.585241],[-6.631615,42.585166],[-6.630578,42.58501],[-6.62986,42.584867],[-6.628843,42.584612],[-6.625245,42.583474],[-6.624296,42.583234],[-6.622784,42.582947],[-6.621649,42.582813],[-6.620784,42.582739],[-6.619928,42.582706],[-6.618487,42.582717],[-6.615309,42.582927],[-6.614477,42.582953],[-6.613832,42.582947],[-6.612682,42.582867],[-6.611947,42.582775],[-6.610675,42.582541],[-6.610254,42.582436],[-6.609642,42.582261],[-6.608641,42.581911],[-6.608001,42.581649],[-6.607597,42.581455],[-6.607003,42.581136],[-6.606419,42.580767],[-6.606069,42.580531],[-6.605166,42.579843],[-6.604903,42.579605],[-6.604372,42.579079],[-6.603806,42.578413],[-6.603115,42.57736],[-6.602545,42.576213],[-6.602038,42.575279],[-6.601651,42.57464],[-6.601085,42.573837],[-6.600433,42.573046],[-6.599946,42.572541],[-6.598786,42.571546],[-6.597699,42.57077],[-6.597015,42.57036],[-6.595927,42.569759],[-6.595117,42.569428],[-6.593926,42.569013],[-6.592645,42.568649],[-6.591574,42.568424],[-6.590207,42.568222],[-6.589013,42.568129],[-6.585257,42.568098],[-6.58434,42.568031],[-6.583421,42.567926],[-6.58273,42.567814],[-6.581834,42.567616],[-6.579578,42.566976],[-6.577523,42.566351],[-6.575571,42.565781],[-6.574523,42.56539],[-6.573235,42.564795],[-6.572094,42.564081],[-6.570597,42.563094],[-6.569701,42.5626],[-6.568848,42.562186],[-6.567663,42.561691],[-6.566677,42.561374],[-6.5659,42.561148],[-6.564697,42.56088],[-6.56361,42.560704],[-6.562936,42.560627],[-6.561932,42.56055],[-6.56113,42.560521],[-6.560509,42.560518],[-6.559897,42.560545],[-6.558813,42.560642],[-6.557877,42.560793],[-6.557182,42.560932],[-6.556366,42.561135],[-6.555671,42.56135],[-6.55484,42.561664],[-6.554442,42.561838],[-6.553963,42.562062],[-6.553339,42.562391],[-6.552909,42.562648],[-6.552021,42.563252],[-6.551345,42.563811],[-6.550731,42.564407],[-6.54969,42.56557],[-6.549299,42.56603],[-6.548774,42.566579],[-6.54836,42.566937],[-6.547746,42.567412],[-6.547339,42.567694],[-6.546782,42.568025],[-6.546259,42.568304],[-6.545614,42.568599],[-6.545113,42.568801],[-6.544422,42.569036],[-6.543348,42.569324],[-6.54138,42.569739],[-6.540919,42.569857],[-6.540193,42.570078],[-6.539311,42.570448],[-6.53879,42.570724],[-6.538327,42.57101],[-6.537772,42.57141],[-6.537239,42.571888],[-6.536433,42.57282],[-6.535374,42.574107],[-6.53485,42.574629],[-6.533908,42.575369],[-6.531913,42.576686],[-6.531608,42.576913],[-6.531359,42.577125],[-6.530872,42.577605],[-6.530495,42.578079],[-6.529971,42.578926],[-6.529688,42.579526],[-6.529516,42.579988],[-6.52902,42.582064],[-6.528841,42.58258],[-6.528711,42.582911],[-6.528539,42.583271],[-6.528311,42.583682],[-6.52811,42.584001],[-6.527244,42.585139],[-6.525412,42.587446],[-6.524969,42.587975],[-6.524372,42.588584],[-6.524098,42.588817],[-6.52346,42.589301],[-6.522542,42.58988],[-6.52173,42.590331],[-6.521101,42.590644],[-6.520367,42.59098],[-6.519669,42.591281],[-6.51829,42.591811],[-6.517554,42.59207],[-6.513719,42.593345],[-6.512318,42.593881],[-6.511672,42.594143],[-6.511139,42.594373],[-6.510106,42.594847],[-6.509348,42.595223],[-6.508345,42.595765],[-6.505351,42.597501],[-6.503755,42.598404],[-6.50213,42.599238],[-6.497209,42.601566],[-6.495828,42.602247],[-6.486982,42.606524],[-6.482845,42.608508],[-6.481614,42.609021],[-6.480352,42.609438],[-6.479451,42.609685],[-6.478687,42.609849],[-6.477323,42.610114],[-6.476112,42.610449],[-6.475274,42.61078],[-6.474837,42.610984],[-6.474364,42.611235],[-6.473952,42.6115],[-6.473469,42.611851],[-6.47298,42.612262],[-6.471232,42.613662],[-6.470443,42.614212],[-6.469597,42.614693],[-6.469205,42.614898],[-6.465075,42.616829],[-6.462709,42.617964],[-6.46091,42.618777],[-6.459576,42.619445],[-6.456431,42.621086],[-6.455186,42.621662],[-6.454448,42.621922],[-6.453998,42.622049],[-6.453364,42.622201],[-6.452515,42.622354],[-6.451783,42.622437],[-6.451264,42.622475],[-6.444252,42.622591],[-6.443347,42.622652],[-6.44276,42.622732],[-6.442256,42.622823],[-6.441405,42.623033],[-6.440909,42.62319],[-6.440267,42.623434],[-6.439821,42.62364],[-6.439594,42.623749],[-6.439016,42.624086],[-6.438341,42.624435],[-6.437345,42.624909],[-6.43663,42.625204],[-6.435613,42.625543],[-6.432553,42.626371],[-6.432291,42.626445],[-6.430813,42.626831],[-6.429012,42.627322],[-6.428255,42.627507],[-6.427412,42.627673],[-6.425936,42.627907],[-6.424927,42.628006],[-6.424127,42.628056],[-6.423408,42.628073],[-6.423112,42.628079],[-6.422177,42.628066],[-6.42111,42.627994],[-6.420345,42.627928],[-6.419387,42.627812],[-6.41817,42.627588],[-6.417038,42.627334],[-6.415475,42.626873],[-6.413913,42.62628],[-6.413175,42.625938],[-6.411579,42.625105],[-6.410996,42.624732],[-6.410111,42.624094],[-6.409167,42.623368],[-6.408892,42.623109],[-6.408455,42.622724],[-6.407545,42.621739],[-6.407004,42.621019],[-6.406446,42.62021],[-6.405796,42.618996],[-6.405157,42.617692],[-6.404841,42.617134],[-6.404541,42.616673],[-6.404087,42.616119],[-6.403462,42.61547],[-6.403064,42.615132],[-6.402275,42.614526],[-6.401717,42.614159],[-6.400783,42.613604],[-6.399645,42.613082],[-6.398741,42.612745],[-6.39778,42.612467],[-6.397066,42.612298],[-6.396407,42.612178],[-6.395028,42.612007],[-6.393004,42.611891],[-6.392454,42.61183],[-6.3918,42.611725],[-6.391323,42.611621],[-6.390425,42.611368],[-6.38984,42.611142],[-6.389172,42.610831],[-6.388659,42.610556],[-6.388102,42.6102],[-6.387303,42.609548],[-6.38706,42.609295],[-6.386427,42.608556],[-6.386078,42.608007],[-6.385686,42.607306],[-6.385072,42.606459],[-6.384679,42.606055],[-6.38377,42.605233],[-6.383109,42.604747],[-6.382379,42.604311],[-6.381826,42.604041],[-6.381083,42.603723],[-6.380279,42.603433],[-6.379866,42.603311],[-6.378843,42.60307],[-6.378267,42.602972],[-6.37765,42.602891],[-6.376575,42.602821],[-6.375917,42.60282],[-6.37519,42.602849],[-6.374076,42.602969],[-6.372656,42.603235],[-6.370507,42.603746],[-6.36824,42.604388],[-6.364192,42.605572],[-6.363253,42.605816],[-6.362622,42.605966],[-6.36122,42.606247],[-6.359979,42.606442],[-6.358647,42.606554],[-6.357591,42.606611],[-6.355274,42.606648],[-6.354107,42.606705],[-6.352725,42.606844],[-6.351888,42.606978],[-6.350533,42.607258],[-6.350057,42.60738],[-6.348533,42.607833],[-6.347459,42.60824],[-6.346887,42.608491],[-6.34611,42.608872],[-6.345538,42.609181],[-6.344127,42.610035],[-6.342956,42.610695],[-6.342454,42.610943],[-6.341766,42.611245],[-6.341039,42.611502],[-6.340099,42.611791],[-6.339198,42.611976],[-6.338228,42.612195],[-6.337141,42.612471],[-6.336425,42.6127],[-6.335095,42.613224],[-6.334365,42.613597],[-6.334039,42.613768],[-6.332666,42.614564],[-6.331284,42.615283],[-6.330623,42.615562],[-6.328919,42.616218],[-6.328102,42.616571],[-6.327415,42.616917],[-6.327071,42.61711],[-6.326508,42.617472],[-6.326274,42.617627],[-6.325702,42.61805],[-6.325353,42.618351],[-6.324803,42.618895],[-6.324191,42.619621],[-6.323861,42.620069],[-6.323488,42.620524],[-6.323101,42.620947],[-6.322532,42.621446],[-6.322029,42.621841],[-6.321499,42.622205],[-6.321019,42.622474],[-6.32052,42.622729],[-6.319995,42.622958],[-6.319463,42.623155],[-6.318835,42.623356],[-6.31811,42.623543],[-6.317275,42.623697],[-6.316473,42.623779],[-6.315734,42.623831],[-6.314923,42.623838],[-6.314202,42.623794],[-6.313212,42.623668],[-6.31155,42.623331],[-6.310681,42.62318],[-6.309493,42.623057],[-6.308743,42.623026],[-6.308047,42.623035],[-6.306909,42.623122],[-6.306219,42.623219],[-6.304175,42.62359],[-6.303234,42.623691],[-6.302595,42.623718],[-6.301661,42.623702],[-6.288228,42.622407],[-6.286995,42.62227],[-6.286524,42.622203],[-6.285903,42.62209],[-6.285355,42.621966],[-6.284713,42.621781],[-6.28412,42.621573],[-6.283513,42.621347],[-6.282965,42.621106],[-6.282487,42.620871],[-6.281912,42.620554],[-6.28143,42.620269],[-6.280408,42.619616],[-6.279687,42.618962],[-6.279078,42.618287],[-6.278912,42.61808],[-6.278855,42.618009],[-6.278587,42.617675],[-6.277977,42.616755],[-6.277432,42.61575],[-6.277145,42.615313],[-6.276722,42.614717],[-6.276187,42.614081],[-6.275371,42.61328],[-6.274928,42.612902],[-6.274341,42.61244],[-6.27247,42.611183],[-6.271869,42.610731],[-6.271362,42.610291],[-6.270919,42.609825],[-6.269971,42.608589],[-6.269326,42.607794],[-6.268468,42.607043],[-6.267661,42.606497],[-6.266763,42.606017],[-6.265852,42.605661],[-6.264854,42.605367],[-6.264076,42.605199],[-6.26325,42.605097],[-6.262337,42.605036],[-6.261243,42.605064],[-6.260375,42.605145],[-6.258924,42.605378],[-6.258123,42.60547],[-6.257382,42.605506],[-6.25656,42.605501],[-6.255794,42.605438],[-6.253882,42.605127],[-6.252958,42.60502],[-6.252154,42.604986],[-6.251311,42.605011],[-6.250433,42.605095],[-6.249066,42.605344],[-6.248147,42.605469],[-6.247207,42.605507],[-6.246317,42.605489],[-6.245638,42.605423],[-6.244817,42.605286],[-6.243943,42.605064],[-6.243207,42.604812],[-6.242373,42.604446],[-6.241938,42.604211],[-6.241293,42.603801],[-6.239972,42.602847],[-6.239059,42.602291],[-6.238304,42.601899],[-6.237643,42.601589],[-6.23681,42.601267],[-6.235679,42.600923],[-6.23439,42.600597],[-6.233539,42.600452],[-6.230289,42.60006],[-6.229527,42.599918],[-6.22891,42.599782],[-6.228482,42.599664],[-6.227537,42.599346],[-6.227108,42.599175],[-6.226635,42.598951],[-6.226049,42.598649],[-6.225559,42.598349],[-6.225091,42.598051],[-6.224745,42.597807],[-6.224104,42.597288],[-6.223536,42.596705],[-6.221739,42.594495],[-6.221033,42.593729],[-6.220447,42.593196],[-6.218816,42.592088],[-6.218122,42.591592],[-6.217507,42.591067],[-6.217178,42.590755],[-6.216775,42.590319],[-6.216209,42.589594],[-6.215901,42.589077],[-6.215684,42.588626],[-6.215415,42.587955],[-6.215196,42.587111],[-6.215134,42.586503],[-6.215123,42.585936],[-6.215155,42.585478],[-6.215334,42.584357],[-6.215474,42.583252],[-6.21549,42.582404],[-6.2154,42.581162],[-6.21539,42.580165],[-6.215477,42.579249],[-6.21563,42.578518],[-6.215883,42.577705],[-6.217,42.574816],[-6.217087,42.574408],[-6.217173,42.573801],[-6.217202,42.573221],[-6.21717,42.572432],[-6.217065,42.571756],[-6.216905,42.571149],[-6.216651,42.57042],[-6.216405,42.569891],[-6.216067,42.569287],[-6.215624,42.568662],[-6.215326,42.568308],[-6.214753,42.567696],[-6.214125,42.567139],[-6.21366,42.566755],[-6.212822,42.566176],[-6.211702,42.565553],[-6.210903,42.565208],[-6.21006,42.564887],[-6.209117,42.564603],[-6.204513,42.563378],[-6.201865,42.562601],[-6.199595,42.561852],[-6.197934,42.56127],[-6.196193,42.560619],[-6.194076,42.559762],[-6.192085,42.558883],[-6.190236,42.558032],[-6.188471,42.557138],[-6.186826,42.556272],[-6.184969,42.555223],[-6.183004,42.554034],[-6.179436,42.551777],[-6.178043,42.550999],[-6.177334,42.550662],[-6.176593,42.55035],[-6.175193,42.549845],[-6.173703,42.549395],[-6.172378,42.549093],[-6.16907,42.548502],[-6.168146,42.548286],[-6.167178,42.548013],[-6.165921,42.547586],[-6.164902,42.547156],[-6.163941,42.546699],[-6.163222,42.546298],[-6.162176,42.545608],[-6.161358,42.54504],[-6.160647,42.54445],[-6.160081,42.543921],[-6.159644,42.543459],[-6.159207,42.542949],[-6.158717,42.542324],[-6.157483,42.540638],[-6.156749,42.53967],[-6.155961,42.53871],[-6.155143,42.537788],[-6.154465,42.537068],[-6.153608,42.536256],[-6.152406,42.535201],[-6.151608,42.534562],[-6.151396,42.534368],[-6.149392,42.532965],[-6.147997,42.532084],[-6.146996,42.531506],[-6.14549,42.530721],[-6.144363,42.530176],[-6.142607,42.529417],[-6.140009,42.528445],[-6.138395,42.527931],[-6.13702,42.527565],[-6.135737,42.527233],[-6.133276,42.526699],[-6.131133,42.526197],[-6.129512,42.525703],[-6.128556,42.52536],[-6.127691,42.525009],[-6.126936,42.524667],[-6.126091,42.524248],[-6.124903,42.523576],[-6.124655,42.523436],[-6.124055,42.523042],[-6.12279,42.522123],[-6.121475,42.521006],[-6.12059,42.5201],[-6.120013,42.519448],[-6.11952,42.518817],[-6.119068,42.518183],[-6.118228,42.516695],[-6.117898,42.516061],[-6.117647,42.515482],[-6.11734,42.514584],[-6.117074,42.513529],[-6.116962,42.512862],[-6.116878,42.512137],[-6.116828,42.51132],[-6.116808,42.510878],[-6.116835,42.510405],[-6.116896,42.509798],[-6.117019,42.50888],[-6.117276,42.507826],[-6.117519,42.507067],[-6.117772,42.506392],[-6.118066,42.505711],[-6.118442,42.504974],[-6.118877,42.504247],[-6.11943,42.503422],[-6.119944,42.502768],[-6.120535,42.502075],[-6.121083,42.501507],[-6.121832,42.500802],[-6.122272,42.500406],[-6.125148,42.498224],[-6.125563,42.497861],[-6.126019,42.497417],[-6.126614,42.496687],[-6.127117,42.495929],[-6.127413,42.49532],[-6.127565,42.494954],[-6.127656,42.494708],[-6.127791,42.494245],[-6.127923,42.493543],[-6.127954,42.493243],[-6.127977,42.492804],[-6.127972,42.492266],[-6.127898,42.491771],[-6.127742,42.491101],[-6.12753,42.490464],[-6.127364,42.490056],[-6.127248,42.489808],[-6.126949,42.489284],[-6.126493,42.488639],[-6.126096,42.488167],[-6.125237,42.487353],[-6.124636,42.486883],[-6.124051,42.486494],[-6.123413,42.486112],[-6.122698,42.485735],[-6.121152,42.485167],[-6.11963,42.484808],[-6.118674,42.484671],[-6.116049,42.484416],[-6.114962,42.484261],[-6.113886,42.484058],[-6.112904,42.483829],[-6.111728,42.483475],[-6.109962,42.482806],[-6.108694,42.482257],[-6.107351,42.481712],[-6.106399,42.481366],[-6.105396,42.481042],[-6.102923,42.480352],[-6.101828,42.480033],[-6.100899,42.479734],[-6.100182,42.479459],[-6.09964,42.479221],[-6.098694,42.478782],[-6.097133,42.478007],[-6.095783,42.477408],[-6.094884,42.477039],[-6.094535,42.476912],[-6.093279,42.476494],[-6.090024,42.475625],[-6.089262,42.475394],[-6.088161,42.474954],[-6.087526,42.474648],[-6.086967,42.47434],[-6.086804,42.474246],[-6.086368,42.473981],[-6.085918,42.473665],[-6.085246,42.47312],[-6.08493,42.47282],[-6.084521,42.472398],[-6.083857,42.471614],[-6.083443,42.471008],[-6.083129,42.470455],[-6.082931,42.469998],[-6.082801,42.469659],[-6.082586,42.469035],[-6.082463,42.468479],[-6.082373,42.467605],[-6.082388,42.466873],[-6.082435,42.466426],[-6.082516,42.465944],[-6.08263,42.465494],[-6.082918,42.464742],[-6.083629,42.463066],[-6.084066,42.461842],[-6.084282,42.460993],[-6.084401,42.46015],[-6.084474,42.45922],[-6.08445,42.458289],[-6.084327,42.457423],[-6.084165,42.456563],[-6.083913,42.455732],[-6.083623,42.454924],[-6.082836,42.453293],[-6.082071,42.452022],[-6.081585,42.451256],[-6.080609,42.449865],[-6.079609,42.448637],[-6.078455,42.44743],[-6.077736,42.446708],[-6.076818,42.445851],[-6.075998,42.445147],[-6.07506,42.444406],[-6.073781,42.443496],[-6.072048,42.442442],[-6.071013,42.441899],[-6.070153,42.441486],[-6.069279,42.441107],[-6.068313,42.440732],[-6.066609,42.440156],[-6.065591,42.439864],[-6.064443,42.439581],[-6.062127,42.439145],[-6.05812,42.438523],[-6.057161,42.438337],[-6.056337,42.438169],[-6.055433,42.437955],[-6.054798,42.437813],[-6.053663,42.437505],[-6.052246,42.437058],[-6.051536,42.436792],[-6.049965,42.43618],[-6.048562,42.435552],[-6.047666,42.435124],[-6.046479,42.434483],[-6.044613,42.433325],[-6.043719,42.432719],[-6.042765,42.43198],[-6.041861,42.431227],[-6.040522,42.430001],[-6.039034,42.42837],[-6.037685,42.426722],[-6.036472,42.425353],[-6.03501,42.423874],[-6.03298,42.422184],[-6.031085,42.420891],[-6.029238,42.419819],[-6.026729,42.418514],[-6.024745,42.417444],[-6.023139,42.4165],[-6.021174,42.415258],[-6.019597,42.414178],[-6.018646,42.413488],[-6.017673,42.412746],[-6.017264,42.412428],[-6.016038,42.411433],[-6.015032,42.410562],[-6.013615,42.409265],[-6.012496,42.408166],[-6.011988,42.407639],[-6.011051,42.40663],[-6.010584,42.406092],[-6.009868,42.405256],[-6.009722,42.405077],[-6.00945,42.404718],[-6.00942,42.404605],[-6.009231,42.404329],[-6.009177,42.404178],[-6.009162,42.404056],[-6.009169,42.403942],[-6.009207,42.403799],[-6.009264,42.403679],[-6.009423,42.403491],[-6.009538,42.403408],[-6.009668,42.40336],[-6.009815,42.403333],[-6.009958,42.403334],[-6.01014,42.403382],[-6.010305,42.40345],[-6.010515,42.403584],[-6.010692,42.403776],[-6.010813,42.403987],[-6.010864,42.404297],[-6.01081,42.404516],[-6.010633,42.404698],[-6.010278,42.404922],[-6.009703,42.405182],[-6.008929,42.405529],[-6.008724,42.405618],[-6.008229,42.405841],[-6.00802,42.405946],[-6.007986,42.406005],[-6.007068,42.405132],[-6.006083,42.40423],[-6.003689,42.401951],[-6.002412,42.400744],[-6.002067,42.400382],[-5.999966,42.398405],[-5.991361,42.390241],[-5.987685,42.386777],[-5.987124,42.386243],[-5.987008,42.386137],[-5.986867,42.386004],[-5.985899,42.385085],[-5.98537,42.384582],[-5.985217,42.384437],[-5.984992,42.384218],[-5.984876,42.384113],[-5.984458,42.383716],[-5.982212,42.381584],[-5.981525,42.380931],[-5.975048,42.374782],[-5.974985,42.374721],[-5.974586,42.374289],[-5.973885,42.373591],[-5.972412,42.372195],[-5.972027,42.371845],[-5.971329,42.371255],[-5.956676,42.357357],[-5.956385,42.357086],[-5.956143,42.356861],[-5.955582,42.356455],[-5.954976,42.35604],[-5.954763,42.355849],[-5.954644,42.355743],[-5.954232,42.355304],[-5.953969,42.355024],[-5.953638,42.3547],[-5.953042,42.354205],[-5.952529,42.353831],[-5.952158,42.353562],[-5.951037,42.35283],[-5.948009,42.350808],[-5.947429,42.350382],[-5.947167,42.350155],[-5.946937,42.34991],[-5.946646,42.349444],[-5.94563,42.347257],[-5.944644,42.345121],[-5.944337,42.344585],[-5.943979,42.344081],[-5.942618,42.342719],[-5.941697,42.341823],[-5.940917,42.341004],[-5.939614,42.339285],[-5.93512,42.333131],[-5.927234,42.322404],[-5.926785,42.321808],[-5.926242,42.321205],[-5.925576,42.320621],[-5.923052,42.318786],[-5.920658,42.317074],[-5.920029,42.3166],[-5.919167,42.315988],[-5.918051,42.315173],[-5.916726,42.314252],[-5.913901,42.312211],[-5.912197,42.311],[-5.912025,42.310876],[-5.911344,42.310389],[-5.910341,42.309658],[-5.909373,42.308957],[-5.90923,42.308805],[-5.909153,42.308673],[-5.90915,42.308591],[-5.909128,42.308553],[-5.909094,42.30852],[-5.908997,42.308477],[-5.908884,42.308474],[-5.908849,42.308482],[-5.908682,42.308419],[-5.908439,42.308284],[-5.908412,42.308265],[-5.906257,42.306709],[-5.905615,42.306249],[-5.904587,42.305528],[-5.904324,42.305363],[-5.904073,42.30523],[-5.903871,42.305078],[-5.903838,42.305035],[-5.903764,42.304989],[-5.903655,42.30497],[-5.903539,42.304997],[-5.903486,42.305034],[-5.903292,42.30502],[-5.902763,42.304939],[-5.902407,42.304893],[-5.901307,42.304809],[-5.899729,42.304706],[-5.898584,42.304628],[-5.897687,42.304564],[-5.896938,42.304511],[-5.896631,42.304451],[-5.896092,42.304283],[-5.895873,42.30419],[-5.895724,42.304076],[-5.895675,42.303917],[-5.895613,42.30381],[-5.895557,42.303774],[-5.895462,42.303754],[-5.895351,42.303756],[-5.895267,42.303776],[-5.895249,42.303784],[-5.895095,42.303737],[-5.894974,42.303659],[-5.8946,42.303256],[-5.894363,42.302963],[-5.89422,42.302739],[-5.894036,42.302424],[-5.892857,42.30042],[-5.892769,42.300272],[-5.891097,42.297427],[-5.891059,42.297338],[-5.891036,42.29719],[-5.891048,42.297171],[-5.891056,42.297087],[-5.891036,42.297047],[-5.891003,42.297014],[-5.890909,42.296973],[-5.890817,42.296904],[-5.890731,42.296801],[-5.888335,42.292709],[-5.888299,42.292563],[-5.888322,42.292433],[-5.888332,42.292401],[-5.888315,42.292323],[-5.888249,42.292262],[-5.888208,42.292245],[-5.88803,42.292131],[-5.887931,42.292023],[-5.887563,42.291431],[-5.887297,42.291093],[-5.887096,42.290883],[-5.886651,42.290545],[-5.884022,42.288764],[-5.88105,42.28675],[-5.876386,42.283586],[-5.876219,42.28348],[-5.876075,42.283388],[-5.875419,42.283077],[-5.874852,42.282865],[-5.874069,42.282573],[-5.873474,42.28235],[-5.87105,42.281223],[-5.870631,42.28096],[-5.870286,42.280675],[-5.869768,42.280178],[-5.868805,42.279193],[-5.868789,42.279178],[-5.868472,42.278886],[-5.868069,42.278592],[-5.866434,42.27764],[-5.866305,42.277543],[-5.865709,42.277156],[-5.865171,42.276845],[-5.864616,42.276523],[-5.864081,42.276243],[-5.863511,42.27595],[-5.859796,42.273808],[-5.859006,42.27341],[-5.857963,42.273037],[-5.857019,42.272788],[-5.852395,42.271958],[-5.8521,42.271906],[-5.851314,42.271754],[-5.850575,42.271575],[-5.85013,42.271416],[-5.849767,42.271224],[-5.849573,42.271113],[-5.845548,42.268742],[-5.842268,42.267119],[-5.841662,42.266785],[-5.840827,42.266134],[-5.835746,42.26183],[-5.834399,42.260677],[-5.833999,42.260343],[-5.830072,42.257013],[-5.828436,42.255618],[-5.826059,42.253648],[-5.825875,42.253495],[-5.825605,42.253293],[-5.825365,42.253133],[-5.822822,42.25178],[-5.822287,42.251412],[-5.821671,42.250854],[-5.820811,42.249779],[-5.820007,42.248738],[-5.819295,42.248045],[-5.817445,42.24654],[-5.816946,42.246077],[-5.816501,42.245631],[-5.815951,42.245028],[-5.815464,42.244392],[-5.814617,42.243036],[-5.814218,42.242142],[-5.813784,42.240944],[-5.813424,42.240139],[-5.813058,42.23953],[-5.811437,42.237389],[-5.810805,42.236554],[-5.810634,42.236323],[-5.810465,42.236098],[-5.810332,42.235925],[-5.810272,42.235847],[-5.809371,42.234649],[-5.809189,42.234409],[-5.803165,42.226427],[-5.801786,42.224559],[-5.801394,42.223922],[-5.800926,42.223084],[-5.800786,42.222837],[-5.800672,42.222636],[-5.800506,42.222345],[-5.792245,42.207293],[-5.775846,42.177711],[-5.772377,42.1714],[-5.771992,42.170727],[-5.771649,42.170079],[-5.771154,42.169179],[-5.763004,42.154352],[-5.753563,42.137231],[-5.750365,42.131434],[-5.750055,42.130909],[-5.74997,42.130764],[-5.749884,42.130607],[-5.747017,42.125365],[-5.744945,42.121619],[-5.744474,42.120615],[-5.744106,42.119944],[-5.743672,42.119171],[-5.743146,42.118341],[-5.742005,42.116271],[-5.741505,42.115366],[-5.740569,42.113704],[-5.738262,42.109495],[-5.737978,42.109053],[-5.737468,42.108488],[-5.737157,42.108214],[-5.736885,42.108002],[-5.736596,42.107806],[-5.736284,42.107626],[-5.735954,42.107452],[-5.731709,42.105507],[-5.730623,42.105007],[-5.730212,42.104793],[-5.729641,42.104429],[-5.729055,42.103962],[-5.728795,42.103663],[-5.728623,42.103446],[-5.728394,42.103106],[-5.728299,42.102964],[-5.728102,42.102611],[-5.723421,42.093328],[-5.722894,42.092322],[-5.722274,42.091329],[-5.721852,42.090664],[-5.72158,42.090294],[-5.721274,42.089992],[-5.719964,42.088916],[-5.71674,42.086297],[-5.716365,42.085975],[-5.716172,42.085759],[-5.715986,42.085515],[-5.715669,42.084944],[-5.715397,42.08454],[-5.714863,42.083923],[-5.714365,42.083387],[-5.708836,42.077377],[-5.708467,42.076921],[-5.708268,42.076594],[-5.706603,42.072996],[-5.705946,42.07162],[-5.705771,42.071239],[-5.705644,42.07093],[-5.705396,42.070415],[-5.705227,42.070133],[-5.704938,42.0698],[-5.704627,42.06951],[-5.703381,42.06847],[-5.702615,42.067806],[-5.701803,42.067141],[-5.698744,42.06503],[-5.698374,42.064733],[-5.696403,42.062959],[-5.696172,42.062753],[-5.694922,42.06164],[-5.69294,42.059869],[-5.6925,42.059511],[-5.690392,42.057618],[-5.690094,42.057379],[-5.690047,42.057306],[-5.689662,42.056944],[-5.689053,42.056391],[-5.688818,42.056175],[-5.688356,42.05576],[-5.688111,42.055562],[-5.688019,42.055478],[-5.686986,42.054561],[-5.68639,42.054025],[-5.6853,42.052991],[-5.683452,42.051355],[-5.6828,42.050799],[-5.682481,42.050564],[-5.681633,42.049799],[-5.680344,42.048642],[-5.680034,42.048317],[-5.679548,42.047657],[-5.679309,42.047228],[-5.679173,42.046934],[-5.678437,42.044767],[-5.678229,42.044007],[-5.678152,42.043532],[-5.678101,42.043013],[-5.678096,42.04252],[-5.678188,42.039144],[-5.678263,42.036297],[-5.678297,42.036098],[-5.678322,42.035029],[-5.67835,42.033759],[-5.678388,42.032874],[-5.67838,42.032546],[-5.678382,42.031495],[-5.678421,42.030354],[-5.678576,42.024535],[-5.678567,42.022412],[-5.678539,42.021992],[-5.678482,42.021693],[-5.676498,42.015483],[-5.676342,42.015011],[-5.676241,42.014702],[-5.67597,42.013751],[-5.675983,42.013647],[-5.676013,42.013566],[-5.676057,42.013509],[-5.676117,42.013479],[-5.676171,42.013426],[-5.676198,42.013361],[-5.67618,42.013264],[-5.676118,42.013199],[-5.676044,42.013163],[-5.675936,42.013147],[-5.675857,42.013158],[-5.675793,42.013098],[-5.675211,42.011313],[-5.675252,42.011267],[-5.675265,42.011205],[-5.675237,42.011162],[-5.67515,42.011125],[-5.675098,42.010961],[-5.67472,42.009812],[-5.674464,42.009],[-5.674356,42.008623],[-5.674279,42.00759],[-5.674358,42.007573],[-5.674449,42.007516],[-5.674498,42.007444],[-5.674512,42.00734],[-5.674493,42.007294],[-5.674427,42.00722],[-5.674353,42.007173],[-5.674262,42.007149],[-5.674193,42.006165],[-5.674212,42.006106],[-5.674184,42.006077],[-5.674137,42.006067],[-5.673967,42.003645],[-5.673991,42.0036],[-5.673991,42.003542],[-5.673996,42.003505],[-5.673986,42.003423],[-5.673959,42.003331],[-5.673935,42.003242],[-5.673916,42.003218],[-5.673842,42.003199],[-5.67381,42.003209],[-5.673775,42.003152],[-5.673557,42.003052],[-5.673001,42.002825],[-5.672965,42.002806],[-5.67296,42.002759],[-5.672907,42.002706],[-5.672839,42.002689],[-5.672734,42.00272],[-5.670024,42.001625],[-5.669989,42.001565],[-5.66995,42.001539],[-5.66985,42.001522],[-5.669795,42.001534],[-5.667758,42.000721],[-5.667036,42.00043],[-5.666195,42.000092],[-5.665975,41.999998],[-5.665393,41.999762],[-5.665355,41.999678],[-5.665276,41.999635],[-5.665151,41.999634],[-5.665128,41.999641],[-5.664968,41.999599],[-5.664758,41.999511],[-5.664311,41.999332],[-5.663446,41.998981],[-5.663219,41.998892],[-5.661733,41.998296],[-5.661246,41.998092],[-5.661219,41.998023],[-5.661168,41.997987],[-5.661099,41.997976],[-5.661022,41.997987],[-5.660835,41.997926],[-5.659637,41.997445],[-5.659212,41.997278],[-5.658881,41.997146],[-5.65817,41.996868],[-5.658046,41.996803],[-5.657978,41.996725],[-5.657914,41.996591],[-5.657932,41.996562],[-5.657958,41.996481],[-5.657951,41.996398],[-5.65791,41.996321],[-5.657853,41.996264],[-5.657772,41.996218],[-5.657632,41.996183],[-5.657485,41.996192],[-5.657389,41.996224],[-5.657309,41.996275],[-5.657137,41.996317],[-5.657014,41.996331],[-5.656884,41.996315],[-5.656396,41.996141],[-5.652909,41.994742],[-5.65186,41.994295],[-5.65169,41.994211],[-5.651586,41.994068],[-5.651564,41.993996],[-5.651505,41.993923],[-5.651409,41.99386],[-5.651287,41.993831],[-5.651032,41.993851],[-5.650834,41.993856],[-5.650681,41.993835],[-5.650455,41.993748],[-5.649942,41.993539],[-5.649621,41.993409],[-5.64933,41.993293],[-5.647433,41.992532],[-5.647267,41.992466],[-5.64336,41.990889],[-5.643221,41.990814],[-5.643103,41.990679],[-5.643077,41.990605],[-5.643012,41.990539],[-5.642919,41.990494],[-5.642836,41.990479],[-5.642748,41.990482],[-5.642661,41.990506],[-5.642508,41.990515],[-5.642368,41.990493],[-5.64034,41.989673],[-5.639809,41.989481],[-5.639573,41.98942],[-5.63933,41.989382],[-5.639112,41.989355],[-5.637964,41.989374],[-5.637676,41.98935],[-5.637508,41.989318],[-5.637077,41.989196],[-5.636871,41.989102],[-5.636204,41.988636],[-5.63599,41.988435],[-5.635125,41.987715],[-5.634471,41.987245],[-5.63391,41.986893],[-5.633165,41.986485],[-5.63251,41.986184],[-5.632015,41.985976],[-5.631327,41.985725],[-5.630694,41.985511],[-5.629506,41.985151],[-5.622233,41.982841],[-5.620786,41.982424],[-5.618136,41.981592],[-5.617397,41.981317],[-5.616668,41.981017],[-5.615627,41.980556],[-5.615283,41.980397],[-5.614635,41.980038],[-5.61271,41.978912],[-5.612292,41.978689],[-5.61072,41.977761],[-5.609442,41.976969],[-5.609158,41.976794],[-5.608585,41.97644],[-5.607727,41.975911],[-5.605985,41.974801],[-5.603376,41.973187],[-5.602666,41.972749],[-5.600067,41.971131],[-5.599879,41.970981],[-5.598832,41.970296],[-5.598696,41.970188],[-5.598162,41.969668],[-5.597975,41.969423],[-5.597652,41.968903],[-5.597493,41.968529],[-5.597381,41.968139],[-5.597325,41.967788],[-5.597312,41.967465],[-5.59733,41.967096],[-5.597411,41.966715],[-5.597513,41.966393],[-5.597663,41.966057],[-5.597809,41.965797],[-5.598078,41.965422],[-5.598393,41.965071],[-5.598762,41.964747],[-5.599098,41.964502],[-5.599598,41.964203],[-5.600034,41.963998],[-5.600496,41.96382],[-5.600946,41.963689],[-5.602519,41.963338],[-5.603037,41.963207],[-5.60457,41.962821],[-5.605172,41.962642],[-5.606693,41.962149],[-5.60758,41.9618],[-5.608662,41.961334],[-5.609562,41.960895],[-5.610359,41.960483],[-5.611389,41.959895],[-5.6122,41.959374],[-5.613197,41.958678],[-5.617588,41.955374],[-5.620892,41.95314],[-5.622718,41.952006],[-5.624419,41.950983],[-5.627885,41.94895],[-5.630019,41.947612],[-5.632076,41.946238],[-5.634536,41.944486],[-5.637018,41.942565],[-5.64047,41.939595],[-5.643717,41.936661],[-5.645858,41.934881],[-5.648169,41.93313],[-5.649948,41.931823],[-5.654303,41.928955],[-5.656352,41.927731],[-5.658539,41.926361],[-5.659723,41.925551],[-5.661407,41.924226],[-5.661632,41.92403],[-5.662299,41.923363],[-5.663887,41.921704],[-5.664464,41.921034],[-5.668404,41.915567],[-5.670002,41.913589],[-5.670978,41.912439],[-5.673871,41.909374],[-5.675713,41.907579],[-5.67729,41.906157],[-5.678754,41.904794],[-5.679355,41.904206],[-5.679455,41.904111],[-5.68168,41.901864],[-5.683433,41.899889],[-5.684694,41.898403],[-5.686488,41.896102],[-5.68758,41.894603],[-5.689875,41.891218],[-5.694453,41.884576],[-5.695261,41.883378],[-5.699169,41.877699],[-5.700247,41.876205],[-5.701067,41.875189],[-5.702303,41.873866],[-5.703353,41.872893],[-5.704345,41.872045],[-5.705584,41.871136],[-5.706628,41.870436],[-5.708437,41.869338],[-5.711811,41.867429],[-5.712008,41.867313],[-5.714512,41.865858],[-5.715573,41.865217],[-5.719602,41.862664],[-5.723142,41.860342],[-5.726156,41.858252],[-5.728045,41.856903],[-5.73022,41.855319],[-5.732261,41.853755],[-5.734054,41.852264],[-5.735537,41.850846],[-5.73659,41.849705],[-5.737604,41.84849],[-5.739766,41.845412],[-5.740506,41.844064],[-5.741078,41.842791],[-5.74155,41.841421],[-5.741949,41.839843],[-5.742307,41.838156],[-5.74247,41.837233],[-5.742608,41.836114],[-5.742682,41.834544],[-5.742704,41.833194],[-5.742656,41.832055],[-5.74266,41.830391],[-5.74272,41.828032],[-5.742903,41.826395],[-5.742963,41.825964],[-5.743742,41.822659],[-5.743868,41.822232],[-5.743953,41.82194],[-5.744382,41.820754],[-5.745152,41.818822],[-5.745636,41.817833],[-5.746846,41.815592],[-5.747946,41.813876],[-5.749046,41.812288],[-5.750138,41.81075],[-5.751272,41.809034],[-5.752886,41.806361],[-5.75405,41.804065],[-5.754873,41.802297],[-5.755589,41.800589],[-5.755944,41.799664],[-5.756431,41.798294],[-5.757128,41.796192],[-5.757441,41.795357],[-5.75779,41.794545],[-5.757909,41.79428],[-5.758492,41.793142],[-5.758807,41.792594],[-5.759175,41.79201],[-5.759682,41.791254],[-5.760258,41.790479],[-5.762314,41.787805],[-5.762911,41.786887],[-5.763162,41.786454],[-5.763622,41.785565],[-5.763771,41.785236],[-5.764123,41.784333],[-5.764417,41.783402],[-5.764551,41.782826],[-5.764696,41.782064],[-5.764946,41.779746],[-5.764723,41.778181],[-5.764209,41.776108],[-5.76365,41.774854],[-5.763144,41.773866],[-5.762784,41.773264],[-5.762369,41.77264],[-5.762038,41.772187],[-5.761464,41.771453],[-5.759457,41.769266],[-5.758762,41.768476],[-5.758494,41.768146],[-5.758129,41.767651],[-5.757628,41.766932],[-5.757289,41.766357],[-5.756958,41.765793],[-5.756352,41.764486],[-5.756085,41.763798],[-5.755894,41.763211],[-5.755649,41.762261],[-5.755419,41.760836],[-5.755361,41.759938],[-5.755353,41.75947],[-5.7554,41.758592],[-5.755435,41.758082],[-5.755531,41.757371],[-5.755693,41.756621],[-5.755773,41.756322],[-5.756026,41.755414],[-5.75646,41.754309],[-5.756845,41.753432],[-5.757257,41.752692],[-5.757668,41.752019],[-5.758172,41.7513],[-5.758819,41.75047],[-5.759398,41.749814],[-5.760215,41.748994],[-5.762085,41.747176],[-5.763306,41.745883],[-5.764554,41.744489],[-5.765518,41.74331],[-5.766584,41.741888],[-5.767661,41.740337],[-5.768347,41.739287],[-5.769576,41.737137],[-5.770507,41.73528],[-5.771905,41.732331],[-5.773274,41.729943],[-5.77446,41.728134],[-5.775249,41.727039],[-5.77631,41.725637],[-5.777561,41.724151],[-5.778328,41.72329],[-5.779138,41.722425],[-5.779725,41.72182],[-5.781037,41.720567],[-5.781758,41.719902],[-5.782215,41.719504],[-5.783532,41.718393],[-5.784645,41.717501],[-5.785745,41.716668],[-5.786313,41.716209],[-5.786853,41.715742],[-5.787468,41.715182],[-5.788013,41.714614],[-5.788387,41.714198],[-5.788864,41.713608],[-5.789447,41.712815],[-5.789894,41.712106],[-5.7902,41.711568],[-5.790439,41.711105],[-5.79069,41.710561],[-5.790934,41.709935],[-5.791182,41.709212],[-5.791321,41.708708],[-5.791546,41.707611],[-5.791694,41.706647],[-5.791994,41.704698],[-5.792107,41.703868],[-5.792246,41.703034],[-5.792453,41.702138],[-5.792759,41.701155],[-5.792978,41.700589],[-5.793279,41.699919],[-5.793636,41.699243],[-5.794062,41.698539],[-5.7944,41.698031],[-5.795191,41.697007],[-5.795529,41.696625],[-5.796097,41.696017],[-5.796632,41.695515],[-5.797192,41.695015],[-5.79786,41.694476],[-5.800213,41.692667],[-5.800905,41.692062],[-5.801727,41.691256],[-5.802317,41.690613],[-5.802932,41.689855],[-5.803485,41.689062],[-5.803945,41.688306],[-5.804331,41.687554],[-5.804611,41.686953],[-5.804823,41.68641],[-5.805057,41.685717],[-5.805214,41.685179],[-5.805436,41.68406],[-5.805503,41.683514],[-5.80556,41.682627],[-5.805556,41.681744],[-5.805371,41.679761],[-5.805242,41.678936],[-5.805099,41.678142],[-5.804947,41.677464],[-5.804754,41.676684],[-5.804498,41.675798],[-5.803985,41.674269],[-5.803449,41.67294],[-5.802817,41.671584],[-5.801925,41.669748],[-5.799026,41.664022],[-5.798172,41.662262],[-5.797411,41.66053],[-5.796783,41.658937],[-5.796412,41.657918],[-5.795999,41.656715],[-5.79561,41.655383],[-5.79526,41.654144],[-5.794899,41.652678],[-5.794376,41.649811],[-5.794084,41.647697],[-5.793923,41.646713],[-5.793535,41.644809],[-5.793292,41.643873],[-5.79308,41.643099],[-5.792689,41.641836],[-5.792296,41.6407],[-5.791645,41.639038],[-5.790941,41.637381],[-5.790645,41.636572],[-5.790197,41.635271],[-5.789889,41.634275],[-5.789577,41.633139],[-5.789533,41.632952],[-5.789238,41.631646],[-5.78889,41.629692],[-5.788726,41.628407],[-5.787502,41.615841],[-5.78737,41.614688],[-5.787083,41.612751],[-5.786815,41.611312],[-5.786666,41.610626],[-5.786154,41.60856],[-5.785895,41.607635],[-5.785499,41.606336],[-5.784781,41.604297],[-5.784317,41.603094],[-5.783107,41.600349],[-5.782553,41.599033],[-5.78201,41.597623],[-5.776094,41.581256],[-5.775451,41.579496],[-5.774971,41.578257],[-5.77422,41.576513],[-5.773605,41.57527],[-5.772825,41.57389],[-5.771983,41.572538],[-5.771423,41.571736],[-5.770438,41.570422],[-5.769573,41.569353],[-5.768937,41.568645],[-5.767746,41.567383],[-5.766521,41.566199],[-5.765391,41.565206],[-5.764515,41.564498],[-5.763109,41.563405],[-5.761572,41.562325],[-5.760551,41.561664],[-5.758868,41.560646],[-5.758102,41.560213],[-5.756428,41.559334],[-5.754382,41.558368],[-5.753319,41.557918],[-5.751632,41.557244],[-5.750352,41.556785],[-5.749544,41.556508],[-5.748198,41.556089],[-5.746553,41.555614],[-5.745051,41.555233],[-5.743139,41.554809],[-5.741948,41.554584],[-5.740818,41.554388],[-5.739811,41.554225],[-5.733085,41.553358],[-5.731202,41.553047],[-5.729284,41.55266],[-5.728634,41.552509],[-5.727001,41.552065],[-5.725556,41.551625],[-5.724112,41.551131],[-5.722588,41.550542],[-5.721125,41.549913],[-5.720007,41.549381],[-5.7187,41.5487],[-5.717546,41.548037],[-5.716341,41.547296],[-5.715361,41.546641],[-5.714663,41.546125],[-5.713878,41.545551],[-5.712714,41.544585],[-5.711384,41.543359],[-5.710851,41.54282],[-5.709983,41.54189],[-5.709375,41.541198],[-5.708584,41.540193],[-5.708106,41.539545],[-5.707621,41.538833],[-5.707151,41.538092],[-5.706612,41.537153],[-5.706238,41.536445],[-5.705684,41.535275],[-5.705318,41.534382],[-5.704659,41.532552],[-5.704432,41.531882],[-5.703827,41.529839],[-5.703441,41.528326],[-5.703102,41.526912],[-5.702824,41.525523],[-5.702781,41.525265],[-5.702572,41.523907],[-5.702453,41.522861],[-5.702415,41.522092],[-5.70242,41.521235],[-5.702452,41.520716],[-5.702551,41.519824],[-5.702698,41.519064],[-5.702866,41.518327],[-5.703043,41.5177],[-5.703248,41.517127],[-5.703579,41.516302],[-5.703777,41.515853],[-5.704066,41.515266],[-5.704596,41.514328],[-5.704956,41.513755],[-5.705435,41.513088],[-5.706101,41.512222],[-5.706919,41.511305],[-5.707412,41.510813],[-5.708134,41.510165],[-5.708741,41.509644],[-5.709672,41.508897],[-5.70994,41.508688],[-5.710915,41.507923],[-5.711801,41.507188],[-5.712855,41.506199],[-5.713513,41.5055],[-5.71382,41.505159],[-5.714636,41.504119],[-5.715171,41.503351],[-5.715628,41.502588],[-5.716187,41.501535],[-5.716578,41.500651],[-5.716892,41.499829],[-5.716942,41.499653],[-5.717156,41.498956],[-5.71748,41.497421],[-5.717521,41.497219],[-5.718511,41.491752],[-5.718663,41.490889],[-5.7187,41.490678],[-5.719568,41.485872],[-5.719726,41.484812],[-5.719863,41.483522],[-5.719901,41.483186],[-5.719929,41.482574],[-5.719955,41.481432],[-5.719899,41.47968],[-5.719719,41.476854],[-5.719668,41.475165],[-5.719687,41.474498],[-5.719786,41.473138],[-5.719809,41.472929],[-5.719916,41.472094],[-5.7201,41.471126],[-5.720238,41.470521],[-5.720378,41.469962],[-5.72129,41.466694],[-5.721594,41.465506],[-5.721808,41.464569],[-5.721844,41.464401],[-5.722076,41.463066],[-5.722187,41.462143],[-5.722287,41.460599],[-5.72231,41.459711],[-5.722287,41.458781],[-5.722207,41.457643],[-5.722123,41.456788],[-5.721997,41.455913],[-5.721908,41.45543],[-5.721786,41.454778],[-5.721443,41.453366],[-5.721167,41.452438],[-5.720907,41.451646],[-5.720239,41.449856],[-5.720166,41.449665],[-5.719561,41.448132],[-5.719082,41.446814],[-5.718716,41.445385],[-5.71859,41.444525],[-5.718531,41.444055],[-5.718482,41.443161],[-5.718496,41.442053],[-5.718599,41.440992],[-5.718714,41.440264],[-5.718811,41.439784],[-5.71887,41.439539],[-5.719008,41.439008],[-5.719227,41.43831],[-5.719476,41.437637],[-5.721028,41.433967],[-5.721636,41.43234],[-5.722055,41.430964],[-5.722206,41.430379],[-5.722466,41.429302],[-5.722657,41.428273],[-5.722794,41.427346],[-5.722891,41.426527],[-5.722958,41.425607],[-5.723004,41.424398],[-5.72299,41.423265],[-5.722929,41.422175],[-5.722767,41.420641],[-5.722601,41.419592],[-5.722414,41.418642],[-5.722236,41.417912],[-5.721947,41.416838],[-5.721841,41.41647],[-5.720949,41.413832],[-5.718794,41.407642],[-5.718513,41.406776],[-5.718299,41.405973],[-5.718165,41.405347],[-5.718045,41.404625],[-5.717961,41.403974],[-5.717926,41.403451],[-5.717915,41.40272],[-5.718,41.40104],[-5.718037,41.400636],[-5.718079,41.400348],[-5.718216,41.398518],[-5.718208,41.397243],[-5.718141,41.396485],[-5.718013,41.395752],[-5.71771,41.394544],[-5.717383,41.393384],[-5.717281,41.39299],[-5.717002,41.39184],[-5.716855,41.391036],[-5.716774,41.39019],[-5.716762,41.389221],[-5.716818,41.388507],[-5.716957,41.387591],[-5.717125,41.386917],[-5.717332,41.386244],[-5.717651,41.385326],[-5.718379,41.383433],[-5.719009,41.381671],[-5.719498,41.379958],[-5.719647,41.379108],[-5.719769,41.378271],[-5.719819,41.377418],[-5.719842,41.376606],[-5.719796,41.37563],[-5.719717,41.374919],[-5.719624,41.374329],[-5.719454,41.373489],[-5.719194,41.372518],[-5.718934,41.371727],[-5.718352,41.370362],[-5.717966,41.369569],[-5.717476,41.368656],[-5.715707,41.365531],[-5.715178,41.3645],[-5.71492,41.363922],[-5.714564,41.363027],[-5.714197,41.361996],[-5.71392,41.360963],[-5.7137,41.359981],[-5.713625,41.359485],[-5.7136,41.359279],[-5.713483,41.358157],[-5.713433,41.357267],[-5.713447,41.356423],[-5.713464,41.355899],[-5.713557,41.354958],[-5.71358,41.354742],[-5.713694,41.353987],[-5.713874,41.353118],[-5.714084,41.352284],[-5.714303,41.351569],[-5.714453,41.351118],[-5.714817,41.35019],[-5.715054,41.349649],[-5.71567,41.348429],[-5.71652,41.346996],[-5.717553,41.3454],[-5.718106,41.344596],[-5.719209,41.343092],[-5.720366,41.341615],[-5.721586,41.340147],[-5.721848,41.339842],[-5.721967,41.33971],[-5.722889,41.338674],[-5.723626,41.337787],[-5.724053,41.337235],[-5.724642,41.336374],[-5.725302,41.335274],[-5.725557,41.334771],[-5.726121,41.333489],[-5.726401,41.332655],[-5.726653,41.331727],[-5.726859,41.330687],[-5.726982,41.329679],[-5.727037,41.328845],[-5.727026,41.328055],[-5.726994,41.327526],[-5.726862,41.326391],[-5.726704,41.32555],[-5.726487,41.324633],[-5.726245,41.323863],[-5.725818,41.322807],[-5.72557,41.322285],[-5.725245,41.321653],[-5.724882,41.321009],[-5.724433,41.320309],[-5.723894,41.319558],[-5.723397,41.318918],[-5.722908,41.318336],[-5.722257,41.317651],[-5.721768,41.317184],[-5.720916,41.316425],[-5.720322,41.31594],[-5.719582,41.315383],[-5.717494,41.313883],[-5.716247,41.31294],[-5.71446,41.311499],[-5.713589,41.310757],[-5.712398,41.309686],[-5.711632,41.308961],[-5.710829,41.308169],[-5.709321,41.306599],[-5.708581,41.305772],[-5.707969,41.305063],[-5.707229,41.304168],[-5.705993,41.302573],[-5.705186,41.30144],[-5.704438,41.300341],[-5.70402,41.299691],[-5.70339,41.298652],[-5.702803,41.297627],[-5.702347,41.296798],[-5.701911,41.295946],[-5.70162,41.295352],[-5.701454,41.294952],[-5.701187,41.294285],[-5.700956,41.293607],[-5.700803,41.29311],[-5.700535,41.292061],[-5.700396,41.291228],[-5.700268,41.290024],[-5.700237,41.289143],[-5.700244,41.288437],[-5.700359,41.287224],[-5.700488,41.286443],[-5.700605,41.285873],[-5.700881,41.284756],[-5.701008,41.28436],[-5.701482,41.283114],[-5.701711,41.282605],[-5.702181,41.28167],[-5.703107,41.280133],[-5.703905,41.278849],[-5.704615,41.277616],[-5.705015,41.276748],[-5.705333,41.275956],[-5.705536,41.275372],[-5.705762,41.274575],[-5.705901,41.27395],[-5.706014,41.273351],[-5.706153,41.27237],[-5.706175,41.271975],[-5.706193,41.270769],[-5.706151,41.270013],[-5.706101,41.269537],[-5.705962,41.268614],[-5.705847,41.268078],[-5.705758,41.267711],[-5.705424,41.266544],[-5.704906,41.265257],[-5.704343,41.264158],[-5.703026,41.261881],[-5.702725,41.261313],[-5.702149,41.260047],[-5.701835,41.259276],[-5.701538,41.258345],[-5.701369,41.257729],[-5.701243,41.257119],[-5.701099,41.25593],[-5.70106,41.255269],[-5.701056,41.253908],[-5.701155,41.252837],[-5.701226,41.252409],[-5.701384,41.251602],[-5.701592,41.250755],[-5.701873,41.249772],[-5.703416,41.244232],[-5.704388,41.240646],[-5.70466,41.239504],[-5.704998,41.237816],[-5.705235,41.236491],[-5.705547,41.234104],[-5.705658,41.23291],[-5.705783,41.230717],[-5.705811,41.229482],[-5.705816,41.22808],[-5.705773,41.226915],[-5.705689,41.22555],[-5.705504,41.223471],[-5.705296,41.221986],[-5.705095,41.220761],[-5.704906,41.219757],[-5.704484,41.21783],[-5.704398,41.217455],[-5.702435,41.209728],[-5.698992,41.196034],[-5.697546,41.190449],[-5.696234,41.185164],[-5.696047,41.184334],[-5.695873,41.183403],[-5.695751,41.182624],[-5.695532,41.181052],[-5.695408,41.179876],[-5.695312,41.178626],[-5.695248,41.177325],[-5.695234,41.175847],[-5.696185,41.150293],[-5.696489,41.14274],[-5.69665,41.140464],[-5.696748,41.139381],[-5.696947,41.137657],[-5.696971,41.137503],[-5.697313,41.135118],[-5.697679,41.133128],[-5.698228,41.130567],[-5.698705,41.128573],[-5.699102,41.126734],[-5.699218,41.125965],[-5.699324,41.12452],[-5.699334,41.123732],[-5.699319,41.122824],[-5.699228,41.121896],[-5.698981,41.120003],[-5.698853,41.118775],[-5.698755,41.117584],[-5.698703,41.116278],[-5.698687,41.114944],[-5.69873,41.113771],[-5.699027,41.109575],[-5.699078,41.107995],[-5.699027,41.106384],[-5.698934,41.105228],[-5.698752,41.103949],[-5.698514,41.102742],[-5.698264,41.101678],[-5.697841,41.100257],[-5.697371,41.098948],[-5.696885,41.097791],[-5.696528,41.097027],[-5.696106,41.096184],[-5.695644,41.095329],[-5.694979,41.09424],[-5.694241,41.093105],[-5.692861,41.091117],[-5.69268,41.090861],[-5.692656,41.090835],[-5.691445,41.089056],[-5.690453,41.087438],[-5.690321,41.087189],[-5.690205,41.086966],[-5.69,41.086584],[-5.689461,41.08544],[-5.689023,41.084358],[-5.688884,41.083993],[-5.688563,41.083028],[-5.68829,41.08206],[-5.688022,41.0809],[-5.687819,41.079705],[-5.687683,41.078453],[-5.687581,41.077064],[-5.68746,41.073822],[-5.687338,41.072362],[-5.687254,41.071637],[-5.687076,41.070559],[-5.686803,41.069373],[-5.686461,41.068205],[-5.686269,41.06766],[-5.685882,41.066643],[-5.685532,41.065875],[-5.685115,41.06503],[-5.684635,41.064162],[-5.684076,41.063264],[-5.683423,41.062324],[-5.682711,41.061366],[-5.682071,41.060601],[-5.681383,41.059833],[-5.680794,41.059222],[-5.680127,41.058576],[-5.679448,41.057957],[-5.678606,41.057258],[-5.677712,41.056554],[-5.676592,41.055726],[-5.673687,41.053669],[-5.673095,41.05323],[-5.672256,41.052549],[-5.671761,41.052113],[-5.671277,41.051639],[-5.67086,41.051188],[-5.670399,41.050668],[-5.669641,41.049694],[-5.669311,41.049202],[-5.668654,41.04809],[-5.668296,41.047339],[-5.66802,41.046636],[-5.667796,41.045998],[-5.667625,41.045385],[-5.667453,41.044615],[-5.667315,41.043754],[-5.667266,41.043028],[-5.667258,41.042381],[-5.667281,41.0418],[-5.667322,41.04134],[-5.667489,41.040296],[-5.667757,41.039162],[-5.667958,41.038538],[-5.668252,41.037797],[-5.668604,41.03702],[-5.669138,41.036079],[-5.669352,41.035737],[-5.669843,41.035052],[-5.670311,41.034456],[-5.670844,41.033838],[-5.671589,41.033041],[-5.674806,41.029874],[-5.675878,41.028779],[-5.677178,41.027211],[-5.677369,41.026923],[-5.677483,41.026751],[-5.677762,41.026331],[-5.678268,41.02545],[-5.678749,41.02455],[-5.679153,41.023579],[-5.679444,41.022737],[-5.679728,41.021766],[-5.679934,41.020789],[-5.679993,41.020276],[-5.680017,41.020051],[-5.68009,41.019317],[-5.680107,41.018266],[-5.680093,41.017562],[-5.680002,41.016668],[-5.679881,41.015917],[-5.679378,41.01344],[-5.679318,41.013048],[-5.679241,41.012134],[-5.679234,41.011695],[-5.679265,41.0108],[-5.679362,41.009988],[-5.679565,41.008563],[-5.679577,41.008337],[-5.679583,41.007488],[-5.679548,41.007014],[-5.679481,41.006472],[-5.67939,41.005997],[-5.679289,41.005594],[-5.679004,41.004698],[-5.678776,41.004167],[-5.678683,41.003967],[-5.67809,41.002959],[-5.677805,41.002537],[-5.676308,41.000713],[-5.675827,40.999997],[-5.675545,40.999411],[-5.675396,40.999028],[-5.675342,40.998827],[-5.675242,40.99868],[-5.675167,40.99823],[-5.67514,40.998022],[-5.674995,40.997108],[-5.674894,40.99656],[-5.674826,40.996096],[-5.674803,40.995599],[-5.674859,40.995108],[-5.674974,40.994692],[-5.675231,40.99416],[-5.6754,40.993944],[-5.675686,40.993672],[-5.676026,40.993449],[-5.676336,40.993378],[-5.676631,40.993415],[-5.676791,40.993518],[-5.676892,40.993618],[-5.676967,40.993754],[-5.676972,40.993988],[-5.676816,40.994216],[-5.676525,40.994499],[-5.675889,40.995056],[-5.675034,40.995667],[-5.674161,40.996163],[-5.673265,40.996589],[-5.672481,40.996894],[-5.672242,40.996974],[-5.67165,40.99714],[-5.670646,40.997371],[-5.67017,40.997459],[-5.669709,40.997524],[-5.66724,40.997965],[-5.667145,40.997968],[-5.666923,40.997926],[-5.666819,40.997876],[-5.666728,40.997807],[-5.666642,40.997675],[-5.666573,40.997461],[-5.666533,40.997236],[-5.666429,40.996911],[-5.666408,40.996767],[-5.66643,40.996739],[-5.666449,40.996686],[-5.666443,40.996632],[-5.666413,40.996582],[-5.666361,40.996542],[-5.666379,40.996325],[-5.66637,40.996149],[-5.666287,40.99569],[-5.666108,40.99467],[-5.666088,40.994556],[-5.665997,40.994019],[-5.665876,40.993328],[-5.665842,40.993135],[-5.6658,40.992879],[-5.665838,40.992711],[-5.665898,40.992619],[-5.665896,40.992568],[-5.665872,40.992519],[-5.66577,40.992452],[-5.665675,40.992284],[-5.665601,40.992089],[-5.665574,40.991935],[-5.665486,40.991431],[-5.664846,40.987732],[-5.6648,40.98747],[-5.664606,40.986356],[-5.66444,40.98539],[-5.664308,40.98471],[-5.664229,40.984244],[-5.664127,40.983644],[-5.66398,40.982782],[-5.663943,40.982557],[-5.663845,40.981972],[-5.663798,40.981705],[-5.663791,40.981658],[-5.663716,40.98123],[-5.663579,40.98043],[-5.663527,40.98012],[-5.663404,40.979445],[-5.663278,40.978721],[-5.663232,40.978445],[-5.663183,40.978172],[-5.663161,40.97805],[-5.663089,40.977634],[-5.66301,40.977174],[-5.663001,40.977123],[-5.662974,40.976976],[-5.662897,40.976517],[-5.66285,40.976251],[-5.66286,40.97612],[-5.662831,40.975931],[-5.662771,40.975847],[-5.66275,40.975799],[-5.662765,40.975257],[-5.662766,40.975171],[-5.662772,40.974911],[-5.662803,40.974714],[-5.662868,40.974296],[-5.662994,40.973509],[-5.663088,40.972921],[-5.663167,40.972584],[-5.663222,40.972596],[-5.663305,40.972584],[-5.663378,40.972521],[-5.663376,40.972438],[-5.663342,40.9724],[-5.663269,40.972371],[-5.66315,40.972388],[-5.663128,40.972402],[-5.66311,40.972419],[-5.662901,40.972403],[-5.661882,40.972145],[-5.661135,40.971955],[-5.661116,40.971912],[-5.661128,40.971853],[-5.661326,40.971548],[-5.661379,40.971471],[-5.66143,40.971396],[-5.661644,40.97108],[-5.661682,40.971024],[-5.662071,40.970436],[-5.661877,40.970338],[-5.662028,40.970164]]}},{"type":"Feature","properties":{"routeId":"route-014","originId":"merida","destinationId":"madrid","logicalEndpoints":[[-4.1088,38.8786],[-3.7038,40.4168]],"returnedEndpoints":[[-4.10287,38.880295],[-3.705065,40.416454]],"snapDistancesMeters":[546.8199476793687,113.79408158125304],"summary":{"distanceMeters":228585.4,"durationSeconds":12352.3},"riskSnaps":[{"riskId":"rest-deadline-vehicle-014","kind":"segment","startIndex":1440,"endIndex":1441,"startCoordinate":[-3.88974,40.110029],"endCoordinate":[-3.890362,40.110832]},{"riskId":"severe-snow-leon","kind":"segment","startIndex":960,"endIndex":961,"startCoordinate":[-3.980498,39.8209],"endCoordinate":[-3.980603,39.821381]}]},"geometry":{"type":"LineString","coordinates":[[-4.10287,38.880295],[-4.102686,38.879903],[-4.100902,38.877816],[-4.099775,38.876701],[-4.097962,38.87499],[-4.097355,38.873988],[-4.096251,38.87205],[-4.095611,38.871154],[-4.090699,38.86628],[-4.090233,38.865848],[-4.089675,38.865379],[-4.087827,38.864302],[-4.087877,38.864248],[-4.087881,38.864214],[-4.087846,38.864153],[-4.08781,38.864133],[-4.087725,38.864126],[-4.087654,38.864164],[-4.087112,38.863678],[-4.086154,38.862671],[-4.08494,38.861843],[-4.083992,38.861256],[-4.083837,38.861143],[-4.083763,38.861099],[-4.083111,38.860617],[-4.082028,38.859833],[-4.081389,38.85937],[-4.081281,38.859291],[-4.08113,38.859144],[-4.081054,38.859069],[-4.080756,38.858778],[-4.080412,38.858442],[-4.08029,38.858206],[-4.080087,38.85781],[-4.079965,38.857765],[-4.079274,38.857127],[-4.07913,38.856961],[-4.078707,38.85661],[-4.078335,38.856141],[-4.078131,38.855884],[-4.077951,38.855606],[-4.077972,38.8556],[-4.078023,38.855551],[-4.078029,38.855519],[-4.077999,38.855459],[-4.077927,38.855429],[-4.07785,38.855442],[-4.077819,38.855463],[-4.077792,38.855522],[-4.077531,38.855716],[-4.077425,38.855786],[-4.077214,38.855925],[-4.076848,38.856241],[-4.076083,38.856995],[-4.07577,38.857277],[-4.075449,38.857491],[-4.074625,38.857916],[-4.072311,38.859062],[-4.068025,38.861217],[-4.056221,38.867158],[-4.04162,38.874474],[-4.04149,38.874542],[-4.041309,38.874582],[-4.041216,38.874584],[-4.041168,38.874573],[-4.041086,38.874517],[-4.041016,38.874476],[-4.040857,38.874448],[-4.04065,38.874608],[-4.040139,38.875029],[-4.039643,38.875422],[-4.029178,38.88063],[-4.028581,38.88095],[-4.028116,38.881299],[-4.027411,38.881947],[-4.023889,38.885383],[-4.023542,38.885701],[-4.023051,38.88605],[-4.022035,38.886816],[-4.021592,38.887104],[-4.021157,38.88732],[-4.019929,38.887695],[-4.019165,38.888024],[-4.018108,38.888599],[-4.017444,38.888936],[-4.016983,38.889128],[-4.01588,38.889487],[-4.015516,38.889616],[-4.015248,38.889735],[-4.015004,38.889872],[-4.014713,38.890082],[-4.014491,38.890281],[-4.014315,38.890482],[-4.014154,38.890718],[-4.014068,38.890867],[-4.013945,38.891169],[-4.013335,38.893085],[-4.012855,38.894335],[-4.011315,38.896508],[-4.009365,38.898524],[-4.008909,38.898944],[-4.008476,38.899231],[-4.00818,38.899379],[-4.007851,38.899518],[-4.00678,38.899912],[-4.00639,38.900096],[-4.006216,38.900196],[-4.005895,38.900427],[-4.005749,38.900553],[-4.005505,38.900808],[-4.005288,38.901096],[-4.003797,38.903333],[-4.000329,38.908463],[-3.998348,38.911514],[-3.995928,38.915149],[-3.993928,38.918151],[-3.993465,38.918844],[-3.992672,38.920032],[-3.991346,38.922114],[-3.991068,38.92244],[-3.990732,38.922656],[-3.990571,38.922711],[-3.990316,38.922721],[-3.990197,38.922705],[-3.990174,38.922682],[-3.990055,38.922618],[-3.989958,38.92261],[-3.989864,38.922632],[-3.989788,38.922679],[-3.989741,38.922744],[-3.989729,38.922817],[-3.989757,38.922897],[-3.989824,38.92296],[-3.989919,38.922996],[-3.990024,38.922999],[-3.990115,38.922972],[-3.990186,38.92292],[-3.990155,38.923034],[-3.990182,38.92325],[-3.990198,38.923537],[-3.990182,38.923679],[-3.990141,38.923841],[-3.99006,38.924017],[-3.988194,38.92687],[-3.984405,38.932508],[-3.984115,38.93303],[-3.984062,38.933126],[-3.98384,38.93359],[-3.983604,38.934035],[-3.98348,38.93424],[-3.983231,38.934419],[-3.983024,38.934565],[-3.98271,38.934787],[-3.982543,38.93489],[-3.982296,38.935043],[-3.982194,38.935113],[-3.982112,38.935159],[-3.98183,38.935375],[-3.981657,38.935477],[-3.981293,38.935777],[-3.981142,38.935898],[-3.980281,38.936862],[-3.980163,38.936989],[-3.979572,38.937616],[-3.979506,38.937693],[-3.979305,38.937878],[-3.979065,38.9381],[-3.978562,38.938564],[-3.976911,38.939952],[-3.97577,38.940944],[-3.975588,38.941025],[-3.975321,38.941049],[-3.975254,38.941013],[-3.975175,38.940996],[-3.975094,38.940999],[-3.975018,38.941021],[-3.974956,38.941061],[-3.974912,38.941114],[-3.974892,38.941176],[-3.974898,38.941239],[-3.974931,38.941299],[-3.974988,38.941347],[-3.974988,38.941424],[-3.97492,38.94166],[-3.974258,38.942244],[-3.973502,38.943031],[-3.972024,38.944513],[-3.970435,38.945878],[-3.96964,38.946529],[-3.968439,38.947353],[-3.966742,38.94884],[-3.964824,38.950418],[-3.964119,38.951145],[-3.963442,38.951941],[-3.962989,38.952349],[-3.96181,38.953351],[-3.959702,38.955278],[-3.958937,38.955931],[-3.958565,38.956294],[-3.958015,38.956936],[-3.957814,38.957073],[-3.957621,38.957148],[-3.957457,38.957189],[-3.957331,38.957198],[-3.957132,38.957175],[-3.956981,38.957134],[-3.956869,38.957073],[-3.956788,38.956974],[-3.956785,38.956925],[-3.956743,38.956831],[-3.956706,38.95679],[-3.956605,38.956728],[-3.956483,38.9567],[-3.956419,38.9567],[-3.95631,38.956722],[-3.956216,38.956771],[-3.956149,38.956842],[-3.956111,38.956969],[-3.956133,38.957055],[-3.956197,38.957137],[-3.956247,38.957255],[-3.956258,38.957401],[-3.956233,38.957596],[-3.956155,38.95776],[-3.956016,38.957955],[-3.9551,38.95888],[-3.954543,38.959397],[-3.95332,38.96046],[-3.951937,38.96185],[-3.949891,38.963934],[-3.945491,38.968411],[-3.94342,38.97055],[-3.942932,38.971039],[-3.941235,38.972722],[-3.940179,38.973812],[-3.939978,38.974016],[-3.939521,38.974321],[-3.939399,38.974374],[-3.939224,38.974398],[-3.939081,38.974377],[-3.938985,38.9744],[-3.938885,38.974456],[-3.938824,38.974539],[-3.938807,38.974596],[-3.938815,38.974666],[-3.938802,38.974716],[-3.938727,38.974833],[-3.93756,38.976178],[-3.936698,38.977102],[-3.936262,38.977583],[-3.936158,38.977709],[-3.93612,38.977734],[-3.93598,38.977779],[-3.935913,38.977835],[-3.935882,38.977893],[-3.935874,38.977986],[-3.935921,38.978067],[-3.935975,38.978105],[-3.93603,38.978131],[-3.936075,38.978173],[-3.936096,38.978228],[-3.936106,38.978364],[-3.936052,38.978655],[-3.936027,38.97883],[-3.935975,38.97934],[-3.935879,38.97993],[-3.93581,38.980499],[-3.93568,38.981066],[-3.9355,38.981917],[-3.935235,38.982936],[-3.935146,38.983109],[-3.93504,38.983262],[-3.934865,38.983408],[-3.934595,38.983559],[-3.934381,38.983682],[-3.934298,38.983785],[-3.934264,38.983868],[-3.934261,38.983926],[-3.934291,38.984551],[-3.934267,38.984943],[-3.934236,38.985393],[-3.934227,38.985692],[-3.934219,38.98596],[-3.934207,38.986369],[-3.934183,38.986541],[-3.934084,38.986868],[-3.933928,38.987277],[-3.933895,38.987361],[-3.933788,38.987626],[-3.933478,38.988393],[-3.933365,38.988643],[-3.932659,38.990318],[-3.932313,38.991151],[-3.932011,38.991837],[-3.931446,38.993153],[-3.931222,38.993616],[-3.93104,38.993877],[-3.930791,38.994155],[-3.930349,38.994644],[-3.929461,38.995623],[-3.929325,38.995743],[-3.929168,38.995833],[-3.929003,38.99589],[-3.928815,38.99591],[-3.928405,38.995896],[-3.927991,38.995933],[-3.927905,38.995929],[-3.92787,38.995913],[-3.927767,38.995906],[-3.927714,38.995923],[-3.927654,38.995978],[-3.927641,38.99605],[-3.927686,38.996121],[-3.927728,38.996145],[-3.927765,38.996283],[-3.927767,38.99639],[-3.927786,38.997865],[-3.927787,38.99836],[-3.92778,38.998985],[-3.927767,38.999666],[-3.927752,39.000621],[-3.927726,39.00094],[-3.927518,39.001736],[-3.92728,39.002529],[-3.927233,39.002632],[-3.927166,39.002719],[-3.927033,39.002758],[-3.926955,39.002818],[-3.926944,39.002835],[-3.926912,39.002897],[-3.926907,39.002982],[-3.926935,39.00305],[-3.926989,39.003109],[-3.927063,39.003152],[-3.927047,39.003562],[-3.925411,39.009718],[-3.925303,39.010121],[-3.925099,39.010962],[-3.92496,39.011697],[-3.92493,39.012181],[-3.924943,39.014364],[-3.925012,39.021248],[-3.925026,39.022326],[-3.925053,39.023577],[-3.925088,39.02526],[-3.925127,39.025552],[-3.925207,39.026155],[-3.925562,39.02706],[-3.926593,39.028778],[-3.928395,39.031778],[-3.929425,39.033493],[-3.930287,39.035096],[-3.931685,39.03811],[-3.931942,39.038993],[-3.932032,39.039913],[-3.931953,39.044732],[-3.931928,39.046277],[-3.931851,39.051746],[-3.931849,39.051869],[-3.931789,39.054877],[-3.931769,39.057437],[-3.931735,39.058203],[-3.931632,39.059097],[-3.931357,39.0599],[-3.931267,39.06007],[-3.93085,39.060754],[-3.930291,39.061406],[-3.929894,39.061758],[-3.929525,39.06208],[-3.928538,39.062678],[-3.927395,39.063157],[-3.926372,39.063551],[-3.925233,39.06396],[-3.924334,39.064317],[-3.922936,39.064879],[-3.919688,39.06621],[-3.918659,39.066668],[-3.91823,39.066913],[-3.917425,39.06756],[-3.916762,39.068242],[-3.916143,39.068958],[-3.91561,39.069768],[-3.912683,39.07436],[-3.9124,39.074886],[-3.912203,39.075361],[-3.911999,39.075845],[-3.911894,39.076141],[-3.910648,39.079283],[-3.906567,39.089578],[-3.906283,39.090505],[-3.906147,39.091393],[-3.905717,39.099057],[-3.905425,39.103345],[-3.905393,39.103762],[-3.905285,39.104733],[-3.90511,39.105657],[-3.904837,39.106575],[-3.904438,39.107439],[-3.904338,39.107624],[-3.904012,39.10816],[-3.903461,39.10886],[-3.903327,39.109023],[-3.90272,39.10972],[-3.901968,39.11038],[-3.901142,39.110985],[-3.900287,39.111532],[-3.897563,39.11313],[-3.89661,39.113733],[-3.895728,39.114353],[-3.895267,39.114723],[-3.894549,39.115393],[-3.894,39.115999],[-3.893616,39.116516],[-3.893002,39.117437],[-3.892685,39.118193],[-3.892362,39.119383],[-3.892267,39.119952],[-3.892217,39.120473],[-3.892217,39.121287],[-3.89224,39.121739],[-3.892311,39.122429],[-3.892739,39.125292],[-3.892847,39.126183],[-3.89292,39.127082],[-3.892937,39.12803],[-3.892882,39.128962],[-3.892818,39.129512],[-3.892796,39.129661],[-3.892565,39.130721],[-3.892277,39.131647],[-3.892057,39.132148],[-3.89192,39.132495],[-3.89149,39.133311],[-3.891005,39.134117],[-3.890453,39.134918],[-3.889855,39.135655],[-3.889217,39.13637],[-3.888548,39.137074],[-3.883662,39.142046],[-3.878274,39.147518],[-3.876962,39.148888],[-3.875527,39.15015],[-3.875234,39.150382],[-3.874702,39.150803],[-3.873848,39.151407],[-3.872977,39.151967],[-3.872062,39.152495],[-3.87111,39.152992],[-3.87013,39.153448],[-3.869128,39.153867],[-3.868108,39.154243],[-3.86706,39.154582],[-3.865952,39.154888],[-3.864149,39.155279],[-3.863394,39.155425],[-3.860711,39.155944],[-3.86043,39.155998],[-3.860202,39.156035],[-3.858768,39.156332],[-3.857323,39.15661],[-3.856804,39.156706],[-3.856517,39.156758],[-3.852511,39.157554],[-3.851262,39.157809],[-3.850099,39.158111],[-3.849148,39.158405],[-3.848734,39.158551],[-3.847581,39.159003],[-3.846989,39.159263],[-3.846531,39.159483],[-3.845657,39.159942],[-3.844718,39.160505],[-3.844291,39.160792],[-3.843596,39.161295],[-3.842662,39.162048],[-3.842285,39.162391],[-3.841677,39.162991],[-3.841056,39.163662],[-3.840663,39.164161],[-3.840276,39.164673],[-3.839731,39.165493],[-3.839274,39.166322],[-3.839041,39.166807],[-3.838687,39.167657],[-3.838188,39.169218],[-3.838028,39.170112],[-3.83794,39.171027],[-3.837987,39.17254],[-3.838149,39.173633],[-3.838607,39.175724],[-3.838703,39.176489],[-3.838746,39.177459],[-3.838726,39.178065],[-3.838659,39.178782],[-3.838634,39.17896],[-3.838482,39.179797],[-3.838253,39.180653],[-3.837957,39.181497],[-3.837537,39.182428],[-3.83713,39.183145],[-3.836587,39.183968],[-3.836195,39.184482],[-3.83555,39.185242],[-3.834615,39.1862],[-3.833802,39.186893],[-3.833051,39.187437],[-3.828508,39.190483],[-3.827573,39.191138],[-3.826515,39.191852],[-3.825332,39.1926],[-3.820121,39.196063],[-3.801872,39.20822],[-3.79889,39.210225],[-3.794858,39.212895],[-3.791111,39.215413],[-3.788248,39.217312],[-3.787301,39.21794],[-3.786104,39.218735],[-3.783155,39.220692],[-3.78253,39.221063],[-3.781921,39.221401],[-3.777648,39.223766],[-3.777412,39.223895],[-3.777269,39.223973],[-3.776739,39.22426],[-3.776078,39.22463],[-3.775579,39.224909],[-3.775273,39.22508],[-3.775192,39.22513],[-3.775044,39.225222],[-3.774834,39.225386],[-3.774631,39.225624],[-3.773695,39.227281],[-3.77344,39.22773],[-3.773095,39.228354],[-3.772556,39.229337],[-3.772201,39.229964],[-3.771765,39.230735],[-3.771723,39.230811],[-3.771447,39.231298],[-3.771305,39.231647],[-3.77114,39.232127],[-3.770887,39.232942],[-3.770725,39.233488],[-3.770615,39.233876],[-3.770306,39.234921],[-3.770182,39.235364],[-3.770128,39.235587],[-3.769265,39.238457],[-3.769182,39.238668],[-3.769033,39.23896],[-3.768732,39.239412],[-3.761421,39.249223],[-3.753888,39.259372],[-3.753794,39.259499],[-3.745337,39.27088],[-3.744981,39.271359],[-3.744786,39.271694],[-3.744682,39.271982],[-3.744632,39.272183],[-3.744207,39.275416],[-3.744189,39.275765],[-3.744239,39.276216],[-3.744331,39.276587],[-3.74555,39.280871],[-3.745639,39.281348],[-3.745855,39.283012],[-3.745947,39.283473],[-3.746065,39.283781],[-3.747788,39.287557],[-3.748141,39.288301],[-3.748314,39.288557],[-3.748514,39.288782],[-3.752513,39.292309],[-3.755642,39.294983],[-3.755946,39.295271],[-3.75613,39.295508],[-3.756273,39.295751],[-3.756337,39.295899],[-3.757004,39.297838],[-3.757117,39.29809],[-3.757235,39.298322],[-3.759236,39.301821],[-3.759513,39.302394],[-3.761711,39.308447],[-3.762408,39.310357],[-3.762837,39.311528],[-3.763116,39.312298],[-3.76328,39.312666],[-3.764388,39.314523],[-3.764997,39.315534],[-3.76511,39.315784],[-3.767078,39.322266],[-3.767156,39.3226],[-3.767531,39.323813],[-3.768201,39.325967],[-3.768257,39.326094],[-3.768442,39.326365],[-3.77759,39.342231],[-3.781818,39.349476],[-3.781993,39.349815],[-3.782073,39.350106],[-3.782935,39.355592],[-3.783055,39.356242],[-3.783135,39.356502],[-3.785921,39.364025],[-3.787368,39.367977],[-3.791618,39.37974],[-3.794341,39.387162],[-3.794681,39.388088],[-3.794741,39.388336],[-3.794885,39.388741],[-3.794912,39.388815],[-3.795253,39.389755],[-3.795277,39.389819],[-3.79581,39.391291],[-3.796031,39.391868],[-3.796222,39.392298],[-3.809175,39.42757],[-3.809338,39.428026],[-3.809401,39.42819],[-3.809733,39.429342],[-3.809856,39.429773],[-3.810018,39.430613],[-3.810021,39.430713],[-3.810185,39.432142],[-3.810207,39.432371],[-3.8103,39.432862],[-3.810325,39.433162],[-3.811304,39.445092],[-3.81134,39.445351],[-3.811438,39.445666],[-3.814057,39.4516],[-3.814222,39.451946],[-3.814376,39.452193],[-3.81458,39.452452],[-3.814744,39.452621],[-3.815526,39.453292],[-3.815974,39.453711],[-3.823709,39.462157],[-3.82437,39.462819],[-3.824919,39.463246],[-3.825458,39.463566],[-3.826016,39.463849],[-3.827459,39.464522],[-3.828237,39.464952],[-3.828807,39.46532],[-3.829596,39.465914],[-3.829836,39.466116],[-3.830295,39.466549],[-3.830918,39.467232],[-3.832765,39.469594],[-3.833117,39.470117],[-3.833299,39.470438],[-3.833393,39.470651],[-3.833521,39.471088],[-3.833583,39.471482],[-3.833587,39.471817],[-3.833565,39.472051],[-3.833303,39.474207],[-3.833251,39.474815],[-3.833265,39.475423],[-3.833368,39.476101],[-3.840156,39.509389],[-3.840213,39.509668],[-3.841986,39.518304],[-3.842138,39.519352],[-3.842232,39.51979],[-3.842609,39.521588],[-3.842648,39.521766],[-3.842804,39.522406],[-3.842911,39.522739],[-3.84303,39.523083],[-3.843143,39.523335],[-3.843391,39.523781],[-3.846288,39.528313],[-3.846534,39.528767],[-3.85378,39.544582],[-3.85415,39.545393],[-3.855939,39.549341],[-3.856514,39.550789],[-3.856793,39.551631],[-3.857005,39.552406],[-3.857113,39.552885],[-3.857208,39.553432],[-3.857261,39.5539],[-3.857271,39.55401],[-3.8573,39.554316],[-3.857321,39.554857],[-3.857315,39.555348],[-3.857263,39.556084],[-3.857199,39.55657],[-3.857112,39.557063],[-3.856993,39.557581],[-3.856776,39.558334],[-3.856518,39.559065],[-3.856108,39.560051],[-3.855752,39.560797],[-3.855238,39.561787],[-3.853614,39.564786],[-3.85285,39.566307],[-3.852611,39.566824],[-3.852172,39.56788],[-3.851826,39.568865],[-3.851522,39.569928],[-3.851276,39.571051],[-3.85119,39.571538],[-3.851046,39.572732],[-3.850987,39.57372],[-3.850978,39.574503],[-3.851018,39.575467],[-3.851122,39.57661],[-3.851341,39.578216],[-3.851512,39.579236],[-3.851554,39.579528],[-3.851954,39.581906],[-3.852027,39.582448],[-3.852074,39.583017],[-3.852167,39.583867],[-3.852244,39.585469],[-3.852253,39.586328],[-3.852154,39.589697],[-3.852108,39.59031],[-3.85206,39.591767],[-3.852065,39.593243],[-3.852102,39.594378],[-3.852148,39.594842],[-3.852227,39.596094],[-3.852344,39.597258],[-3.852977,39.600893],[-3.854329,39.604952],[-3.854827,39.606127],[-3.85522,39.606945],[-3.85568,39.607842],[-3.855961,39.60835],[-3.856492,39.609271],[-3.856915,39.609952],[-3.857687,39.611119],[-3.858013,39.611577],[-3.858371,39.612071],[-3.859435,39.613457],[-3.860972,39.615305],[-3.86259,39.617133],[-3.865038,39.619824],[-3.866015,39.62097],[-3.866777,39.621959],[-3.867313,39.622733],[-3.867795,39.623526],[-3.867938,39.623795],[-3.868246,39.624376],[-3.868516,39.624933],[-3.869094,39.626387],[-3.869938,39.628318],[-3.870459,39.629372],[-3.872227,39.633457],[-3.876311,39.642789],[-3.877506,39.645519],[-3.877566,39.64572],[-3.877578,39.645865],[-3.877571,39.646049],[-3.877561,39.646654],[-3.877614,39.646774],[-3.877932,39.647018],[-3.878072,39.647174],[-3.878332,39.647638],[-3.878425,39.647697],[-3.87848,39.647727],[-3.878586,39.647775],[-3.879171,39.64805],[-3.879621,39.64826],[-3.881642,39.649187],[-3.881914,39.649295],[-3.883688,39.649789],[-3.884098,39.6499],[-3.88455,39.650024],[-3.885021,39.650153],[-3.887028,39.650695],[-3.887123,39.65072],[-3.888317,39.651035],[-3.890324,39.651578],[-3.893185,39.652352],[-3.894448,39.652687],[-3.895579,39.652943],[-3.904748,39.654871],[-3.910617,39.65607],[-3.917288,39.657443],[-3.918021,39.657593],[-3.919013,39.657802],[-3.919999,39.65806],[-3.920486,39.658223],[-3.920793,39.65835],[-3.921232,39.65856],[-3.921489,39.658706],[-3.921986,39.659019],[-3.922475,39.659363],[-3.928794,39.664062],[-3.93023,39.665153],[-3.930738,39.665561],[-3.931616,39.666295],[-3.932754,39.667333],[-3.933613,39.668195],[-3.93458,39.669257],[-3.934748,39.669452],[-3.935251,39.670064],[-3.935951,39.67097],[-3.937079,39.672502],[-3.937456,39.67302],[-3.937678,39.673321],[-3.939235,39.675453],[-3.943255,39.680938],[-3.943625,39.681382],[-3.944055,39.681838],[-3.944556,39.682318],[-3.945075,39.682766],[-3.945618,39.683182],[-3.946541,39.683794],[-3.947201,39.68417],[-3.947738,39.684444],[-3.948301,39.684709],[-3.949043,39.685014],[-3.953027,39.686584],[-3.956763,39.688045],[-3.957346,39.688273],[-3.960792,39.689626],[-3.962115,39.690195],[-3.9629,39.690584],[-3.963401,39.690851],[-3.963994,39.691197],[-3.964602,39.691577],[-3.96523,39.69201],[-3.965721,39.692382],[-3.966248,39.692809],[-3.966723,39.693225],[-3.967192,39.693668],[-3.96763,39.694123],[-3.968047,39.694589],[-3.968427,39.695052],[-3.968786,39.695526],[-3.96912,39.696014],[-3.969443,39.696526],[-3.969992,39.697545],[-3.970749,39.699129],[-3.97171,39.701316],[-3.972543,39.703371],[-3.973028,39.704632],[-3.973342,39.705507],[-3.973646,39.706402],[-3.9743,39.70841],[-3.974349,39.708572],[-3.974518,39.709112],[-3.975151,39.711422],[-3.975444,39.712574],[-3.97595,39.714765],[-3.97604,39.715088],[-3.976272,39.71569],[-3.976696,39.716481],[-3.976967,39.716891],[-3.977255,39.717266],[-3.977587,39.717684],[-3.97802,39.718178],[-3.982134,39.722399],[-3.982646,39.722965],[-3.982941,39.723321],[-3.983258,39.723756],[-3.98353,39.724226],[-3.983721,39.72463],[-3.98395,39.725174],[-3.984148,39.725623],[-3.984913,39.727422],[-3.984957,39.727519],[-3.985132,39.727955],[-3.985276,39.728378],[-3.987218,39.737296],[-3.987301,39.737774],[-3.987755,39.741445],[-3.987789,39.741904],[-3.987929,39.74299],[-3.988069,39.744081],[-3.988175,39.745074],[-3.988322,39.746442],[-3.988382,39.746769],[-3.988741,39.75],[-3.989093,39.753154],[-3.98928,39.754835],[-3.989337,39.755593],[-3.989302,39.756126],[-3.989173,39.756711],[-3.989123,39.756914],[-3.988976,39.757515],[-3.988898,39.757964],[-3.988879,39.758247],[-3.988901,39.758733],[-3.989219,39.760494],[-3.989285,39.760992],[-3.990361,39.771151],[-3.99111,39.7782],[-3.991134,39.778588],[-3.991127,39.779101],[-3.991073,39.779594],[-3.990994,39.779959],[-3.990864,39.780361],[-3.990791,39.780552],[-3.990538,39.781078],[-3.990278,39.781502],[-3.989695,39.782361],[-3.98947,39.782677],[-3.989345,39.78287],[-3.989057,39.783269],[-3.98894,39.783437],[-3.984269,39.790162],[-3.983588,39.791211],[-3.983174,39.792003],[-3.98285,39.79284],[-3.982697,39.793376],[-3.982587,39.793961],[-3.98252,39.794525],[-3.982506,39.795156],[-3.982535,39.795697],[-3.98264,39.796368],[-3.982742,39.796832],[-3.982933,39.797423],[-3.983144,39.797959],[-3.983417,39.79851],[-3.983764,39.799109],[-3.985869,39.802448],[-3.98662,39.803633],[-3.986966,39.804266],[-3.987219,39.80488],[-3.987344,39.805346],[-3.987429,39.805892],[-3.987443,39.806181],[-3.987422,39.806614],[-3.987351,39.807072],[-3.987212,39.807612],[-3.987145,39.807805],[-3.986694,39.808735],[-3.986608,39.808932],[-3.985209,39.811885],[-3.98502,39.812365],[-3.984885,39.812773],[-3.984746,39.813272],[-3.984397,39.814629],[-3.984367,39.814766],[-3.98419,39.81549],[-3.984086,39.815922],[-3.983992,39.816272],[-3.983872,39.816589],[-3.983801,39.816751],[-3.983589,39.81712],[-3.983261,39.817494],[-3.983008,39.817734],[-3.982524,39.818058],[-3.981741,39.818525],[-3.981458,39.81874],[-3.981147,39.819033],[-3.980965,39.819246],[-3.980823,39.819438],[-3.98071,39.819628],[-3.980541,39.820043],[-3.980477,39.820429],[-3.980498,39.8209],[-3.980603,39.821381],[-3.980728,39.821639],[-3.981397,39.822655],[-3.981583,39.823023],[-3.981657,39.823265],[-3.981713,39.82363],[-3.981692,39.824102],[-3.981734,39.824219],[-3.981445,39.825542],[-3.980676,39.828624],[-3.979957,39.831501],[-3.979523,39.833265],[-3.979322,39.834307],[-3.979239,39.835101],[-3.97924,39.835822],[-3.979328,39.836617],[-3.9794,39.836976],[-3.979557,39.837563],[-3.979716,39.83803],[-3.980533,39.840106],[-3.980841,39.840996],[-3.981049,39.841722],[-3.981207,39.842484],[-3.981282,39.843008],[-3.981342,39.843793],[-3.981345,39.84458],[-3.981312,39.845102],[-3.981071,39.847151],[-3.981048,39.847658],[-3.981066,39.848161],[-3.981132,39.848671],[-3.981242,39.849171],[-3.981399,39.849653],[-3.981597,39.850138],[-3.98199,39.850846],[-3.982454,39.851488],[-3.982996,39.852087],[-3.983611,39.852634],[-3.984063,39.852978],[-3.984321,39.853147],[-3.984555,39.853296],[-3.985074,39.853588],[-3.985605,39.853852],[-3.987024,39.85444],[-3.987613,39.854688],[-3.988184,39.85496],[-3.988939,39.855397],[-3.989432,39.855744],[-3.989879,39.85611],[-3.990707,39.856892],[-3.991955,39.858008],[-3.992303,39.858395],[-3.992638,39.858801],[-3.992929,39.859224],[-3.993013,39.859388],[-3.993797,39.860732],[-3.994305,39.861403],[-3.994735,39.861858],[-3.995249,39.862339],[-3.996005,39.862944],[-3.996674,39.86345],[-3.997239,39.863876],[-4.000673,39.866537],[-4.004429,39.869433],[-4.005319,39.87012],[-4.005991,39.870616],[-4.006133,39.870709],[-4.00652,39.870989],[-4.006935,39.871226],[-4.007341,39.871427],[-4.007748,39.871594],[-4.00856,39.871878],[-4.008973,39.871989],[-4.009615,39.872115],[-4.010068,39.872199],[-4.011047,39.872269],[-4.011327,39.872308],[-4.011565,39.872379],[-4.011757,39.872482],[-4.011895,39.87263],[-4.011941,39.872708],[-4.011991,39.872871],[-4.011985,39.873046],[-4.011923,39.873185],[-4.011754,39.873351],[-4.011505,39.873448],[-4.010788,39.873546],[-4.009601,39.8737],[-4.00929,39.87376],[-4.008305,39.873995],[-4.007848,39.874153],[-4.006958,39.87438],[-4.006348,39.874515],[-4.005621,39.874616],[-4.00504,39.874669],[-4.003982,39.874792],[-4.003188,39.874921],[-4.002177,39.875174],[-4.001634,39.875342],[-4.000954,39.875583],[-4.000252,39.875859],[-3.999566,39.876162],[-3.998252,39.876812],[-3.996669,39.87768],[-3.995549,39.878299],[-3.994266,39.878926],[-3.993868,39.879101],[-3.993059,39.879415],[-3.99192,39.879803],[-3.990845,39.88009],[-3.989877,39.880311],[-3.988881,39.880479],[-3.985332,39.880959],[-3.984203,39.881166],[-3.982892,39.881478],[-3.98133,39.881963],[-3.980788,39.882156],[-3.980006,39.882468],[-3.97895,39.882957],[-3.97795,39.883496],[-3.977549,39.88373],[-3.976573,39.884358],[-3.975949,39.88481],[-3.975556,39.88512],[-3.974968,39.885604],[-3.974433,39.886095],[-3.973823,39.88671],[-3.973217,39.887376],[-3.972442,39.888269],[-3.971956,39.888793],[-3.971711,39.889038],[-3.971092,39.889581],[-3.970547,39.890002],[-3.970068,39.890336],[-3.969358,39.890763],[-3.967556,39.891701],[-3.967083,39.891962],[-3.966337,39.892438],[-3.965686,39.892915],[-3.965012,39.893484],[-3.964223,39.894307],[-3.963886,39.894728],[-3.963609,39.895109],[-3.963288,39.895607],[-3.963098,39.895948],[-3.962891,39.896362],[-3.962711,39.896785],[-3.962264,39.897904],[-3.961668,39.899302],[-3.961411,39.899839],[-3.961049,39.900511],[-3.96058,39.901304],[-3.960142,39.901963],[-3.959684,39.902596],[-3.959277,39.903114],[-3.958849,39.903627],[-3.958444,39.904079],[-3.957923,39.90463],[-3.957381,39.905164],[-3.956539,39.905921],[-3.95553,39.906744],[-3.954861,39.907237],[-3.954351,39.907591],[-3.953339,39.908243],[-3.952541,39.908715],[-3.951832,39.9091],[-3.951194,39.909425],[-3.947871,39.911025],[-3.947419,39.911266],[-3.946906,39.911569],[-3.946239,39.911998],[-3.945247,39.912715],[-3.944541,39.913307],[-3.944081,39.91373],[-3.94359,39.914228],[-3.942703,39.915191],[-3.941781,39.916187],[-3.941354,39.916595],[-3.940639,39.917214],[-3.939585,39.918014],[-3.939224,39.918255],[-3.938409,39.918761],[-3.93761,39.919197],[-3.936673,39.919637],[-3.935829,39.919996],[-3.935442,39.920146],[-3.934607,39.92043],[-3.933859,39.920652],[-3.933061,39.920858],[-3.932108,39.921064],[-3.930922,39.921264],[-3.929792,39.921384],[-3.92881,39.921445],[-3.927315,39.921491],[-3.926828,39.921492],[-3.926367,39.921474],[-3.92537,39.921528],[-3.924611,39.9216],[-3.923887,39.921683],[-3.922952,39.921842],[-3.922092,39.922011],[-3.921368,39.922187],[-3.919935,39.92254],[-3.919046,39.922756],[-3.918124,39.922918],[-3.917481,39.923013],[-3.916699,39.923094],[-3.916068,39.923133],[-3.915377,39.923167],[-3.913885,39.923206],[-3.912526,39.92328],[-3.911536,39.923378],[-3.911104,39.923433],[-3.909973,39.923601],[-3.90865,39.923835],[-3.907362,39.92413],[-3.905932,39.924541],[-3.904654,39.924991],[-3.904087,39.925222],[-3.902926,39.925734],[-3.902342,39.926015],[-3.901978,39.926208],[-3.900804,39.926879],[-3.900186,39.927257],[-3.899224,39.927933],[-3.898237,39.928705],[-3.897802,39.929082],[-3.897046,39.92979],[-3.89669,39.930145],[-3.895878,39.931012],[-3.894463,39.932604],[-3.89366,39.933438],[-3.893121,39.933945],[-3.892648,39.934362],[-3.892114,39.934799],[-3.891333,39.935402],[-3.89074,39.935822],[-3.890239,39.93615],[-3.88925,39.936754],[-3.888747,39.937037],[-3.888187,39.937326],[-3.887571,39.937631],[-3.88681,39.937981],[-3.88447,39.939021],[-3.883121,39.939666],[-3.882445,39.940014],[-3.881827,39.940359],[-3.881023,39.940838],[-3.880442,39.941206],[-3.879457,39.941886],[-3.878654,39.942496],[-3.877915,39.943103],[-3.87721,39.943734],[-3.876613,39.944309],[-3.875997,39.944952],[-3.875456,39.945566],[-3.875058,39.946055],[-3.874746,39.94646],[-3.874102,39.947359],[-3.873567,39.948205],[-3.873223,39.948811],[-3.872752,39.949745],[-3.87237,39.950571],[-3.872026,39.951505],[-3.871682,39.95264],[-3.871406,39.953614],[-3.871335,39.953932],[-3.870977,39.955199],[-3.870896,39.955449],[-3.870689,39.956084],[-3.870211,39.957196],[-3.869955,39.957728],[-3.869774,39.958067],[-3.869187,39.959065],[-3.867537,39.9615],[-3.86748,39.961586],[-3.867283,39.961879],[-3.86665,39.962838],[-3.866098,39.963788],[-3.865711,39.964524],[-3.865387,39.965195],[-3.864855,39.966457],[-3.864617,39.967126],[-3.864399,39.96779],[-3.864207,39.968467],[-3.863957,39.969511],[-3.863777,39.970487],[-3.863709,39.970955],[-3.863645,39.971442],[-3.86357,39.972481],[-3.863547,39.973033],[-3.863552,39.97402],[-3.86357,39.974527],[-3.863649,39.975545],[-3.863731,39.976159],[-3.863937,39.977368],[-3.864195,39.978446],[-3.864465,39.979388],[-3.864632,39.979885],[-3.865057,39.981017],[-3.865581,39.982184],[-3.866128,39.983226],[-3.866428,39.983748],[-3.86708,39.984799],[-3.867454,39.985341],[-3.868276,39.986444],[-3.8691,39.987421],[-3.869975,39.988374],[-3.870872,39.989249],[-3.871788,39.990073],[-3.872785,39.990904],[-3.87452,39.992302],[-3.87523,39.992897],[-3.876,39.993595],[-3.876545,39.994142],[-3.877297,39.994965],[-3.877972,39.9958],[-3.8784,39.996394],[-3.87879,39.996975],[-3.879153,39.997581],[-3.879471,39.998162],[-3.879914,39.999074],[-3.88015,39.999652],[-3.880526,40.000734],[-3.88068,40.00127],[-3.880926,40.002389],[-3.881065,40.003354],[-3.881347,40.006879],[-3.881448,40.007641],[-3.881553,40.008246],[-3.881691,40.008921],[-3.881864,40.009629],[-3.882192,40.010696],[-3.882391,40.011255],[-3.88284,40.012344],[-3.883078,40.012873],[-3.88458,40.015971],[-3.885161,40.017278],[-3.885378,40.017821],[-3.885627,40.018465],[-3.886017,40.019626],[-3.886364,40.020836],[-3.886515,40.021458],[-3.886781,40.022757],[-3.88689,40.023453],[-3.886972,40.024059],[-3.887094,40.025348],[-3.88713,40.025997],[-3.887144,40.027405],[-3.887114,40.028167],[-3.88703,40.029302],[-3.886896,40.0304],[-3.886834,40.030823],[-3.88667,40.031741],[-3.886386,40.032989],[-3.886053,40.034173],[-3.885791,40.034971],[-3.885335,40.036204],[-3.88466,40.037754],[-3.884345,40.038393],[-3.88367,40.039633],[-3.883241,40.040366],[-3.882804,40.041055],[-3.882319,40.041771],[-3.881824,40.042463],[-3.880945,40.043603],[-3.879943,40.04477],[-3.879079,40.0457],[-3.878184,40.046593],[-3.877348,40.047374],[-3.876032,40.048499],[-3.875573,40.048872],[-3.874121,40.04996],[-3.873542,40.050369],[-3.872324,40.051191],[-3.869745,40.052864],[-3.868127,40.053948],[-3.867337,40.054504],[-3.866053,40.055472],[-3.864996,40.056339],[-3.864061,40.057179],[-3.862697,40.058521],[-3.861643,40.059643],[-3.860113,40.061322],[-3.859211,40.062324],[-3.85827,40.063329],[-3.857787,40.063817],[-3.856837,40.064736],[-3.856318,40.065206],[-3.855227,40.066137],[-3.854069,40.067052],[-3.853269,40.067641],[-3.852469,40.068202],[-3.851596,40.068778],[-3.850726,40.069325],[-3.849207,40.070208],[-3.847524,40.071125],[-3.845759,40.072044],[-3.845196,40.072359],[-3.844618,40.072717],[-3.844036,40.073116],[-3.843433,40.073568],[-3.842809,40.074076],[-3.84206,40.07477],[-3.841716,40.075125],[-3.840974,40.075974],[-3.840628,40.076428],[-3.840223,40.077019],[-3.83987,40.077583],[-3.839527,40.078218],[-3.839159,40.079034],[-3.838993,40.079452],[-3.838781,40.080123],[-3.838644,40.080638],[-3.838524,40.081204],[-3.838419,40.081869],[-3.838368,40.082454],[-3.838353,40.082895],[-3.838354,40.083555],[-3.838408,40.084241],[-3.838506,40.084936],[-3.838618,40.085483],[-3.838763,40.086054],[-3.838982,40.08673],[-3.839201,40.087292],[-3.839462,40.087881],[-3.840035,40.088952],[-3.840399,40.089548],[-3.840792,40.090153],[-3.841214,40.090744],[-3.842042,40.091797],[-3.842451,40.092267],[-3.842838,40.092691],[-3.843439,40.093304],[-3.844462,40.094249],[-3.845088,40.09478],[-3.84577,40.095315],[-3.84637,40.095758],[-3.847002,40.096191],[-3.847669,40.09662],[-3.84887,40.097329],[-3.849501,40.09767],[-3.850101,40.097974],[-3.850906,40.098357],[-3.852028,40.098841],[-3.853259,40.09932],[-3.854274,40.099666],[-3.855383,40.100006],[-3.856464,40.100293],[-3.857822,40.100591],[-3.858407,40.1007],[-3.860142,40.100975],[-3.861726,40.101137],[-3.862586,40.101199],[-3.864073,40.101265],[-3.86456,40.101267],[-3.865624,40.101266],[-3.868996,40.101223],[-3.869987,40.101239],[-3.871187,40.101301],[-3.872421,40.101411],[-3.873207,40.101509],[-3.874009,40.101628],[-3.875164,40.101838],[-3.876616,40.102162],[-3.877365,40.102356],[-3.878063,40.102567],[-3.879348,40.10299],[-3.880325,40.103363],[-3.881246,40.103753],[-3.882324,40.104264],[-3.882851,40.104532],[-3.883926,40.10513],[-3.885034,40.105821],[-3.885996,40.106498],[-3.886462,40.106853],[-3.887403,40.107632],[-3.888219,40.108377],[-3.889059,40.109248],[-3.88974,40.110029],[-3.890362,40.110832],[-3.890982,40.111734],[-3.891529,40.112641],[-3.89205,40.113656],[-3.892512,40.114728],[-3.892687,40.115209],[-3.893016,40.116277],[-3.893245,40.117236],[-3.89344,40.118529],[-3.89351,40.119449],[-3.893521,40.120344],[-3.893504,40.120852],[-3.893413,40.12185],[-3.893358,40.122274],[-3.893216,40.123071],[-3.892985,40.124019],[-3.892839,40.124509],[-3.891798,40.127644],[-3.89142,40.128953],[-3.891257,40.129577],[-3.891108,40.130296],[-3.890943,40.13136],[-3.890882,40.131931],[-3.890808,40.133008],[-3.890793,40.134072],[-3.890808,40.134628],[-3.89088,40.13562],[-3.890998,40.136655],[-3.891165,40.137606],[-3.89136,40.138523],[-3.891577,40.139338],[-3.891831,40.140159],[-3.89232,40.141481],[-3.892654,40.142258],[-3.893005,40.143011],[-3.893445,40.143833],[-3.893896,40.144622],[-3.894437,40.145472],[-3.895039,40.146335],[-3.895677,40.14718],[-3.896405,40.148056],[-3.897481,40.149232],[-3.898543,40.150262],[-3.899225,40.150871],[-3.90001,40.15153],[-3.900882,40.152205],[-3.901601,40.152732],[-3.902921,40.153617],[-3.903532,40.154002],[-3.904218,40.154408],[-3.905563,40.155139],[-3.90735,40.156008],[-3.908385,40.156454],[-3.909145,40.156763],[-3.910898,40.157401],[-3.91208,40.157802],[-3.913987,40.158451],[-3.914915,40.158807],[-3.915922,40.159247],[-3.916805,40.159689],[-3.917378,40.160003],[-3.917973,40.16036],[-3.918629,40.160786],[-3.919123,40.161136],[-3.920009,40.161834],[-3.920653,40.162402],[-3.921305,40.163038],[-3.921856,40.163649],[-3.92241,40.164334],[-3.922788,40.164857],[-3.923313,40.16568],[-3.923548,40.166091],[-3.923746,40.166482],[-3.924089,40.167268],[-3.924394,40.168069],[-3.924531,40.168481],[-3.924729,40.169264],[-3.924917,40.170376],[-3.924989,40.171527],[-3.924986,40.171958],[-3.924932,40.1728],[-3.924862,40.173351],[-3.924679,40.174276],[-3.924548,40.174775],[-3.924259,40.175667],[-3.923916,40.17648],[-3.923707,40.176919],[-3.923489,40.177319],[-3.922829,40.178393],[-3.922493,40.178874],[-3.922138,40.179333],[-3.921639,40.179918],[-3.921217,40.180371],[-3.920444,40.181111],[-3.9196,40.181821],[-3.919224,40.182108],[-3.918862,40.182373],[-3.918139,40.182857],[-3.91769,40.18313],[-3.916822,40.183623],[-3.916402,40.183835],[-3.915589,40.184228],[-3.914598,40.184643],[-3.913836,40.184923],[-3.910543,40.186046],[-3.909785,40.186327],[-3.908428,40.186879],[-3.906871,40.187614],[-3.905866,40.188144],[-3.904926,40.188679],[-3.903623,40.18951],[-3.90274,40.190127],[-3.902209,40.190529],[-3.901206,40.191347],[-3.900672,40.191813],[-3.900031,40.192413],[-3.899408,40.193039],[-3.898828,40.193668],[-3.898274,40.194306],[-3.897767,40.194953],[-3.897297,40.195589],[-3.896928,40.196133],[-3.89658,40.196662],[-3.896002,40.197675],[-3.895453,40.198751],[-3.894979,40.199876],[-3.894768,40.200467],[-3.894589,40.201044],[-3.894422,40.20168],[-3.894127,40.203052],[-3.894006,40.203761],[-3.89391,40.204395],[-3.893651,40.206535],[-3.893443,40.207799],[-3.893155,40.209025],[-3.892623,40.210587],[-3.892075,40.21183],[-3.891565,40.212766],[-3.891162,40.213431],[-3.89094,40.213756],[-3.890424,40.214489],[-3.889892,40.215206],[-3.888911,40.216391],[-3.888574,40.216747],[-3.888302,40.217048],[-3.887675,40.217771],[-3.886579,40.219115],[-3.88558,40.220458],[-3.885171,40.221064],[-3.884751,40.221718],[-3.883674,40.223701],[-3.882155,40.227144],[-3.881358,40.228655],[-3.879995,40.23155],[-3.87976,40.231847],[-3.879124,40.232549],[-3.878401,40.233238],[-3.877505,40.234006],[-3.876606,40.234647],[-3.875256,40.23558],[-3.874291,40.236345],[-3.873944,40.23668],[-3.87355,40.237096],[-3.873176,40.237532],[-3.87287,40.237914],[-3.872597,40.238302],[-3.872317,40.238761],[-3.87185,40.239683],[-3.871486,40.24067],[-3.871364,40.241232],[-3.871258,40.241865],[-3.871213,40.243096],[-3.871289,40.243794],[-3.871449,40.24463],[-3.871594,40.245136],[-3.871807,40.245708],[-3.872088,40.246332],[-3.872433,40.246947],[-3.872706,40.247363],[-3.873331,40.248153],[-3.873574,40.24843],[-3.874182,40.24904],[-3.874716,40.249492],[-3.875126,40.249816],[-3.875593,40.250146],[-3.876198,40.250523],[-3.876944,40.250935],[-3.877743,40.251308],[-3.879296,40.251925],[-3.881154,40.252725],[-3.882043,40.253183],[-3.882459,40.253426],[-3.883125,40.253832],[-3.884016,40.254456],[-3.884746,40.255036],[-3.885696,40.255908],[-3.886328,40.25661],[-3.886931,40.257345],[-3.887412,40.258028],[-3.88777,40.258617],[-3.888273,40.259586],[-3.888639,40.260475],[-3.888807,40.261027],[-3.889076,40.261987],[-3.88923,40.263004],[-3.889285,40.263858],[-3.889257,40.264542],[-3.889119,40.265377],[-3.888978,40.265865],[-3.888652,40.266649],[-3.888422,40.267112],[-3.888046,40.267745],[-3.886888,40.26947],[-3.885105,40.272185],[-3.884554,40.272952],[-3.884127,40.273434],[-3.883706,40.273822],[-3.883216,40.274212],[-3.882499,40.274679],[-3.88188,40.275011],[-3.880349,40.27562],[-3.877084,40.276592],[-3.874787,40.277379],[-3.873482,40.277935],[-3.871929,40.278669],[-3.868054,40.280744],[-3.86584,40.28191],[-3.864504,40.282663],[-3.863011,40.283626],[-3.861638,40.284699],[-3.860523,40.285734],[-3.86,40.286288],[-3.859358,40.28703],[-3.858655,40.287946],[-3.858261,40.288503],[-3.85702,40.290345],[-3.853482,40.295758],[-3.851886,40.298078],[-3.851207,40.298976],[-3.850714,40.299593],[-3.849038,40.301598],[-3.848497,40.3022],[-3.847991,40.302716],[-3.847629,40.303061],[-3.846857,40.303695],[-3.846527,40.303932],[-3.845877,40.304343],[-3.845479,40.304562],[-3.844799,40.304888],[-3.844088,40.305174],[-3.843451,40.305396],[-3.843076,40.305511],[-3.842493,40.305669],[-3.841814,40.305815],[-3.841176,40.305927],[-3.837804,40.306457],[-3.836583,40.306703],[-3.835461,40.306992],[-3.834083,40.307446],[-3.832791,40.307994],[-3.831963,40.308421],[-3.830302,40.3094],[-3.828508,40.310485],[-3.826365,40.311833],[-3.825336,40.312559],[-3.824459,40.313255],[-3.823596,40.314047],[-3.822492,40.315258],[-3.821867,40.316138],[-3.821004,40.317554],[-3.820685,40.318162],[-3.818195,40.322932],[-3.816386,40.326533],[-3.815783,40.327694],[-3.815539,40.328102],[-3.814924,40.329299],[-3.814425,40.330152],[-3.813966,40.33083],[-3.813264,40.331671],[-3.812754,40.332223],[-3.812544,40.332424],[-3.811824,40.333039],[-3.811262,40.333468],[-3.810552,40.333934],[-3.809785,40.33438],[-3.808903,40.334806],[-3.808029,40.335171],[-3.807325,40.33544],[-3.806709,40.335624],[-3.805661,40.335941],[-3.801764,40.336984],[-3.80043,40.337457],[-3.799543,40.337838],[-3.799174,40.337998],[-3.798412,40.338396],[-3.797408,40.339053],[-3.797027,40.339303],[-3.792616,40.342706],[-3.789622,40.344918],[-3.787736,40.346202],[-3.787099,40.346619],[-3.786443,40.347018],[-3.786177,40.347176],[-3.78593,40.347323],[-3.785683,40.347469],[-3.785299,40.347697],[-3.785122,40.347802],[-3.784945,40.347907],[-3.784661,40.348075],[-3.783038,40.348824],[-3.780964,40.349828],[-3.780714,40.349951],[-3.778447,40.351035],[-3.777721,40.351409],[-3.776845,40.351817],[-3.775291,40.352427],[-3.773458,40.353007],[-3.772466,40.353264],[-3.77147,40.353473],[-3.770716,40.353603],[-3.769812,40.353725],[-3.769605,40.353749],[-3.768234,40.353873],[-3.764086,40.354138],[-3.763285,40.354201],[-3.762508,40.354282],[-3.761811,40.354382],[-3.7611,40.354508],[-3.758644,40.355031],[-3.757241,40.355352],[-3.756045,40.355681],[-3.755158,40.355998],[-3.754463,40.35629],[-3.753823,40.35661],[-3.753391,40.356849],[-3.752863,40.357194],[-3.752351,40.357555],[-3.751594,40.358158],[-3.751033,40.358631],[-3.750382,40.35913],[-3.749742,40.359572],[-3.749077,40.359939],[-3.748643,40.360139],[-3.748012,40.36039],[-3.747264,40.360626],[-3.745988,40.360928],[-3.745011,40.361143],[-3.744487,40.361245],[-3.743928,40.361299],[-3.74332,40.36131],[-3.741538,40.361257],[-3.740897,40.361286],[-3.74012,40.361404],[-3.739612,40.361511],[-3.738794,40.361653],[-3.738417,40.361705],[-3.736979,40.361826],[-3.736088,40.361927],[-3.735323,40.362045],[-3.73398,40.362345],[-3.733705,40.362419],[-3.733208,40.362628],[-3.731909,40.362994],[-3.731101,40.3632],[-3.727375,40.364025],[-3.726205,40.364241],[-3.725069,40.364415],[-3.723876,40.364556],[-3.722673,40.364655],[-3.722459,40.364665],[-3.721109,40.364718],[-3.720233,40.364729],[-3.71978,40.364724],[-3.718681,40.364698],[-3.717774,40.364646],[-3.71671,40.364558],[-3.715067,40.364373],[-3.713413,40.36416],[-3.712492,40.364075],[-3.710415,40.363979],[-3.710057,40.363963],[-3.706971,40.363805],[-3.706217,40.363731],[-3.704834,40.363558],[-3.704161,40.363502],[-3.703478,40.363479],[-3.70283,40.363477],[-3.702192,40.36352],[-3.701544,40.363598],[-3.700896,40.363703],[-3.699406,40.364027],[-3.698788,40.364141],[-3.698243,40.364229],[-3.697417,40.364344],[-3.696715,40.364399],[-3.696011,40.364427],[-3.694749,40.364436],[-3.693782,40.364417],[-3.693175,40.364375],[-3.692226,40.364304],[-3.691543,40.364232],[-3.690929,40.364142],[-3.690315,40.364029],[-3.689466,40.363827],[-3.688693,40.363595],[-3.688063,40.363382],[-3.685909,40.36263],[-3.684546,40.362137],[-3.683719,40.361848],[-3.682286,40.36134],[-3.681618,40.361115],[-3.681277,40.360995],[-3.680454,40.36077],[-3.679771,40.360671],[-3.678933,40.36071],[-3.678612,40.360787],[-3.67838,40.360891],[-3.678288,40.360945],[-3.678088,40.361109],[-3.677989,40.361218],[-3.677902,40.361348],[-3.677816,40.36155],[-3.677789,40.361668],[-3.677784,40.361828],[-3.677808,40.362025],[-3.677863,40.362209],[-3.677921,40.362457],[-3.677956,40.362724],[-3.678013,40.363042],[-3.678096,40.36464],[-3.678248,40.367222],[-3.678338,40.367878],[-3.678497,40.368643],[-3.678726,40.369443],[-3.679127,40.370461],[-3.679427,40.371071],[-3.679816,40.371796],[-3.680322,40.372577],[-3.680925,40.373377],[-3.682063,40.374684],[-3.682609,40.375291],[-3.68337,40.376105],[-3.684,40.37682],[-3.684662,40.377608],[-3.685077,40.378166],[-3.685606,40.378957],[-3.686447,40.380248],[-3.686611,40.380503],[-3.686929,40.380981],[-3.687086,40.381218],[-3.687333,40.381563],[-3.687575,40.381791],[-3.687786,40.381955],[-3.688191,40.382228],[-3.688848,40.382561],[-3.689352,40.382764],[-3.689668,40.382881],[-3.690125,40.383093],[-3.690525,40.383307],[-3.690992,40.383588],[-3.691425,40.383882],[-3.691801,40.38418],[-3.692031,40.384378],[-3.692102,40.384471],[-3.693651,40.385725],[-3.694662,40.386554],[-3.696026,40.387683],[-3.697141,40.388671],[-3.698673,40.390184],[-3.701566,40.393316],[-3.701915,40.393688],[-3.702516,40.394285],[-3.702585,40.39433],[-3.703632,40.395012],[-3.704597,40.395404],[-3.705794,40.395771],[-3.707506,40.396295],[-3.709,40.396837],[-3.709779,40.39717],[-3.710739,40.397895],[-3.710911,40.39808],[-3.711056,40.398301],[-3.711129,40.398568],[-3.71116,40.399114],[-3.711195,40.39935],[-3.711364,40.399671],[-3.71164,40.399863],[-3.712126,40.400161],[-3.712518,40.400353],[-3.712671,40.400411],[-3.712881,40.400465],[-3.713024,40.40048],[-3.713536,40.400483],[-3.713798,40.400542],[-3.714051,40.400623],[-3.714004,40.400681],[-3.713976,40.400757],[-3.713986,40.400842],[-3.714038,40.400934],[-3.714065,40.400953],[-3.714085,40.401105],[-3.714065,40.401241],[-3.713122,40.403286],[-3.712858,40.403861],[-3.712432,40.404707],[-3.711769,40.406186],[-3.711625,40.406314],[-3.711552,40.406358],[-3.71151,40.406389],[-3.711456,40.406506],[-3.711337,40.406579],[-3.711272,40.406685],[-3.711264,40.406736],[-3.711281,40.406819],[-3.711332,40.406893],[-3.711401,40.406945],[-3.711486,40.40698],[-3.711581,40.406995],[-3.711678,40.406989],[-3.711778,40.407056],[-3.711854,40.40714],[-3.712263,40.40767],[-3.712484,40.40796],[-3.713017,40.408632],[-3.713167,40.408851],[-3.713237,40.408987],[-3.71342,40.409344],[-3.713735,40.409988],[-3.713832,40.410215],[-3.713839,40.410321],[-3.713776,40.410543],[-3.713763,40.410579],[-3.713794,40.410683],[-3.713933,40.411013],[-3.713842,40.411806],[-3.713813,40.412081],[-3.713715,40.412944],[-3.713703,40.413042],[-3.713675,40.413272],[-3.713546,40.414507],[-3.71351,40.41472],[-3.713474,40.415056],[-3.713374,40.415058],[-3.712495,40.415176],[-3.712235,40.41524],[-3.71103,40.415439],[-3.710489,40.415539],[-3.710293,40.415576],[-3.70954,40.415771],[-3.709419,40.415803],[-3.709348,40.415835],[-3.708988,40.415911],[-3.708857,40.415921],[-3.708683,40.415962],[-3.707956,40.416137],[-3.707691,40.41616],[-3.706996,40.416263],[-3.705769,40.416418],[-3.705109,40.416496],[-3.705087,40.416491],[-3.705065,40.416454]]}},{"type":"Feature","properties":{"routeId":"route-015","originId":"torrelavega","destinationId":"bilbao","logicalEndpoints":[[-3.8099,43.4623],[-2.9349,43.263]],"returnedEndpoints":[[-3.809535,43.462269],[-2.934582,43.263268]],"snapDistancesMeters":[29.65956596395872,39.38403512985325],"summary":{"distanceMeters":102700.7,"durationSeconds":6884.3},"riskSnaps":[{"riskId":"rest-deadline-vehicle-015","kind":"segment","startIndex":1116,"endIndex":1117,"startCoordinate":[-3.176795,43.353549],"endCoordinate":[-3.174997,43.353773]}]},"geometry":{"type":"LineString","coordinates":[[-3.809535,43.462269],[-3.809508,43.462437],[-3.809489,43.46253],[-3.809393,43.462938],[-3.809342,43.462976],[-3.809207,43.462981],[-3.808957,43.462949],[-3.808889,43.462911],[-3.808649,43.462806],[-3.808454,43.462721],[-3.808425,43.461446],[-3.808992,43.461433],[-3.809356,43.461444],[-3.809546,43.461467],[-3.810408,43.46168],[-3.811018,43.461842],[-3.811404,43.46192],[-3.811729,43.461919],[-3.812019,43.46189],[-3.812272,43.461861],[-3.812902,43.461792],[-3.813464,43.461706],[-3.815699,43.461426],[-3.816889,43.461129],[-3.817892,43.460856],[-3.819496,43.460475],[-3.820396,43.460238],[-3.820956,43.460094],[-3.821563,43.459929],[-3.821733,43.459885],[-3.823273,43.459476],[-3.824236,43.459218],[-3.824653,43.45911],[-3.824748,43.459105],[-3.826237,43.458698],[-3.826317,43.458697],[-3.826457,43.458666],[-3.826542,43.458581],[-3.826562,43.458504],[-3.826504,43.458398],[-3.826446,43.458364],[-3.82639,43.458294],[-3.826394,43.45824],[-3.826608,43.457635],[-3.826707,43.457337],[-3.826754,43.457219],[-3.826928,43.456724],[-3.827217,43.455901],[-3.827236,43.455842],[-3.827516,43.455025],[-3.827572,43.454865],[-3.827672,43.454563],[-3.827707,43.454488],[-3.827793,43.454378],[-3.827896,43.454296],[-3.828081,43.454182],[-3.828226,43.45413],[-3.828456,43.454124],[-3.828514,43.454167],[-3.828652,43.454183],[-3.828761,43.454205],[-3.828895,43.454204],[-3.829086,43.454138],[-3.829167,43.45407],[-3.829209,43.454005],[-3.829242,43.453923],[-3.829251,43.45389],[-3.829245,43.453795],[-3.829171,43.453702],[-3.829085,43.453693],[-3.828952,43.453637],[-3.82876,43.453623],[-3.828742,43.453625],[-3.828581,43.453614],[-3.828435,43.453531],[-3.828377,43.45347],[-3.828283,43.453317],[-3.828289,43.453258],[-3.82826,43.453205],[-3.82822,43.45313],[-3.82806,43.452806],[-3.827675,43.452121],[-3.827643,43.451946],[-3.827655,43.451842],[-3.827717,43.451774],[-3.827749,43.451697],[-3.828501,43.451449],[-3.828862,43.451311],[-3.82919,43.45114],[-3.829358,43.451019],[-3.829485,43.4509],[-3.829783,43.450567],[-3.829953,43.450325],[-3.830542,43.449546],[-3.830711,43.449323],[-3.83098,43.448867],[-3.83417,43.444551],[-3.834904,43.443552],[-3.835344,43.442912],[-3.835759,43.442258],[-3.836124,43.441626],[-3.836576,43.440666],[-3.836927,43.439723],[-3.837128,43.439041],[-3.837204,43.438709],[-3.837275,43.438361],[-3.837351,43.437796],[-3.837417,43.437145],[-3.837445,43.436565],[-3.837456,43.436055],[-3.837453,43.435551],[-3.837405,43.434951],[-3.837349,43.434547],[-3.837146,43.433275],[-3.836782,43.431343],[-3.836688,43.430807],[-3.836576,43.430207],[-3.8364,43.42927],[-3.836268,43.428881],[-3.835771,43.426668],[-3.835562,43.425848],[-3.835391,43.425023],[-3.835296,43.424272],[-3.835267,43.423663],[-3.835293,43.423411],[-3.835401,43.423038],[-3.835529,43.422798],[-3.83568,43.42257],[-3.835883,43.422345],[-3.836084,43.422162],[-3.837614,43.420901],[-3.837754,43.420789],[-3.83814,43.420473],[-3.838645,43.42007],[-3.839549,43.419391],[-3.839704,43.419253],[-3.840006,43.418895],[-3.840206,43.418533],[-3.840269,43.418284],[-3.840303,43.41797],[-3.84027,43.417646],[-3.840146,43.417232],[-3.840002,43.416932],[-3.839753,43.416562],[-3.839367,43.416077],[-3.838563,43.415162],[-3.837347,43.413816],[-3.835541,43.41179],[-3.834017,43.410155],[-3.833537,43.409716],[-3.833258,43.40951],[-3.832965,43.409307],[-3.832386,43.408998],[-3.831771,43.40872],[-3.830527,43.408199],[-3.828748,43.407459],[-3.828233,43.407241],[-3.827145,43.406798],[-3.824786,43.405902],[-3.823755,43.405527],[-3.823377,43.405373],[-3.820972,43.404206],[-3.820474,43.403955],[-3.819787,43.403566],[-3.819103,43.403044],[-3.818454,43.402537],[-3.817205,43.401518],[-3.816675,43.401062],[-3.816433,43.400836],[-3.816192,43.400569],[-3.816019,43.400332],[-3.815729,43.399792],[-3.815538,43.399389],[-3.81415,43.396074],[-3.814059,43.395904],[-3.813879,43.395639],[-3.813653,43.395371],[-3.813289,43.395039],[-3.813018,43.39485],[-3.812635,43.394628],[-3.81212,43.394401],[-3.811775,43.394288],[-3.811249,43.394162],[-3.810836,43.394095],[-3.81015,43.394011],[-3.808315,43.393764],[-3.807324,43.393652],[-3.806581,43.393612],[-3.805921,43.393629],[-3.805269,43.393696],[-3.801823,43.394338],[-3.799463,43.394754],[-3.794621,43.395672],[-3.790584,43.396447],[-3.78933,43.396742],[-3.788052,43.397112],[-3.779321,43.399834],[-3.778444,43.400063],[-3.777078,43.400328],[-3.776243,43.400448],[-3.774892,43.400549],[-3.773761,43.400569],[-3.772782,43.400535],[-3.771909,43.400466],[-3.771146,43.400376],[-3.770591,43.400289],[-3.768324,43.399871],[-3.767974,43.399827],[-3.767301,43.399783],[-3.766729,43.399796],[-3.76654,43.399808],[-3.765283,43.399919],[-3.764662,43.399984],[-3.764277,43.400003],[-3.763844,43.400012],[-3.763257,43.399985],[-3.762813,43.399933],[-3.762401,43.399862],[-3.761904,43.399744],[-3.761386,43.399579],[-3.760772,43.399343],[-3.76034,43.399127],[-3.759792,43.398807],[-3.759315,43.398413],[-3.758966,43.398066],[-3.757749,43.396564],[-3.757499,43.396299],[-3.75716,43.396002],[-3.756772,43.39572],[-3.756442,43.395518],[-3.756117,43.395346],[-3.755589,43.395108],[-3.755203,43.394968],[-3.754755,43.394828],[-3.753143,43.39438],[-3.752083,43.394053],[-3.751358,43.393779],[-3.750528,43.393406],[-3.749586,43.392903],[-3.749257,43.392697],[-3.747398,43.391384],[-3.746515,43.390713],[-3.746218,43.390498],[-3.745221,43.389771],[-3.744797,43.389509],[-3.744451,43.389323],[-3.744087,43.389153],[-3.743504,43.388935],[-3.743127,43.38882],[-3.742777,43.388736],[-3.742397,43.388662],[-3.741614,43.388561],[-3.741165,43.388534],[-3.734199,43.388477],[-3.728747,43.388457],[-3.727842,43.388462],[-3.727442,43.388483],[-3.72663,43.388579],[-3.725812,43.388733],[-3.724935,43.388993],[-3.72321,43.389642],[-3.722446,43.389878],[-3.721431,43.390119],[-3.720375,43.390302],[-3.719825,43.390366],[-3.719313,43.390404],[-3.718259,43.390434],[-3.717103,43.390398],[-3.715867,43.390338],[-3.714868,43.390337],[-3.713872,43.390383],[-3.711385,43.390649],[-3.70899,43.390993],[-3.706841,43.391169],[-3.704596,43.391364],[-3.704065,43.391428],[-3.702831,43.391608],[-3.701349,43.391882],[-3.700836,43.391943],[-3.699899,43.391964],[-3.699567,43.391962],[-3.699032,43.391929],[-3.698495,43.391864],[-3.697644,43.391701],[-3.697192,43.391588],[-3.696699,43.391424],[-3.696247,43.391303],[-3.695386,43.391055],[-3.694549,43.390858],[-3.693474,43.390667],[-3.691498,43.390466],[-3.690692,43.390385],[-3.689723,43.390245],[-3.688891,43.390071],[-3.687955,43.389819],[-3.686472,43.389451],[-3.685884,43.389328],[-3.682475,43.388724],[-3.679391,43.387924],[-3.678502,43.387702],[-3.677665,43.387526],[-3.676799,43.387383],[-3.676373,43.38732],[-3.674785,43.387173],[-3.673716,43.38713],[-3.672447,43.387145],[-3.671668,43.387183],[-3.670327,43.387301],[-3.669076,43.387486],[-3.668103,43.387674],[-3.667519,43.387825],[-3.666817,43.388023],[-3.666043,43.38829],[-3.66502,43.388729],[-3.664617,43.388928],[-3.664007,43.389267],[-3.663565,43.389535],[-3.661663,43.390791],[-3.661301,43.391008],[-3.660947,43.391196],[-3.659872,43.3917],[-3.659378,43.391893],[-3.658772,43.392101],[-3.656684,43.392788],[-3.655815,43.393138],[-3.655037,43.393494],[-3.652667,43.394928],[-3.651648,43.395454],[-3.651243,43.395633],[-3.650467,43.395938],[-3.649777,43.396168],[-3.648928,43.396403],[-3.647129,43.396851],[-3.646191,43.397148],[-3.645369,43.397495],[-3.644743,43.397821],[-3.644161,43.39816],[-3.642595,43.399181],[-3.642051,43.399503],[-3.641262,43.399927],[-3.640619,43.400224],[-3.639855,43.400511],[-3.639134,43.400729],[-3.638173,43.400972],[-3.637314,43.401147],[-3.636593,43.401247],[-3.636018,43.401309],[-3.635192,43.401356],[-3.634327,43.401364],[-3.632293,43.401279],[-3.631865,43.401277],[-3.631199,43.401307],[-3.630607,43.401383],[-3.630266,43.401445],[-3.629211,43.401748],[-3.62886,43.401884],[-3.628189,43.402184],[-3.627675,43.402485],[-3.627038,43.402979],[-3.626382,43.403624],[-3.625713,43.404247],[-3.625433,43.404485],[-3.625161,43.404687],[-3.624807,43.40492],[-3.624137,43.405283],[-3.623727,43.405454],[-3.623288,43.4056],[-3.622833,43.405724],[-3.621896,43.405909],[-3.620796,43.406067],[-3.620402,43.406144],[-3.62001,43.406226],[-3.619342,43.406419],[-3.618095,43.406787],[-3.617499,43.406918],[-3.616708,43.407031],[-3.616205,43.40709],[-3.615346,43.40715],[-3.614744,43.407155],[-3.614124,43.407132],[-3.613608,43.407088],[-3.61132,43.406776],[-3.610807,43.406723],[-3.610297,43.406689],[-3.609773,43.406683],[-3.609236,43.406699],[-3.608373,43.406752],[-3.607757,43.406784],[-3.606693,43.406808],[-3.606072,43.406784],[-3.604831,43.406671],[-3.603743,43.406596],[-3.603028,43.406612],[-3.602648,43.406649],[-3.602278,43.406702],[-3.601713,43.406813],[-3.601212,43.406943],[-3.600713,43.407108],[-3.600034,43.407392],[-3.599356,43.407728],[-3.598684,43.40814],[-3.596761,43.409428],[-3.595938,43.409884],[-3.59528,43.410202],[-3.594923,43.410357],[-3.594133,43.410654],[-3.59297,43.411008],[-3.592363,43.41116],[-3.591669,43.411291],[-3.591235,43.411349],[-3.590549,43.411396],[-3.589852,43.411403],[-3.589478,43.411383],[-3.589084,43.411341],[-3.588239,43.411233],[-3.587396,43.411104],[-3.586232,43.411005],[-3.585433,43.411015],[-3.585008,43.411049],[-3.584455,43.411124],[-3.583895,43.411228],[-3.582175,43.411567],[-3.58165,43.411627],[-3.581152,43.411656],[-3.580635,43.411649],[-3.580181,43.41162],[-3.57974,43.411592],[-3.579322,43.411566],[-3.578276,43.411574],[-3.577867,43.411608],[-3.577145,43.411709],[-3.576829,43.411776],[-3.574895,43.41227],[-3.57424,43.412386],[-3.573277,43.412489],[-3.572484,43.412496],[-3.572047,43.412486],[-3.571317,43.412427],[-3.570501,43.412318],[-3.569826,43.412165],[-3.569373,43.412045],[-3.568065,43.411642],[-3.567397,43.411472],[-3.566558,43.411312],[-3.565584,43.411203],[-3.564764,43.411202],[-3.564256,43.411229],[-3.563732,43.411276],[-3.563287,43.41134],[-3.56284,43.411418],[-3.562174,43.411581],[-3.561793,43.411687],[-3.56101,43.41197],[-3.560599,43.412147],[-3.559958,43.412479],[-3.559426,43.412811],[-3.559106,43.413037],[-3.558822,43.413254],[-3.558557,43.413488],[-3.558184,43.413857],[-3.557472,43.414622],[-3.55711,43.415003],[-3.556899,43.4152],[-3.556674,43.415377],[-3.556205,43.415697],[-3.555895,43.41588],[-3.555307,43.416167],[-3.555036,43.416275],[-3.554332,43.416494],[-3.553569,43.416658],[-3.55287,43.41675],[-3.552479,43.416769],[-3.551922,43.41677],[-3.551649,43.416757],[-3.550971,43.41668],[-3.550579,43.41661],[-3.550204,43.416524],[-3.549555,43.416329],[-3.54928,43.41622],[-3.548687,43.415945],[-3.548137,43.415627],[-3.547485,43.415165],[-3.54639,43.414434],[-3.545491,43.413974],[-3.54492,43.41376],[-3.544324,43.413562],[-3.543649,43.413384],[-3.543387,43.413332],[-3.543151,43.413292],[-3.542571,43.413204],[-3.541957,43.413147],[-3.5416,43.413124],[-3.540777,43.413121],[-3.540293,43.413146],[-3.539539,43.413227],[-3.539193,43.413278],[-3.538149,43.41347],[-3.537423,43.413598],[-3.537125,43.413637],[-3.536571,43.41368],[-3.535702,43.413693],[-3.535381,43.413678],[-3.534846,43.413627],[-3.53416,43.413523],[-3.533655,43.41341],[-3.533293,43.41331],[-3.532599,43.413061],[-3.531807,43.412689],[-3.530256,43.411884],[-3.529715,43.411642],[-3.529155,43.411444],[-3.528616,43.411297],[-3.528187,43.411207],[-3.527706,43.411134],[-3.527189,43.411088],[-3.526912,43.411078],[-3.526446,43.411079],[-3.526021,43.4111],[-3.525362,43.411178],[-3.523369,43.411511],[-3.52267,43.411585],[-3.522042,43.411617],[-3.521387,43.41162],[-3.520507,43.411564],[-3.519932,43.411482],[-3.519408,43.411378],[-3.5187,43.411195],[-3.518272,43.411058],[-3.517912,43.410925],[-3.517233,43.410635],[-3.516675,43.410341],[-3.515619,43.409709],[-3.51509,43.409413],[-3.514695,43.409225],[-3.513918,43.408907],[-3.513552,43.408783],[-3.513148,43.408662],[-3.512523,43.408505],[-3.512014,43.408404],[-3.511481,43.408321],[-3.510961,43.408264],[-3.510276,43.408226],[-3.509932,43.408221],[-3.509367,43.408238],[-3.508424,43.408344],[-3.507633,43.408478],[-3.507327,43.408546],[-3.506717,43.408711],[-3.505952,43.408969],[-3.504673,43.409432],[-3.504378,43.409519],[-3.503722,43.409669],[-3.503035,43.409762],[-3.502369,43.409801],[-3.501686,43.409781],[-3.501188,43.409733],[-3.500512,43.409616],[-3.500112,43.409517],[-3.499635,43.409368],[-3.499273,43.409232],[-3.498839,43.409034],[-3.498272,43.408715],[-3.497889,43.408451],[-3.497607,43.408222],[-3.497347,43.407983],[-3.497108,43.407731],[-3.4968,43.407322],[-3.496602,43.406995],[-3.496455,43.406699],[-3.495937,43.405255],[-3.495735,43.404822],[-3.495408,43.404267],[-3.495131,43.403879],[-3.494738,43.403409],[-3.494334,43.403012],[-3.493602,43.40241],[-3.493106,43.40207],[-3.492557,43.401743],[-3.492253,43.401584],[-3.491607,43.401285],[-3.491265,43.401147],[-3.488953,43.400376],[-3.48863,43.400249],[-3.487982,43.399963],[-3.487522,43.399732],[-3.486848,43.399324],[-3.486052,43.398757],[-3.485856,43.398603],[-3.4855,43.398305],[-3.48492,43.397778],[-3.48445,43.397318],[-3.483587,43.396366],[-3.483238,43.395946],[-3.482236,43.39465],[-3.481811,43.394137],[-3.481124,43.393398],[-3.480883,43.393163],[-3.480473,43.392809],[-3.480036,43.392468],[-3.479526,43.392108],[-3.478952,43.391765],[-3.478532,43.391549],[-3.477775,43.391205],[-3.47681,43.390857],[-3.476385,43.390741],[-3.475744,43.390582],[-3.475032,43.39045],[-3.474034,43.390331],[-3.473396,43.390296],[-3.473139,43.390289],[-3.472082,43.390291],[-3.470957,43.390354],[-3.469367,43.390506],[-3.466853,43.390786],[-3.461727,43.39137],[-3.460208,43.391516],[-3.459505,43.391557],[-3.458821,43.391555],[-3.458475,43.391539],[-3.457763,43.391471],[-3.457032,43.391344],[-3.456294,43.391163],[-3.455597,43.390939],[-3.454878,43.390669],[-3.45346,43.39008],[-3.452739,43.389798],[-3.45205,43.389582],[-3.451384,43.389415],[-3.450923,43.389337],[-3.450532,43.389289],[-3.449697,43.389261],[-3.449155,43.389294],[-3.448815,43.389331],[-3.448461,43.38939],[-3.448154,43.389456],[-3.447647,43.389591],[-3.447209,43.389744],[-3.446711,43.389962],[-3.446231,43.390233],[-3.445724,43.390574],[-3.445522,43.390747],[-3.44521,43.391053],[-3.445012,43.391279],[-3.444581,43.391898],[-3.444394,43.392209],[-3.443798,43.393392],[-3.44371,43.393558],[-3.443194,43.394441],[-3.442893,43.394899],[-3.442319,43.395654],[-3.441864,43.396192],[-3.441388,43.396707],[-3.440781,43.397306],[-3.440094,43.397916],[-3.439724,43.398214],[-3.438742,43.398956],[-3.437988,43.399459],[-3.437389,43.399826],[-3.43664,43.400239],[-3.4364,43.400368],[-3.435301,43.400895],[-3.434899,43.401081],[-3.434074,43.401409],[-3.433363,43.401644],[-3.432756,43.401805],[-3.432233,43.401914],[-3.431633,43.402006],[-3.431036,43.402074],[-3.430545,43.402101],[-3.429964,43.402109],[-3.429395,43.402095],[-3.428892,43.402065],[-3.425796,43.401743],[-3.425215,43.401711],[-3.424633,43.401702],[-3.424065,43.401724],[-3.423604,43.401775],[-3.423071,43.401857],[-3.422785,43.401917],[-3.422215,43.402068],[-3.421485,43.402339],[-3.419911,43.403092],[-3.419006,43.403475],[-3.418081,43.403828],[-3.416801,43.40421],[-3.416055,43.404399],[-3.415801,43.404455],[-3.414841,43.404619],[-3.414277,43.404669],[-3.413237,43.404701],[-3.412512,43.404688],[-3.41228,43.404672],[-3.411996,43.404646],[-3.411424,43.404545],[-3.410839,43.404398],[-3.410311,43.404224],[-3.406889,43.402929],[-3.405757,43.402511],[-3.405193,43.402236],[-3.404669,43.401936],[-3.403947,43.401451],[-3.402416,43.400285],[-3.401595,43.399628],[-3.400817,43.398946],[-3.400338,43.398462],[-3.400128,43.398251],[-3.399692,43.397753],[-3.399276,43.39724],[-3.398624,43.396291],[-3.398107,43.395331],[-3.397346,43.393984],[-3.397039,43.393497],[-3.396681,43.39301],[-3.396028,43.392252],[-3.395517,43.39174],[-3.394965,43.391251],[-3.394204,43.390674],[-3.393437,43.390178],[-3.392628,43.389699],[-3.39166,43.389227],[-3.390997,43.388939],[-3.390392,43.388705],[-3.38765,43.387831],[-3.386899,43.387523],[-3.386557,43.387345],[-3.386277,43.387169],[-3.385696,43.386747],[-3.385447,43.386516],[-3.385023,43.386067],[-3.384547,43.385419],[-3.384032,43.384671],[-3.383556,43.384033],[-3.383162,43.383645],[-3.382578,43.383115],[-3.381351,43.382283],[-3.379951,43.381602],[-3.378881,43.381213],[-3.378213,43.381008],[-3.377313,43.380802],[-3.376394,43.380628],[-3.375346,43.380495],[-3.374683,43.38045],[-3.373998,43.380428],[-3.373033,43.380445],[-3.37254,43.380468],[-3.372002,43.380516],[-3.371321,43.380601],[-3.370661,43.380735],[-3.370283,43.380835],[-3.368615,43.381366],[-3.367893,43.381629],[-3.3674,43.381839],[-3.366883,43.38211],[-3.36651,43.382358],[-3.365967,43.382774],[-3.364961,43.383793],[-3.364544,43.38418],[-3.363698,43.384922],[-3.363306,43.385296],[-3.362986,43.38568],[-3.362776,43.385988],[-3.362166,43.386998],[-3.361628,43.387659],[-3.361182,43.388118],[-3.360623,43.388642],[-3.360039,43.389151],[-3.359418,43.389628],[-3.359116,43.389836],[-3.358818,43.39002],[-3.358338,43.390279],[-3.357834,43.390496],[-3.357512,43.390612],[-3.357175,43.390718],[-3.356676,43.390832],[-3.35625,43.390917],[-3.356006,43.390947],[-3.355131,43.39101],[-3.35475,43.391004],[-3.353922,43.390941],[-3.353508,43.390873],[-3.352654,43.390688],[-3.351967,43.390513],[-3.351304,43.390316],[-3.350571,43.390071],[-3.349279,43.38958],[-3.348778,43.389362],[-3.348304,43.389179],[-3.34781,43.389011],[-3.34696,43.388816],[-3.346432,43.388741],[-3.345958,43.388702],[-3.34547,43.388681],[-3.345153,43.388693],[-3.344871,43.388705],[-3.344225,43.388771],[-3.343832,43.388848],[-3.342993,43.389059],[-3.342315,43.389325],[-3.341692,43.389593],[-3.340721,43.390126],[-3.340051,43.390446],[-3.339373,43.390682],[-3.338847,43.390803],[-3.338157,43.390934],[-3.337508,43.390987],[-3.336623,43.390998],[-3.335826,43.390986],[-3.334687,43.390902],[-3.33393,43.390829],[-3.33337,43.390744],[-3.332833,43.390637],[-3.332116,43.39044],[-3.3315,43.390218],[-3.331006,43.389997],[-3.330571,43.389751],[-3.330001,43.389354],[-3.329494,43.388932],[-3.329129,43.388516],[-3.328578,43.387759],[-3.327973,43.386973],[-3.32757,43.386571],[-3.326944,43.386106],[-3.326434,43.3858],[-3.326039,43.385592],[-3.325616,43.385412],[-3.324776,43.385106],[-3.324071,43.384877],[-3.323361,43.384694],[-3.322528,43.384562],[-3.32186,43.38452],[-3.321266,43.384523],[-3.32075,43.38456],[-3.32026,43.38462],[-3.319852,43.3847],[-3.319471,43.384796],[-3.319126,43.384895],[-3.318703,43.385049],[-3.31822,43.385258],[-3.317832,43.38546],[-3.317366,43.38574],[-3.316829,43.386158],[-3.316362,43.386644],[-3.316061,43.386998],[-3.314795,43.388674],[-3.313977,43.389893],[-3.313675,43.39039],[-3.313465,43.390847],[-3.313297,43.391396],[-3.313239,43.391788],[-3.313225,43.392193],[-3.313281,43.393114],[-3.313379,43.394084],[-3.313549,43.395001],[-3.313655,43.395391],[-3.313876,43.396056],[-3.314173,43.396814],[-3.314281,43.397216],[-3.314457,43.398007],[-3.3145,43.398288],[-3.31454,43.399098],[-3.31451,43.399469],[-3.314459,43.399678],[-3.314376,43.399888],[-3.314237,43.400156],[-3.314088,43.400388],[-3.313954,43.400571],[-3.31364,43.400924],[-3.313383,43.401165],[-3.312981,43.401494],[-3.312727,43.401651],[-3.312439,43.401797],[-3.312195,43.401896],[-3.311962,43.401964],[-3.311566,43.402049],[-3.311183,43.402102],[-3.310691,43.402141],[-3.309446,43.402144],[-3.308622,43.402116],[-3.306687,43.402078],[-3.306075,43.402091],[-3.301502,43.402254],[-3.296658,43.402432],[-3.295247,43.402458],[-3.293635,43.402424],[-3.293051,43.402397],[-3.290849,43.402229],[-3.289598,43.402087],[-3.2885,43.401934],[-3.287313,43.401735],[-3.285693,43.401414],[-3.284373,43.401105],[-3.283448,43.400863],[-3.281992,43.400417],[-3.28143,43.400203],[-3.280912,43.399963],[-3.280452,43.399698],[-3.27953,43.399126],[-3.278888,43.398763],[-3.278176,43.398449],[-3.277664,43.39828],[-3.277127,43.398135],[-3.276726,43.39806],[-3.276307,43.397993],[-3.275087,43.397869],[-3.273815,43.397797],[-3.273022,43.39778],[-3.272223,43.397807],[-3.271051,43.397869],[-3.270515,43.39792],[-3.268814,43.398126],[-3.268118,43.398176],[-3.267418,43.398168],[-3.265285,43.398006],[-3.264663,43.397993],[-3.264335,43.398002],[-3.263875,43.398039],[-3.263466,43.3981],[-3.263055,43.398171],[-3.26263,43.398282],[-3.262226,43.398395],[-3.260299,43.3991],[-3.259599,43.399308],[-3.259149,43.399406],[-3.258924,43.399448],[-3.258236,43.399523],[-3.256806,43.39959],[-3.25585,43.399607],[-3.254572,43.399601],[-3.253532,43.399479],[-3.253179,43.399406],[-3.252622,43.399264],[-3.251727,43.398947],[-3.250261,43.398369],[-3.24959,43.398142],[-3.248885,43.39794],[-3.247787,43.397716],[-3.246857,43.39759],[-3.245904,43.397497],[-3.244026,43.397476],[-3.243427,43.397453],[-3.242674,43.397396],[-3.242268,43.397339],[-3.241877,43.397274],[-3.241321,43.397152],[-3.24076,43.396999],[-3.239637,43.39667],[-3.238505,43.396308],[-3.238003,43.39612],[-3.237601,43.395933],[-3.236953,43.395541],[-3.236474,43.395169],[-3.236102,43.394815],[-3.235788,43.394455],[-3.235575,43.394142],[-3.235393,43.39382],[-3.235239,43.393462],[-3.235086,43.393002],[-3.234956,43.392508],[-3.234884,43.392222],[-3.234438,43.390499],[-3.233108,43.385412],[-3.232517,43.383755],[-3.232233,43.383072],[-3.23159,43.381747],[-3.231482,43.381563],[-3.23102,43.380778],[-3.230725,43.380317],[-3.230376,43.379856],[-3.230214,43.379684],[-3.229937,43.379405],[-3.229405,43.378964],[-3.228845,43.378616],[-3.22838,43.378378],[-3.227845,43.378167],[-3.227133,43.377946],[-3.226376,43.377795],[-3.225656,43.377693],[-3.224923,43.377622],[-3.224191,43.377503],[-3.223287,43.377282],[-3.222605,43.377052],[-3.221958,43.376771],[-3.221403,43.376475],[-3.221332,43.376435],[-3.2209,43.376149],[-3.220456,43.375809],[-3.220167,43.375542],[-3.219898,43.375261],[-3.219645,43.374959],[-3.219418,43.374638],[-3.219239,43.374306],[-3.21909,43.373937],[-3.219039,43.373761],[-3.219002,43.373584],[-3.218965,43.373164],[-3.21897,43.373003],[-3.218987,43.372773],[-3.21909,43.372373],[-3.219279,43.371904],[-3.219598,43.371398],[-3.219995,43.370899],[-3.220544,43.37013],[-3.220806,43.36958],[-3.22092,43.369216],[-3.220987,43.368618],[-3.220976,43.368098],[-3.220944,43.367854],[-3.22089,43.367608],[-3.220742,43.367117],[-3.220537,43.366684],[-3.220451,43.366551],[-3.220131,43.366085],[-3.219862,43.365773],[-3.219306,43.365271],[-3.219028,43.365045],[-3.218614,43.364689],[-3.21825,43.364304],[-3.217941,43.363834],[-3.217665,43.363253],[-3.217555,43.362663],[-3.217583,43.362057],[-3.217674,43.361699],[-3.217764,43.361453],[-3.217938,43.361087],[-3.218314,43.360405],[-3.218493,43.360033],[-3.218611,43.359728],[-3.218673,43.359416],[-3.218721,43.35891],[-3.218676,43.358525],[-3.218622,43.358277],[-3.21848,43.35783],[-3.218341,43.357559],[-3.218039,43.357116],[-3.217573,43.356607],[-3.217177,43.356238],[-3.216934,43.356012],[-3.216512,43.35554],[-3.216272,43.35514],[-3.216103,43.354771],[-3.215994,43.354392],[-3.21577,43.353056],[-3.215647,43.352633],[-3.215474,43.352221],[-3.215266,43.351907],[-3.214992,43.351562],[-3.214606,43.351188],[-3.214178,43.35087],[-3.213701,43.35059],[-3.212914,43.350229],[-3.212095,43.349944],[-3.211508,43.349785],[-3.211234,43.349725],[-3.210382,43.349583],[-3.209754,43.349521],[-3.209153,43.349502],[-3.208786,43.349506],[-3.20822,43.349526],[-3.207575,43.349593],[-3.206822,43.349716],[-3.20625,43.349853],[-3.205728,43.35],[-3.204931,43.350293],[-3.204451,43.350517],[-3.204175,43.350663],[-3.203489,43.351063],[-3.203143,43.351327],[-3.202584,43.351803],[-3.202121,43.352285],[-3.200239,43.354615],[-3.198395,43.356898],[-3.198108,43.357232],[-3.197789,43.35754],[-3.197492,43.357775],[-3.197039,43.358088],[-3.196363,43.358439],[-3.195628,43.358779],[-3.195212,43.358989],[-3.194864,43.359197],[-3.19454,43.359429],[-3.194331,43.359603],[-3.193178,43.360674],[-3.192774,43.361014],[-3.192538,43.361183],[-3.192248,43.361353],[-3.191974,43.36149],[-3.191536,43.361642],[-3.191191,43.36174],[-3.190899,43.3618],[-3.190301,43.361862],[-3.189777,43.361855],[-3.189474,43.361832],[-3.188866,43.361716],[-3.188351,43.361539],[-3.18781,43.361289],[-3.187454,43.361103],[-3.187115,43.360889],[-3.186797,43.360684],[-3.186499,43.360453],[-3.186116,43.360112],[-3.185169,43.359085],[-3.183831,43.357605],[-3.183387,43.35707],[-3.182877,43.356413],[-3.182235,43.355561],[-3.181792,43.355092],[-3.181545,43.354869],[-3.181094,43.35454],[-3.180582,43.354236],[-3.180047,43.353972],[-3.179444,43.353763],[-3.179037,43.353664],[-3.178531,43.353569],[-3.178128,43.353529],[-3.177736,43.353514],[-3.177265,43.353522],[-3.176795,43.353549],[-3.174997,43.353773],[-3.174644,43.353804],[-3.172857,43.354005],[-3.172258,43.354043],[-3.171513,43.35401],[-3.171088,43.353943],[-3.170765,43.353888],[-3.170392,43.353786],[-3.16985,43.353602],[-3.169578,43.353483],[-3.169288,43.353341],[-3.168994,43.353166],[-3.168711,43.352968],[-3.168402,43.352708],[-3.168239,43.352554],[-3.167875,43.352153],[-3.166643,43.350631],[-3.166071,43.349988],[-3.165563,43.349495],[-3.165281,43.349257],[-3.164911,43.348978],[-3.164508,43.348669],[-3.164073,43.348398],[-3.163619,43.348132],[-3.162029,43.347259],[-3.16095,43.346558],[-3.160046,43.345805],[-3.158442,43.344414],[-3.157868,43.343975],[-3.157103,43.343452],[-3.156463,43.343068],[-3.155704,43.342673],[-3.15524,43.342452],[-3.154455,43.342127],[-3.15399,43.341948],[-3.153755,43.341873],[-3.153405,43.341749],[-3.153091,43.34166],[-3.15254,43.341544],[-3.152205,43.341498],[-3.151853,43.341472],[-3.151298,43.341468],[-3.150831,43.341506],[-3.150543,43.341548],[-3.150019,43.341659],[-3.149685,43.341758],[-3.148938,43.342063],[-3.148668,43.342204],[-3.148133,43.342472],[-3.147435,43.342805],[-3.147041,43.342952],[-3.146724,43.343057],[-3.146248,43.343168],[-3.145821,43.343238],[-3.145408,43.343274],[-3.144714,43.343284],[-3.143962,43.343202],[-3.143067,43.343068],[-3.141895,43.342946],[-3.140334,43.342839],[-3.13934,43.342719],[-3.138666,43.342596],[-3.136323,43.342054],[-3.135717,43.341933],[-3.134572,43.341749],[-3.133879,43.341664],[-3.132881,43.341581],[-3.132294,43.341553],[-3.130931,43.34154],[-3.129938,43.341582],[-3.128635,43.341698],[-3.12486,43.342236],[-3.124389,43.342273],[-3.124093,43.342278],[-3.123844,43.342264],[-3.123419,43.342227],[-3.12303,43.342164],[-3.122639,43.342072],[-3.122062,43.341885],[-3.121518,43.341619],[-3.121267,43.341473],[-3.121015,43.341309],[-3.120573,43.340947],[-3.12018,43.340634],[-3.119838,43.3404],[-3.119517,43.340225],[-3.118849,43.339906],[-3.118563,43.339811],[-3.118294,43.339724],[-3.117809,43.339605],[-3.117403,43.339537],[-3.116775,43.339482],[-3.116321,43.339479],[-3.11603,43.339491],[-3.115437,43.339547],[-3.114775,43.339682],[-3.114167,43.339883],[-3.112698,43.340472],[-3.112291,43.340606],[-3.111749,43.340731],[-3.111402,43.340783],[-3.111049,43.340815],[-3.110643,43.340829],[-3.109987,43.340809],[-3.109195,43.340692],[-3.108768,43.340586],[-3.10841,43.340466],[-3.108053,43.340325],[-3.107746,43.340171],[-3.107459,43.340004],[-3.107135,43.339794],[-3.106858,43.33958],[-3.106452,43.339172],[-3.106263,43.338935],[-3.106061,43.338627],[-3.105903,43.338291],[-3.105766,43.337946],[-3.105547,43.337244],[-3.105339,43.336701],[-3.105127,43.336241],[-3.104976,43.335954],[-3.104712,43.335517],[-3.104551,43.335274],[-3.104166,43.334761],[-3.103836,43.33438],[-3.103499,43.334025],[-3.102767,43.333345],[-3.100747,43.331589],[-3.099435,43.330499],[-3.098257,43.329554],[-3.097836,43.32925],[-3.097529,43.329059],[-3.097104,43.328832],[-3.096734,43.328669],[-3.096356,43.328526],[-3.095765,43.328347],[-3.095101,43.328206],[-3.094523,43.328125],[-3.094067,43.32809],[-3.093716,43.32808],[-3.093259,43.328087],[-3.092649,43.328133],[-3.091959,43.328246],[-3.091283,43.328412],[-3.090685,43.328617],[-3.09006,43.328895],[-3.088682,43.329565],[-3.088028,43.329811],[-3.087598,43.329932],[-3.087122,43.330033],[-3.086665,43.330104],[-3.085747,43.330188],[-3.08507,43.330166],[-3.084722,43.330139],[-3.084185,43.330064],[-3.082917,43.329843],[-3.082177,43.329745],[-3.081434,43.32971],[-3.080643,43.32974],[-3.07998,43.329826],[-3.077807,43.330262],[-3.077378,43.330322],[-3.077027,43.330354],[-3.076639,43.33037],[-3.075854,43.330355],[-3.07519,43.330302],[-3.074375,43.330178],[-3.07348,43.329954],[-3.072929,43.329768],[-3.072342,43.329545],[-3.071347,43.329118],[-3.070729,43.328856],[-3.069158,43.328117],[-3.064326,43.325704],[-3.062989,43.325119],[-3.062084,43.324751],[-3.060891,43.324302],[-3.058751,43.323581],[-3.05748,43.32321],[-3.055819,43.322705],[-3.055146,43.322467],[-3.054817,43.322336],[-3.054079,43.321993],[-3.053226,43.321454],[-3.052675,43.321059],[-3.052469,43.320895],[-3.052036,43.320505],[-3.051622,43.320057],[-3.051377,43.319764],[-3.051146,43.319415],[-3.050536,43.318457],[-3.050281,43.318087],[-3.050067,43.317807],[-3.049765,43.317462],[-3.049238,43.316921],[-3.048765,43.316484],[-3.048213,43.31605],[-3.047809,43.315774],[-3.047244,43.315431],[-3.046781,43.315184],[-3.04546,43.314615],[-3.044795,43.314364],[-3.043461,43.313867],[-3.042223,43.313413],[-3.041572,43.313204],[-3.040616,43.312925],[-3.039522,43.312646],[-3.038287,43.312381],[-3.037316,43.312205],[-3.03495,43.311861],[-3.034137,43.311713],[-3.033498,43.311558],[-3.032697,43.311299],[-3.032227,43.311111],[-3.031739,43.310885],[-3.031197,43.310585],[-3.030768,43.31031],[-3.030467,43.310089],[-3.030208,43.309855],[-3.029917,43.309594],[-3.029397,43.309057],[-3.028923,43.308486],[-3.02822,43.307706],[-3.027977,43.307467],[-3.027555,43.307105],[-3.027021,43.306712],[-3.026227,43.306196],[-3.025868,43.30594],[-3.025575,43.305697],[-3.025312,43.305445],[-3.025018,43.30511],[-3.024781,43.304763],[-3.024652,43.304549],[-3.024514,43.304259],[-3.024367,43.30385],[-3.024097,43.302677],[-3.023917,43.302188],[-3.023793,43.301961],[-3.023231,43.301151],[-3.022708,43.300586],[-3.022301,43.300138],[-3.021868,43.2996],[-3.02169,43.299338],[-3.021272,43.298645],[-3.020931,43.297967],[-3.020554,43.297281],[-3.020039,43.296509],[-3.019754,43.296143],[-3.019383,43.29572],[-3.018973,43.295299],[-3.018661,43.295009],[-3.01783,43.294337],[-3.017281,43.293956],[-3.016873,43.293701],[-3.016171,43.293305],[-3.015375,43.29292],[-3.014817,43.292673],[-3.012264,43.291772],[-3.011326,43.291413],[-3.010593,43.291114],[-3.009848,43.29079],[-3.006588,43.289335],[-3.006067,43.289086],[-3.002374,43.287441],[-3.00117,43.28692],[-3.000618,43.286674],[-2.999092,43.286008],[-2.997306,43.2852],[-2.996549,43.2849],[-2.995798,43.284661],[-2.995256,43.284536],[-2.994637,43.284428],[-2.993717,43.284352],[-2.992963,43.284372],[-2.992498,43.284419],[-2.990798,43.2848],[-2.990452,43.284857],[-2.990112,43.284893],[-2.989119,43.284965],[-2.988436,43.285065],[-2.987935,43.285189],[-2.987504,43.285324],[-2.98698,43.28555],[-2.986645,43.285739],[-2.986263,43.28602],[-2.986132,43.286149],[-2.986025,43.286283],[-2.985869,43.28655],[-2.985779,43.286831],[-2.985688,43.287805],[-2.985626,43.288559],[-2.985521,43.289364],[-2.985498,43.289651],[-2.985416,43.290188],[-2.985292,43.290645],[-2.985176,43.290926],[-2.984908,43.291422],[-2.984739,43.291662],[-2.984549,43.291889],[-2.984226,43.292212],[-2.98399,43.292409],[-2.983814,43.292533],[-2.983247,43.292869],[-2.982849,43.293059],[-2.981992,43.293461],[-2.981458,43.293709],[-2.981209,43.293802],[-2.980653,43.293988],[-2.979957,43.29419],[-2.979179,43.294374],[-2.97775,43.294642],[-2.971533,43.295747],[-2.970129,43.296006],[-2.969618,43.296114],[-2.969173,43.296235],[-2.968456,43.296495],[-2.968146,43.296636],[-2.967735,43.296854],[-2.96708,43.297278],[-2.966747,43.297558],[-2.966337,43.297969],[-2.966038,43.298331],[-2.965787,43.298717],[-2.965048,43.299876],[-2.964665,43.300343],[-2.964366,43.300613],[-2.964127,43.300778],[-2.963894,43.300937],[-2.963654,43.30107],[-2.963257,43.30126],[-2.962632,43.301472],[-2.962147,43.301571],[-2.961652,43.301616],[-2.961168,43.301598],[-2.960826,43.301566],[-2.960322,43.301472],[-2.959834,43.301316],[-2.959429,43.301126],[-2.959233,43.300997],[-2.958138,43.300311],[-2.957813,43.300141],[-2.957494,43.300008],[-2.957291,43.299934],[-2.955121,43.299286],[-2.954408,43.299065],[-2.951053,43.298067],[-2.950509,43.297881],[-2.949762,43.297598],[-2.949182,43.29732],[-2.948217,43.296759],[-2.947483,43.296295],[-2.946719,43.295759],[-2.945922,43.295163],[-2.94541,43.294737],[-2.945015,43.294365],[-2.94472,43.294039],[-2.944457,43.293692],[-2.944294,43.293438],[-2.944027,43.292934],[-2.943452,43.291542],[-2.943302,43.291242],[-2.942957,43.290686],[-2.942736,43.290382],[-2.942232,43.28977],[-2.941732,43.28927],[-2.941125,43.288763],[-2.940542,43.288329],[-2.939899,43.287937],[-2.939562,43.287704],[-2.938856,43.287309],[-2.938562,43.287102],[-2.937958,43.286483],[-2.937807,43.286354],[-2.93746,43.286145],[-2.937133,43.285983],[-2.936951,43.285885],[-2.936825,43.285709],[-2.936671,43.285574],[-2.936474,43.285434],[-2.935967,43.285154],[-2.935742,43.285053],[-2.93547,43.285033],[-2.934858,43.284685],[-2.934191,43.284042],[-2.933949,43.283771],[-2.933701,43.283465],[-2.93352,43.283208],[-2.933333,43.282739],[-2.933285,43.282491],[-2.932084,43.272448],[-2.93207,43.272314],[-2.932066,43.272282],[-2.931995,43.2719],[-2.931912,43.271747],[-2.931511,43.271263],[-2.931386,43.271086],[-2.931282,43.270877],[-2.931245,43.270553],[-2.931248,43.270329],[-2.93128,43.270186],[-2.931335,43.270069],[-2.931472,43.269793],[-2.931577,43.269663],[-2.932368,43.268885],[-2.932561,43.268655],[-2.932835,43.268262],[-2.932963,43.267998],[-2.932984,43.267957],[-2.933049,43.267805],[-2.933338,43.266972],[-2.933582,43.266412],[-2.933813,43.265849],[-2.934121,43.265115],[-2.934576,43.264008],[-2.934836,43.263377],[-2.935126,43.263404],[-2.935274,43.263388],[-2.935459,43.263338],[-2.935587,43.263257],[-2.935626,43.263206],[-2.935676,43.263088],[-2.93568,43.263027],[-2.935634,43.262922],[-2.935514,43.262785],[-2.935357,43.26271],[-2.93513,43.262633],[-2.934868,43.262619],[-2.934737,43.262634],[-2.934518,43.262702],[-2.934416,43.262787],[-2.93436,43.262924],[-2.934387,43.263077],[-2.934456,43.263188],[-2.934582,43.263268]]}}]}
